<?xml version="1.0" encoding="UTF-8"?><definitions xmlns="http://www.omg.org/spec/BPMN/20100524/MODEL" xmlns:bpmndi="http://www.omg.org/spec/BPMN/20100524/DI" xmlns:omgdc="http://www.omg.org/spec/DD/20100524/DC" xmlns:omgdi="http://www.omg.org/spec/DD/20100524/DI" xmlns:signavio="http://www.signavio.com" xmlns:xsi="http://www.w3.org/2001/XMLSchema-instance" exporter="Signavio Process Editor, http://www.signavio.com" exporterVersion="11.10.0" expressionLanguage="http://www.w3.org/TR/XPath" id="sid-85a0d4fe-aedb-462e-9e59-7c1bb795449c" targetNamespace="http://www.signavio.com" typeLanguage="http://www.w3.org/2001/XMLSchema" xsi:schemaLocation="http://www.omg.org/spec/BPMN/20100524/MODEL http://www.omg.org/spec/BPMN/2.0/20100501/BPMN20.xsd">
   <dataStore capacity="0" id="sid-74c281c4-1d4a-47c2-a53f-8ab48fa1dd2e" isUnlimited="false" name="Event's data source"/>
   <error id="sid-03e4b120-a0f8-42e4-b88d-4cd077012db4"/>
   <process id="sid-2607ba8a-673e-42bb-8a60-d12d903f7c6e" isClosed="false" isExecutable="false" processType="None">
      <extensionElements>
         <signavio:signavioDiagramMetaData metaKey="businessunit" metaValue=""/>
         <signavio:signavioDiagramMetaData metaKey="iso9000ff" metaValue=""/>
         <signavio:signavioDiagramMetaData metaKey="processowner" metaValue=""/>
         <signavio:signavioDiagramMetaData metaKey="processgoal" metaValue=""/>
         <signavio:signavioDiagramMetaData metaKey="soxrelevant" metaValue=""/>
         <signavio:signavioDiagramMetaData metaKey="revisionid" metaValue="f8aece331c624bfa9452280cbf3c4552"/>
      </extensionElements>
      <startEvent id="sid-D048E5D3-63FD-4DCA-A14E-9FA125336FEE" name="">
         <extensionElements>
            <signavio:signavioMetaData metaKey="bgcolor" metaValue="#ffffff"/>
            <signavio:signavioMetaData metaKey="bordercolor" metaValue="#000000"/>
         </extensionElements>
         <outgoing>sid-B058F88E-FDFD-431B-8701-9D7B35C5E824</outgoing>
      </startEvent>
      <userTask completionQuantity="1" id="sid-183FCB2B-A0CB-42A6-9E24-5A8BAD2D4660" implementation="##WebService" isForCompensation="false" name="Select the type of events to show" startQuantity="1">
         <extensionElements>
            <signavio:signavioMetaData metaKey="bgcolor" metaValue="#ffffcc"/>
            <signavio:signavioMetaData metaKey="bordercolor" metaValue="#000000"/>
            <signavio:signavioMetaData metaKey="risklevel" metaValue=""/>
            <signavio:signavioMetaData metaKey="externaldocuments" metaValue="[]"/>
         </extensionElements>
         <incoming>sid-B058F88E-FDFD-431B-8701-9D7B35C5E824</incoming>
         <outgoing>sid-3E67E98B-8C26-4FDD-9C46-A09135F62E17</outgoing>
      </userTask>
      <userTask completionQuantity="1" id="sid-F63C5F22-A7FA-429B-B00C-8D9E9BF232B4" implementation="##WebService" isForCompensation="false" name="Enable the hot spots and weaknesses on the map" startQuantity="1">
         <extensionElements>
            <signavio:signavioMetaData metaKey="bgcolor" metaValue="#ffffcc"/>
            <signavio:signavioMetaData metaKey="bordercolor" metaValue="#000000"/>
            <signavio:signavioMetaData metaKey="risklevel" metaValue=""/>
            <signavio:signavioMetaData metaKey="externaldocuments" metaValue="[]"/>
         </extensionElements>
         <incoming>sid-B3889DEB-5801-4491-994D-D783058A09D0</incoming>
         <outgoing>sid-61E42859-28D8-4CFA-803D-C2A2C127B021</outgoing>
      </userTask>
      <endEvent id="sid-BFB7FC6F-4323-4B59-A6BB-4F361838700B" name="Traffic event successfully added">
         <extensionElements>
            <signavio:signavioMetaData metaKey="bgcolor" metaValue="#ffffff"/>
            <signavio:signavioMetaData metaKey="bordercolor" metaValue="#000000"/>
         </extensionElements>
         <incoming>sid-61E42859-28D8-4CFA-803D-C2A2C127B021</incoming>
      </endEvent>
      <exclusiveGateway gatewayDirection="Mixed" id="sid-D0BA20AC-0DA7-4286-BD75-823077C28B65" name="Data source exists?">
         <extensionElements>
            <signavio:signavioMetaData metaKey="bgcolor" metaValue="#ffffff"/>
            <signavio:signavioMetaData metaKey="bordercolor" metaValue="#000000"/>
            <signavio:signavioLabel align="center" ref="text_name" valign="middle" x="31.0" y="61.0"/>
         </extensionElements>
         <incoming>sid-3E67E98B-8C26-4FDD-9C46-A09135F62E17</incoming>
         <incoming>sid-16148FEE-4A59-4BB8-BBAF-8D691710CB6F</incoming>
         <outgoing>sid-0DF9C444-3F43-4677-A10D-B63BEFA19DC2</outgoing>
         <outgoing>sid-88A323CF-A0A9-41ED-99FB-7BA345A6F332</outgoing>
      </exclusiveGateway>
      <userTask completionQuantity="1" id="sid-1682B431-FF77-4D50-AC3E-27600B2D3BF2" implementation="##WebService" isForCompensation="false" name="Add the source" startQuantity="1">
         <extensionElements>
            <signavio:signavioMetaData metaKey="bgcolor" metaValue="#ffffcc"/>
            <signavio:signavioMetaData metaKey="bordercolor" metaValue="#000000"/>
            <signavio:signavioMetaData metaKey="risklevel" metaValue=""/>
            <signavio:signavioMetaData metaKey="externaldocuments" metaValue="[]"/>
         </extensionElements>
         <incoming>sid-0DF9C444-3F43-4677-A10D-B63BEFA19DC2</incoming>
         <outgoing>sid-08D7FCD5-43F3-4F63-8221-4A396FEC8C71</outgoing>
      </userTask>
      <userTask completionQuantity="1" id="sid-E0760A4B-197E-4967-9A3C-33DAE56D3616" implementation="##WebService" isForCompensation="false" name="Select a data source" startQuantity="1">
         <extensionElements>
            <signavio:signavioMetaData metaKey="bgcolor" metaValue="#ffffcc"/>
            <signavio:signavioMetaData metaKey="bordercolor" metaValue="#000000"/>
            <signavio:signavioMetaData metaKey="risklevel" metaValue=""/>
            <signavio:signavioMetaData metaKey="externaldocuments" metaValue="[]"/>
         </extensionElements>
         <incoming>sid-88A323CF-A0A9-41ED-99FB-7BA345A6F332</incoming>
         <incoming>sid-08D7FCD5-43F3-4F63-8221-4A396FEC8C71</incoming>
         <outgoing>sid-B3889DEB-5801-4491-994D-D783058A09D0</outgoing>
         <dataInputAssociation id="sid-5D3B63B1-60A2-493F-BAA7-EC886DF6ECDA">
            <extensionElements>
               <signavio:signavioMetaData metaKey="bordercolor" metaValue="#000000"/>
            </extensionElements>
            <sourceRef>sid-3DA28519-B0D4-47B8-8E79-D76F14DA67EC</sourceRef>
            <targetRef>sid-E0760A4B-197E-4967-9A3C-33DAE56D3616</targetRef>
         </dataInputAssociation>
      </userTask>
      <boundaryEvent attachedToRef="sid-E0760A4B-197E-4967-9A3C-33DAE56D3616" cancelActivity="true" id="sid-6988CCAE-391D-4B3B-9153-E15C2BCEA84E" name="Data source is not reachable" parallelMultiple="false">
         <outgoing>sid-DC77D79D-9CD2-4487-AC1A-BDF4DAAEDAF5</outgoing>
         <errorEventDefinition errorRef="sid-03e4b120-a0f8-42e4-b88d-4cd077012db4" id="sid-c4acd7e6-53e6-497f-8f66-77700ad339b4"/>
      </boundaryEvent>
      <sendTask completionQuantity="1" id="sid-68871BC8-51BD-4838-BB3E-F5669A4F58BE" implementation="##WebService" isForCompensation="false" name="Inform user about the problem" startQuantity="1">
         <extensionElements>
            <signavio:signavioMetaData metaKey="bgcolor" metaValue="#ffffcc"/>
            <signavio:signavioMetaData metaKey="bordercolor" metaValue="#000000"/>
            <signavio:signavioMetaData metaKey="risklevel" metaValue=""/>
            <signavio:signavioMetaData metaKey="externaldocuments" metaValue="[]"/>
         </extensionElements>
         <incoming>sid-DC77D79D-9CD2-4487-AC1A-BDF4DAAEDAF5</incoming>
         <incoming>sid-D4BD76B0-B80A-49C3-97A5-4F5A99B84696</incoming>
         <outgoing>sid-16148FEE-4A59-4BB8-BBAF-8D691710CB6F</outgoing>
      </sendTask>
      <boundaryEvent attachedToRef="sid-1682B431-FF77-4D50-AC3E-27600B2D3BF2" cancelActivity="true" id="sid-17F2945A-CF30-40D9-9365-91B2A5A785E3" name="Data source is not reachable" parallelMultiple="false">
         <outgoing>sid-D4BD76B0-B80A-49C3-97A5-4F5A99B84696</outgoing>
         <errorEventDefinition errorRef="sid-03e4b120-a0f8-42e4-b88d-4cd077012db4" id="sid-5fb68837-ba49-4d11-ad80-510092935cbc"/>
      </boundaryEvent>
      <boundaryEvent attachedToRef="sid-183FCB2B-A0CB-42A6-9E24-5A8BAD2D4660" cancelActivity="true" id="sid-4BFFA414-7F6C-460F-BD5E-54B0148F3744" name="Cancelled" parallelMultiple="false">
         <outgoing>sid-21F54504-E8DC-438C-ADEF-1190646AF988</outgoing>
         <errorEventDefinition errorRef="sid-03e4b120-a0f8-42e4-b88d-4cd077012db4" id="sid-a0989a12-df15-4d24-98b0-b42182f81190"/>
      </boundaryEvent>
      <boundaryEvent attachedToRef="sid-1682B431-FF77-4D50-AC3E-27600B2D3BF2" cancelActivity="true" id="sid-F07A9A11-EB4D-4B3F-BA5B-2F05236A37CD" name="Cancelled" parallelMultiple="false">
         <outgoing>sid-3E11B3BC-D462-4989-B44A-AF6723C8B6F1</outgoing>
         <errorEventDefinition errorRef="sid-03e4b120-a0f8-42e4-b88d-4cd077012db4" id="sid-4b860b0d-1a2e-4b73-8e34-8882c44142dc"/>
      </boundaryEvent>
      <boundaryEvent attachedToRef="sid-E0760A4B-197E-4967-9A3C-33DAE56D3616" cancelActivity="true" id="sid-9E8775C8-701B-47D7-B9AA-FF101F268572" name="Cancelled" parallelMultiple="false">
         <outgoing>sid-E13ED36E-7423-418D-A6D7-FC5E0F0EF437</outgoing>
         <errorEventDefinition errorRef="sid-03e4b120-a0f8-42e4-b88d-4cd077012db4" id="sid-c81e4f82-d18f-44d0-b4db-95325f8f6881"/>
      </boundaryEvent>
      <boundaryEvent attachedToRef="sid-F63C5F22-A7FA-429B-B00C-8D9E9BF232B4" cancelActivity="true" id="sid-BB42F7D3-3F15-4F1B-BAA9-AAD50ECD214D" name="Cancelled" parallelMultiple="false">
         <outgoing>sid-1FC09F7D-AA18-4C94-AB90-292605C3C0AC</outgoing>
         <errorEventDefinition errorRef="sid-03e4b120-a0f8-42e4-b88d-4cd077012db4" id="sid-3c1ece16-e67b-465e-bda2-19a6cbe68dd0"/>
      </boundaryEvent>
      <endEvent id="sid-2F519E89-A284-4AF6-AED5-A30B3AA85472" name="Adding of the traffic event cancelled">
         <extensionElements>
            <signavio:signavioMetaData metaKey="bgcolor" metaValue="#ffffff"/>
            <signavio:signavioMetaData metaKey="bordercolor" metaValue="#000000"/>
         </extensionElements>
         <incoming>sid-21F54504-E8DC-438C-ADEF-1190646AF988</incoming>
         <incoming>sid-3E11B3BC-D462-4989-B44A-AF6723C8B6F1</incoming>
         <incoming>sid-1FC09F7D-AA18-4C94-AB90-292605C3C0AC</incoming>
         <incoming>sid-E13ED36E-7423-418D-A6D7-FC5E0F0EF437</incoming>
      </endEvent>
      <sequenceFlow id="sid-B058F88E-FDFD-431B-8701-9D7B35C5E824" name="" sourceRef="sid-D048E5D3-63FD-4DCA-A14E-9FA125336FEE" targetRef="sid-183FCB2B-A0CB-42A6-9E24-5A8BAD2D4660">
         <extensionElements>
            <signavio:signavioMetaData metaKey="bordercolor" metaValue="#000000"/>
         </extensionElements>
      </sequenceFlow>
      <sequenceFlow id="sid-61E42859-28D8-4CFA-803D-C2A2C127B021" name="" sourceRef="sid-F63C5F22-A7FA-429B-B00C-8D9E9BF232B4" targetRef="sid-BFB7FC6F-4323-4B59-A6BB-4F361838700B">
         <extensionElements>
            <signavio:signavioMetaData metaKey="bordercolor" metaValue="#000000"/>
         </extensionElements>
      </sequenceFlow>
      <sequenceFlow id="sid-0DF9C444-3F43-4677-A10D-B63BEFA19DC2" name="No" sourceRef="sid-D0BA20AC-0DA7-4286-BD75-823077C28B65" targetRef="sid-1682B431-FF77-4D50-AC3E-27600B2D3BF2">
         <extensionElements>
            <signavio:signavioMetaData metaKey="bordercolor" metaValue="#000000"/>
         </extensionElements>
      </sequenceFlow>
      <sequenceFlow id="sid-3E67E98B-8C26-4FDD-9C46-A09135F62E17" name="" sourceRef="sid-183FCB2B-A0CB-42A6-9E24-5A8BAD2D4660" targetRef="sid-D0BA20AC-0DA7-4286-BD75-823077C28B65">
         <extensionElements>
            <signavio:signavioMetaData metaKey="bordercolor" metaValue="#000000"/>
         </extensionElements>
      </sequenceFlow>
      <sequenceFlow id="sid-B3889DEB-5801-4491-994D-D783058A09D0" name="" sourceRef="sid-E0760A4B-197E-4967-9A3C-33DAE56D3616" targetRef="sid-F63C5F22-A7FA-429B-B00C-8D9E9BF232B4">
         <extensionElements>
            <signavio:signavioMetaData metaKey="bordercolor" metaValue="#000000"/>
         </extensionElements>
      </sequenceFlow>
      <sequenceFlow id="sid-88A323CF-A0A9-41ED-99FB-7BA345A6F332" name="Yes" sourceRef="sid-D0BA20AC-0DA7-4286-BD75-823077C28B65" targetRef="sid-E0760A4B-197E-4967-9A3C-33DAE56D3616">
         <extensionElements>
            <signavio:signavioMetaData metaKey="bordercolor" metaValue="#000000"/>
         </extensionElements>
      </sequenceFlow>
      <sequenceFlow id="sid-08D7FCD5-43F3-4F63-8221-4A396FEC8C71" name="" sourceRef="sid-1682B431-FF77-4D50-AC3E-27600B2D3BF2" targetRef="sid-E0760A4B-197E-4967-9A3C-33DAE56D3616">
         <extensionElements>
            <signavio:signavioMetaData metaKey="bordercolor" metaValue="#000000"/>
         </extensionElements>
      </sequenceFlow>
      <sequenceFlow id="sid-DC77D79D-9CD2-4487-AC1A-BDF4DAAEDAF5" name="" sourceRef="sid-6988CCAE-391D-4B3B-9153-E15C2BCEA84E" targetRef="sid-68871BC8-51BD-4838-BB3E-F5669A4F58BE">
         <extensionElements>
            <signavio:signavioMetaData metaKey="bordercolor" metaValue="#FF9900"/>
         </extensionElements>
      </sequenceFlow>
      <sequenceFlow id="sid-16148FEE-4A59-4BB8-BBAF-8D691710CB6F" name="" sourceRef="sid-68871BC8-51BD-4838-BB3E-F5669A4F58BE" targetRef="sid-D0BA20AC-0DA7-4286-BD75-823077C28B65">
         <extensionElements>
            <signavio:signavioMetaData metaKey="bordercolor" metaValue="#000000"/>
         </extensionElements>
      </sequenceFlow>
      <sequenceFlow id="sid-D4BD76B0-B80A-49C3-97A5-4F5A99B84696" name="" sourceRef="sid-17F2945A-CF30-40D9-9365-91B2A5A785E3" targetRef="sid-68871BC8-51BD-4838-BB3E-F5669A4F58BE">
         <extensionElements>
            <signavio:signavioMetaData metaKey="bordercolor" metaValue="#FF9900"/>
         </extensionElements>
      </sequenceFlow>
      <sequenceFlow id="sid-21F54504-E8DC-438C-ADEF-1190646AF988" name="" sourceRef="sid-4BFFA414-7F6C-460F-BD5E-54B0148F3744" targetRef="sid-2F519E89-A284-4AF6-AED5-A30B3AA85472">
         <extensionElements>
            <signavio:signavioMetaData metaKey="bordercolor" metaValue="#FF9900"/>
         </extensionElements>
      </sequenceFlow>
      <sequenceFlow id="sid-3E11B3BC-D462-4989-B44A-AF6723C8B6F1" name="" sourceRef="sid-F07A9A11-EB4D-4B3F-BA5B-2F05236A37CD" targetRef="sid-2F519E89-A284-4AF6-AED5-A30B3AA85472">
         <extensionElements>
            <signavio:signavioMetaData metaKey="bordercolor" metaValue="#FF9900"/>
         </extensionElements>
      </sequenceFlow>
      <sequenceFlow id="sid-1FC09F7D-AA18-4C94-AB90-292605C3C0AC" name="" sourceRef="sid-BB42F7D3-3F15-4F1B-BAA9-AAD50ECD214D" targetRef="sid-2F519E89-A284-4AF6-AED5-A30B3AA85472">
         <extensionElements>
            <signavio:signavioMetaData metaKey="bordercolor" metaValue="#FF9900"/>
         </extensionElements>
      </sequenceFlow>
      <sequenceFlow id="sid-E13ED36E-7423-418D-A6D7-FC5E0F0EF437" name="" sourceRef="sid-9E8775C8-701B-47D7-B9AA-FF101F268572" targetRef="sid-2F519E89-A284-4AF6-AED5-A30B3AA85472">
         <extensionElements>
            <signavio:signavioMetaData metaKey="bordercolor" metaValue="#FF9900"/>
         </extensionElements>
      </sequenceFlow>
      <dataStoreReference dataStoreRef="sid-74c281c4-1d4a-47c2-a53f-8ab48fa1dd2e" id="sid-3DA28519-B0D4-47B8-8E79-D76F14DA67EC" name="Event's data source">
         <extensionElements>
            <signavio:signavioMetaData metaKey="bgcolor" metaValue="#ffffff"/>
            <signavio:signavioMetaData metaKey="bordercolor" metaValue="#000000"/>
         </extensionElements>
      </dataStoreReference>
   </process>
   <bpmndi:BPMNDiagram id="sid-a9c1629d-16e4-43cf-af2f-f5df3865ab7a">
      <bpmndi:BPMNPlane bpmnElement="sid-2607ba8a-673e-42bb-8a60-d12d903f7c6e" id="sid-0e5fd0ef-543b-4296-9752-6e8d7c7a54bd">
         <bpmndi:BPMNShape bpmnElement="sid-D048E5D3-63FD-4DCA-A14E-9FA125336FEE" id="sid-D048E5D3-63FD-4DCA-A14E-9FA125336FEE_gui">
            <omgdc:Bounds height="30.0" width="30.0" x="60.0" y="330.0"/>
         </bpmndi:BPMNShape>
         <bpmndi:BPMNShape bpmnElement="sid-183FCB2B-A0CB-42A6-9E24-5A8BAD2D4660" id="sid-183FCB2B-A0CB-42A6-9E24-5A8BAD2D4660_gui">
            <omgdc:Bounds height="80.0" width="100.0" x="135.0" y="305.0"/>
            <bpmndi:BPMNLabel labelStyle="sid-a7dfc6cc-fba3-4037-85f4-804e7051f6ca">
               <omgdc:Bounds height="36.0" width="81.77142333984375" x="144.11428833007812" y="325.0"/>
            </bpmndi:BPMNLabel>
         </bpmndi:BPMNShape>
         <bpmndi:BPMNShape bpmnElement="sid-F63C5F22-A7FA-429B-B00C-8D9E9BF232B4" id="sid-F63C5F22-A7FA-429B-B00C-8D9E9BF232B4_gui">
            <omgdc:Bounds height="80.0" width="100.0" x="585.0" y="305.0"/>
            <bpmndi:BPMNLabel labelStyle="sid-a7dfc6cc-fba3-4037-85f4-804e7051f6ca">
               <omgdc:Bounds height="48.0" width="82.5428466796875" x="593.7285766601562" y="319.0"/>
            </bpmndi:BPMNLabel>
         </bpmndi:BPMNShape>
         <bpmndi:BPMNShape bpmnElement="sid-BFB7FC6F-4323-4B59-A6BB-4F361838700B" id="sid-BFB7FC6F-4323-4B59-A6BB-4F361838700B_gui">
            <omgdc:Bounds height="28.0" width="28.0" x="765.0" y="331.0"/>
            <bpmndi:BPMNLabel labelStyle="sid-da02b478-27f4-4cd6-909c-744e32c2fc3e">
               <omgdc:Bounds height="11.0" width="157.69285583496094" x="700.1535720825195" y="361.0"/>
            </bpmndi:BPMNLabel>
         </bpmndi:BPMNShape>
         <bpmndi:BPMNShape bpmnElement="sid-D0BA20AC-0DA7-4286-BD75-823077C28B65" id="sid-D0BA20AC-0DA7-4286-BD75-823077C28B65_gui" isMarkerVisible="true">
            <omgdc:Bounds height="40.0" width="40.0" x="306.7359711570337" y="325.0"/>
            <bpmndi:BPMNLabel labelStyle="sid-da02b478-27f4-4cd6-909c-744e32c2fc3e">
               <omgdc:Bounds height="12.0" width="108.0" x="283.7359711570337" y="378.0"/>
            </bpmndi:BPMNLabel>
         </bpmndi:BPMNShape>
         <bpmndi:BPMNShape bpmnElement="sid-1682B431-FF77-4D50-AC3E-27600B2D3BF2" id="sid-1682B431-FF77-4D50-AC3E-27600B2D3BF2_gui">
            <omgdc:Bounds height="80.0" width="100.0" x="360.0" y="180.0"/>
            <bpmndi:BPMNLabel labelStyle="sid-a7dfc6cc-fba3-4037-85f4-804e7051f6ca">
               <omgdc:Bounds height="12.0" width="83.31428527832031" x="368.34285736083984" y="212.0"/>
            </bpmndi:BPMNLabel>
         </bpmndi:BPMNShape>
         <bpmndi:BPMNShape bpmnElement="sid-E0760A4B-197E-4967-9A3C-33DAE56D3616" id="sid-E0760A4B-197E-4967-9A3C-33DAE56D3616_gui">
            <omgdc:Bounds height="80.0" width="100.0" x="440.0" y="305.0"/>
            <bpmndi:BPMNLabel labelStyle="sid-a7dfc6cc-fba3-4037-85f4-804e7051f6ca">
               <omgdc:Bounds height="24.0" width="70.19999694824219" x="454.9000015258789" y="331.0"/>
            </bpmndi:BPMNLabel>
         </bpmndi:BPMNShape>
         <bpmndi:BPMNShape bpmnElement="sid-6988CCAE-391D-4B3B-9153-E15C2BCEA84E" id="sid-6988CCAE-391D-4B3B-9153-E15C2BCEA84E_gui">
            <omgdc:Bounds height="30.0" width="30.0" x="433.24840245026115" y="370.0"/>
            <bpmndi:BPMNLabel labelStyle="sid-da02b478-27f4-4cd6-909c-744e32c2fc3e">
               <omgdc:Bounds height="11.0" width="142.13571166992193" x="387.1805466153002" y="423.0"/>
            </bpmndi:BPMNLabel>
         </bpmndi:BPMNShape>
         <bpmndi:BPMNShape bpmnElement="sid-68871BC8-51BD-4838-BB3E-F5669A4F58BE" id="sid-68871BC8-51BD-4838-BB3E-F5669A4F58BE_gui">
            <omgdc:Bounds height="80.0" width="100.0" x="398.24840245026115" y="485.6"/>
            <bpmndi:BPMNLabel labelStyle="sid-a7dfc6cc-fba3-4037-85f4-804e7051f6ca">
               <omgdc:Bounds height="36.0" width="64.02857208251953" x="416.2341164090014" y="505.6"/>
            </bpmndi:BPMNLabel>
         </bpmndi:BPMNShape>
         <bpmndi:BPMNShape bpmnElement="sid-17F2945A-CF30-40D9-9365-91B2A5A785E3" id="sid-17F2945A-CF30-40D9-9365-91B2A5A785E3_gui">
            <omgdc:Bounds height="30.0" width="30.0" x="418.75" y="245.0"/>
            <bpmndi:BPMNLabel labelStyle="sid-da02b478-27f4-4cd6-909c-744e32c2fc3e">
               <omgdc:Bounds height="11.0" width="142.13571166992188" x="442.68214416503906" y="273.0"/>
            </bpmndi:BPMNLabel>
         </bpmndi:BPMNShape>
         <bpmndi:BPMNShape bpmnElement="sid-4BFFA414-7F6C-460F-BD5E-54B0148F3744" id="sid-4BFFA414-7F6C-460F-BD5E-54B0148F3744_gui">
            <omgdc:Bounds height="30.0" width="30.0" x="135.0" y="370.0"/>
            <bpmndi:BPMNLabel labelStyle="sid-da02b478-27f4-4cd6-909c-744e32c2fc3e">
               <omgdc:Bounds height="11.0" width="45.96428680419922" x="127.01785659790039" y="402.0"/>
            </bpmndi:BPMNLabel>
         </bpmndi:BPMNShape>
         <bpmndi:BPMNShape bpmnElement="sid-F07A9A11-EB4D-4B3F-BA5B-2F05236A37CD" id="sid-F07A9A11-EB4D-4B3F-BA5B-2F05236A37CD_gui">
            <omgdc:Bounds height="30.0" width="30.0" x="358.24840245026115" y="245.0"/>
            <bpmndi:BPMNLabel labelStyle="sid-da02b478-27f4-4cd6-909c-744e32c2fc3e">
               <omgdc:Bounds height="11.0" width="45.96428680419922" x="350.26625904816154" y="277.0"/>
            </bpmndi:BPMNLabel>
         </bpmndi:BPMNShape>
         <bpmndi:BPMNShape bpmnElement="sid-9E8775C8-701B-47D7-B9AA-FF101F268572" id="sid-9E8775C8-701B-47D7-B9AA-FF101F268572_gui">
            <omgdc:Bounds height="30.0" width="30.0" x="521.0" y="370.0"/>
            <bpmndi:BPMNLabel labelStyle="sid-da02b478-27f4-4cd6-909c-744e32c2fc3e">
               <omgdc:Bounds height="11.0" width="45.96428680419922" x="513.0178565979004" y="402.0"/>
            </bpmndi:BPMNLabel>
         </bpmndi:BPMNShape>
         <bpmndi:BPMNShape bpmnElement="sid-BB42F7D3-3F15-4F1B-BAA9-AAD50ECD214D" id="sid-BB42F7D3-3F15-4F1B-BAA9-AAD50ECD214D_gui">
            <omgdc:Bounds height="30.0" width="30.0" x="661.4968049005223" y="370.0"/>
            <bpmndi:BPMNLabel labelStyle="sid-da02b478-27f4-4cd6-909c-744e32c2fc3e">
               <omgdc:Bounds height="11.0" width="45.96428680419922" x="653.5146614984227" y="402.0"/>
            </bpmndi:BPMNLabel>
         </bpmndi:BPMNShape>
         <bpmndi:BPMNShape bpmnElement="sid-2F519E89-A284-4AF6-AED5-A30B3AA85472" id="sid-2F519E89-A284-4AF6-AED5-A30B3AA85472_gui">
            <omgdc:Bounds height="28.0" width="28.0" x="719.0" y="585.0"/>
            <bpmndi:BPMNLabel labelStyle="sid-da02b478-27f4-4cd6-909c-744e32c2fc3e">
               <omgdc:Bounds height="11.0" width="178.1999969482422" x="643.9000015258789" y="615.0"/>
            </bpmndi:BPMNLabel>
         </bpmndi:BPMNShape>
         <bpmndi:BPMNShape bpmnElement="sid-3DA28519-B0D4-47B8-8E79-D76F14DA67EC" id="sid-3DA28519-B0D4-47B8-8E79-D76F14DA67EC_gui">
            <omgdc:Bounds height="60.173" width="62.000999999999976" x="505.0" y="156.36095995607002"/>
            <bpmndi:BPMNLabel labelStyle="sid-a7dfc6cc-fba3-4037-85f4-804e7051f6ca">
               <omgdc:Bounds height="12.0" width="107.99999618530273" x="481.0750026702881" y="221.69895739259346"/>
            </bpmndi:BPMNLabel>
         </bpmndi:BPMNShape>
         <bpmndi:BPMNEdge bpmnElement="sid-B058F88E-FDFD-431B-8701-9D7B35C5E824" id="sid-B058F88E-FDFD-431B-8701-9D7B35C5E824_gui">
            <omgdi:waypoint x="90.0" y="345.0"/>
            <omgdi:waypoint x="135.0" y="345.0"/>
         </bpmndi:BPMNEdge>
         <bpmndi:BPMNEdge bpmnElement="sid-61E42859-28D8-4CFA-803D-C2A2C127B021" id="sid-61E42859-28D8-4CFA-803D-C2A2C127B021_gui">
            <omgdi:waypoint x="685.0" y="345.0"/>
            <omgdi:waypoint x="765.0" y="345.0"/>
         </bpmndi:BPMNEdge>
         <bpmndi:BPMNEdge bpmnElement="sid-0DF9C444-3F43-4677-A10D-B63BEFA19DC2" id="sid-0DF9C444-3F43-4677-A10D-B63BEFA19DC2_gui">
            <omgdi:waypoint x="327.2359711570337" y="325.0"/>
            <omgdi:waypoint x="327.2359711570337" y="220.0"/>
            <omgdi:waypoint x="360.0" y="220.0"/>
            <bpmndi:BPMNLabel labelStyle="sid-da02b478-27f4-4cd6-909c-744e32c2fc3e">
               <omgdc:Bounds height="14.657135009765625" width="12.0" x="307.2359711570337" y="302.34284371562745"/>
            </bpmndi:BPMNLabel>
         </bpmndi:BPMNEdge>
         <bpmndi:BPMNEdge bpmnElement="sid-3E67E98B-8C26-4FDD-9C46-A09135F62E17" id="sid-3E67E98B-8C26-4FDD-9C46-A09135F62E17_gui">
            <omgdi:waypoint x="235.0" y="345.0"/>
            <omgdi:waypoint x="306.7359711570337" y="345.0"/>
         </bpmndi:BPMNEdge>
         <bpmndi:BPMNEdge bpmnElement="sid-B3889DEB-5801-4491-994D-D783058A09D0" id="sid-B3889DEB-5801-4491-994D-D783058A09D0_gui">
            <omgdi:waypoint x="540.0" y="345.0"/>
            <omgdi:waypoint x="585.0" y="345.0"/>
         </bpmndi:BPMNEdge>
         <bpmndi:BPMNEdge bpmnElement="sid-88A323CF-A0A9-41ED-99FB-7BA345A6F332" id="sid-88A323CF-A0A9-41ED-99FB-7BA345A6F332_gui">
            <omgdi:waypoint x="346.7359711570337" y="345.4400973294326"/>
            <omgdi:waypoint x="440.0" y="345.15359659119844"/>
            <bpmndi:BPMNLabel labelStyle="sid-da02b478-27f4-4cd6-909c-744e32c2fc3e">
               <omgdc:Bounds height="12.059183004166869" width="19.322474805518027" x="354.61751332443424" y="325.35628422345576"/>
            </bpmndi:BPMNLabel>
         </bpmndi:BPMNEdge>
         <bpmndi:BPMNEdge bpmnElement="sid-08D7FCD5-43F3-4F63-8221-4A396FEC8C71" id="sid-08D7FCD5-43F3-4F63-8221-4A396FEC8C71_gui">
            <omgdi:waypoint x="460.0" y="220.0"/>
            <omgdi:waypoint x="490.0" y="220.0"/>
            <omgdi:waypoint x="490.0" y="305.0"/>
         </bpmndi:BPMNEdge>
         <bpmndi:BPMNEdge bpmnElement="sid-5D3B63B1-60A2-493F-BAA7-EC886DF6ECDA" id="sid-5D3B63B1-60A2-493F-BAA7-EC886DF6ECDA_gui">
            <omgdi:waypoint x="535.5755" y="216.53395995607002"/>
            <omgdi:waypoint x="535.5755" y="261.0"/>
            <omgdi:waypoint x="490.0" y="261.0"/>
            <omgdi:waypoint x="490.0" y="305.0"/>
         </bpmndi:BPMNEdge>
         <bpmndi:BPMNEdge bpmnElement="sid-DC77D79D-9CD2-4487-AC1A-BDF4DAAEDAF5" id="sid-DC77D79D-9CD2-4487-AC1A-BDF4DAAEDAF5_gui">
            <omgdi:waypoint x="448.24840245026115" y="400.0"/>
            <omgdi:waypoint x="448.24840245026115" y="485.6"/>
         </bpmndi:BPMNEdge>
         <bpmndi:BPMNEdge bpmnElement="sid-16148FEE-4A59-4BB8-BBAF-8D691710CB6F" id="sid-16148FEE-4A59-4BB8-BBAF-8D691710CB6F_gui">
            <omgdi:waypoint x="398.24840245026115" y="525.6"/>
            <omgdi:waypoint x="327.2359711570337" y="525.6"/>
            <omgdi:waypoint x="327.2359711570337" y="365.0"/>
         </bpmndi:BPMNEdge>
         <bpmndi:BPMNEdge bpmnElement="sid-D4BD76B0-B80A-49C3-97A5-4F5A99B84696" id="sid-D4BD76B0-B80A-49C3-97A5-4F5A99B84696_gui">
            <omgdi:waypoint x="433.862984140327" y="275.0"/>
            <omgdi:waypoint x="434.14921062915545" y="313.0"/>
            <omgdi:waypoint x="420.55966908052966" y="313.0"/>
            <omgdi:waypoint x="420.55966908052966" y="485.6"/>
         </bpmndi:BPMNEdge>
         <bpmndi:BPMNEdge bpmnElement="sid-21F54504-E8DC-438C-ADEF-1190646AF988" id="sid-21F54504-E8DC-438C-ADEF-1190646AF988_gui">
            <omgdi:waypoint x="149.95384313496248" y="400.0"/>
            <omgdi:waypoint x="149.3414953921315" y="599.0"/>
            <omgdi:waypoint x="719.0" y="599.0"/>
         </bpmndi:BPMNEdge>
         <bpmndi:BPMNEdge bpmnElement="sid-3E11B3BC-D462-4989-B44A-AF6723C8B6F1" id="sid-3E11B3BC-D462-4989-B44A-AF6723C8B6F1_gui">
            <omgdi:waypoint x="373.21846555677365" y="275.0"/>
            <omgdi:waypoint x="372.5718286574434" y="599.0"/>
            <omgdi:waypoint x="719.0" y="599.0"/>
         </bpmndi:BPMNEdge>
         <bpmndi:BPMNEdge bpmnElement="sid-1FC09F7D-AA18-4C94-AB90-292605C3C0AC" id="sid-1FC09F7D-AA18-4C94-AB90-292605C3C0AC_gui">
            <omgdi:waypoint x="676.4968049005223" y="400.0"/>
            <omgdi:waypoint x="676.4968049005223" y="599.0"/>
            <omgdi:waypoint x="719.0" y="599.0"/>
         </bpmndi:BPMNEdge>
         <bpmndi:BPMNEdge bpmnElement="sid-E13ED36E-7423-418D-A6D7-FC5E0F0EF437" id="sid-E13ED36E-7423-418D-A6D7-FC5E0F0EF437_gui">
            <omgdi:waypoint x="536.0" y="400.0"/>
            <omgdi:waypoint x="536.0" y="599.0"/>
            <omgdi:waypoint x="719.0" y="599.0"/>
         </bpmndi:BPMNEdge>
      </bpmndi:BPMNPlane>
      <bpmndi:BPMNLabelStyle id="sid-da02b478-27f4-4cd6-909c-744e32c2fc3e">
         <omgdc:Font isBold="false" isItalic="false" isStrikeThrough="false" isUnderline="false" name="Arial" size="11.0"/>
      </bpmndi:BPMNLabelStyle>
      <bpmndi:BPMNLabelStyle id="sid-a7dfc6cc-fba3-4037-85f4-804e7051f6ca">
         <omgdc:Font isBold="false" isItalic="false" isStrikeThrough="false" isUnderline="false" name="Arial" size="12.0"/>
      </bpmndi:BPMNLabelStyle>
   </bpmndi:BPMNDiagram>
</definitions>
