<?xml version="1.0" encoding="UTF-8"?><definitions xmlns="http://www.omg.org/spec/BPMN/20100524/MODEL" xmlns:bpmndi="http://www.omg.org/spec/BPMN/20100524/DI" xmlns:omgdc="http://www.omg.org/spec/DD/20100524/DC" xmlns:omgdi="http://www.omg.org/spec/DD/20100524/DI" xmlns:signavio="http://www.signavio.com" xmlns:xsi="http://www.w3.org/2001/XMLSchema-instance" exporter="Signavio Process Editor, http://www.signavio.com" exporterVersion="11.10.0" expressionLanguage="http://www.w3.org/TR/XPath" id="sid-0937a0f7-ce0e-4032-be67-b0edbc3b1aaf" targetNamespace="http://www.signavio.com" typeLanguage="http://www.w3.org/2001/XMLSchema" xsi:schemaLocation="http://www.omg.org/spec/BPMN/20100524/MODEL http://www.omg.org/spec/BPMN/2.0/20100501/BPMN20.xsd">
   <error id="sid-c35db2cc-8db0-44c2-93ae-6a09e6b58053"/>
   <process id="sid-5c7fcad0-b2e2-468c-a7b4-5e326338603d" isClosed="false" isExecutable="false" processType="None">
      <extensionElements>
         <signavio:signavioDiagramMetaData metaKey="businessunit" metaValue=""/>
         <signavio:signavioDiagramMetaData metaKey="iso9000ff" metaValue=""/>
         <signavio:signavioDiagramMetaData metaKey="processowner" metaValue=""/>
         <signavio:signavioDiagramMetaData metaKey="processgoal" metaValue=""/>
         <signavio:signavioDiagramMetaData metaKey="soxrelevant" metaValue=""/>
         <signavio:signavioDiagramMetaData metaKey="revisionid" metaValue="0bceb93308e04583890d4d287dd8ab35"/>
      </extensionElements>
      <startEvent id="sid-F68B9AB9-0713-4762-B21F-B8B3450D7339" name="">
         <extensionElements>
            <signavio:signavioMetaData metaKey="bgcolor" metaValue="#ffffff"/>
            <signavio:signavioMetaData metaKey="bordercolor" metaValue="#000000"/>
         </extensionElements>
         <outgoing>sid-DBA78062-BCF4-4242-801C-71F098F24C94</outgoing>
      </startEvent>
      <userTask completionQuantity="1" id="sid-C71529FD-74C6-45EE-B73A-C6B9186E676A" implementation="##WebService" isForCompensation="false" name="Select event type" startQuantity="1">
         <extensionElements>
            <signavio:signavioMetaData metaKey="bgcolor" metaValue="#ffffcc"/>
            <signavio:signavioMetaData metaKey="bordercolor" metaValue="#000000"/>
            <signavio:signavioMetaData metaKey="risklevel" metaValue=""/>
            <signavio:signavioMetaData metaKey="externaldocuments" metaValue="[]"/>
         </extensionElements>
         <incoming>sid-DBA78062-BCF4-4242-801C-71F098F24C94</incoming>
         <outgoing>sid-4C2E184D-0A07-4051-9A57-703BD902255A</outgoing>
      </userTask>
      <userTask completionQuantity="1" id="sid-62A8A4DF-BDC9-407E-99F2-0C6665857008" implementation="##WebService" isForCompensation="false" name="Add rescue mission" startQuantity="1">
         <extensionElements>
            <signavio:signavioMetaData metaKey="bgcolor" metaValue="#ffffcc"/>
            <signavio:signavioMetaData metaKey="bordercolor" metaValue="#000000"/>
            <signavio:signavioMetaData metaKey="risklevel" metaValue=""/>
            <signavio:signavioMetaData metaKey="externaldocuments" metaValue="[]"/>
         </extensionElements>
         <incoming>sid-8AA066BB-8646-4061-8D8B-8994DDCA855B</incoming>
         <outgoing>sid-E24A64C1-6A3D-45A5-ABD9-80ADD4FAEAEF</outgoing>
      </userTask>
      <userTask completionQuantity="1" id="sid-CE7DE033-47F5-48A8-BBA6-108B956CC746" implementation="##WebService" isForCompensation="false" name="Add car crash" startQuantity="1">
         <extensionElements>
            <signavio:signavioMetaData metaKey="bgcolor" metaValue="#ffffcc"/>
            <signavio:signavioMetaData metaKey="bordercolor" metaValue="#000000"/>
            <signavio:signavioMetaData metaKey="risklevel" metaValue=""/>
            <signavio:signavioMetaData metaKey="externaldocuments" metaValue="[]"/>
         </extensionElements>
         <incoming>sid-E6753995-9AA9-4495-A77F-70C393750D84</incoming>
         <outgoing>sid-28E02EC5-5728-43E8-AB9A-C4816D914D50</outgoing>
      </userTask>
      <userTask completionQuantity="1" id="sid-ACDE7EFA-9F48-4A11-AD0C-E84080B4EE88" implementation="##WebService" isForCompensation="false" name="Add custom event" startQuantity="1">
         <extensionElements>
            <signavio:signavioMetaData metaKey="bgcolor" metaValue="#ffffcc"/>
            <signavio:signavioMetaData metaKey="bordercolor" metaValue="#000000"/>
            <signavio:signavioMetaData metaKey="risklevel" metaValue=""/>
            <signavio:signavioMetaData metaKey="externaldocuments" metaValue="[]"/>
         </extensionElements>
         <incoming>sid-0E4362AE-0BF1-4EFD-8698-DB16C5549C26</incoming>
         <outgoing>sid-1003D83B-BFE7-4B1B-853A-1D673B23BE33</outgoing>
      </userTask>
      <exclusiveGateway gatewayDirection="Diverging" id="sid-21D4C251-D7C5-4F91-93E0-1CA8D26F573F" name="">
         <extensionElements>
            <signavio:signavioMetaData metaKey="bgcolor" metaValue="#ffffff"/>
            <signavio:signavioMetaData metaKey="bordercolor" metaValue="#000000"/>
         </extensionElements>
         <incoming>sid-4C2E184D-0A07-4051-9A57-703BD902255A</incoming>
         <outgoing>sid-8AA066BB-8646-4061-8D8B-8994DDCA855B</outgoing>
         <outgoing>sid-E6753995-9AA9-4495-A77F-70C393750D84</outgoing>
         <outgoing>sid-0E4362AE-0BF1-4EFD-8698-DB16C5549C26</outgoing>
      </exclusiveGateway>
      <exclusiveGateway gatewayDirection="Diverging" id="sid-231487C0-2DEC-49B4-8276-AD8FD7027C30" name="">
         <extensionElements>
            <signavio:signavioMetaData metaKey="bgcolor" metaValue="#ffffff"/>
            <signavio:signavioMetaData metaKey="bordercolor" metaValue="#000000"/>
         </extensionElements>
         <incoming>sid-E24A64C1-6A3D-45A5-ABD9-80ADD4FAEAEF</incoming>
         <outgoing>sid-0A5444F7-2AE3-4072-86F5-CCE2199CD3B6</outgoing>
         <outgoing>sid-5213DFCA-B14C-4224-8B88-FA488A212276</outgoing>
      </exclusiveGateway>
      <userTask completionQuantity="1" id="sid-EC78BAE0-9116-4ACF-B118-2A054FF60887" implementation="##WebService" isForCompensation="false" name="Change settings" startQuantity="1">
         <extensionElements>
            <signavio:signavioMetaData metaKey="bgcolor" metaValue="#ffffcc"/>
            <signavio:signavioMetaData metaKey="bordercolor" metaValue="#000000"/>
            <signavio:signavioMetaData metaKey="risklevel" metaValue=""/>
            <signavio:signavioMetaData metaKey="externaldocuments" metaValue="[]"/>
         </extensionElements>
         <incoming>sid-0A5444F7-2AE3-4072-86F5-CCE2199CD3B6</incoming>
         <outgoing>sid-4D41BB08-3963-4F8D-B699-A079095C7357</outgoing>
      </userTask>
      <exclusiveGateway gatewayDirection="Diverging" id="sid-219C29C8-6245-4FF6-A47D-92EA6EF38462" name="">
         <extensionElements>
            <signavio:signavioMetaData metaKey="bgcolor" metaValue="#ffffff"/>
            <signavio:signavioMetaData metaKey="bordercolor" metaValue="#000000"/>
         </extensionElements>
         <incoming>sid-28E02EC5-5728-43E8-AB9A-C4816D914D50</incoming>
         <outgoing>sid-0409389F-4D70-40CE-8F09-D24123A2622E</outgoing>
         <outgoing>sid-A82F054D-4057-4BAB-B76F-869531F53940</outgoing>
      </exclusiveGateway>
      <userTask completionQuantity="1" id="sid-3ECA8997-4AFD-4ED2-815A-4A5D971193CC" implementation="##WebService" isForCompensation="false" name="Change settings" startQuantity="1">
         <extensionElements>
            <signavio:signavioMetaData metaKey="bgcolor" metaValue="#ffffcc"/>
            <signavio:signavioMetaData metaKey="bordercolor" metaValue="#000000"/>
            <signavio:signavioMetaData metaKey="risklevel" metaValue=""/>
            <signavio:signavioMetaData metaKey="externaldocuments" metaValue="[]"/>
         </extensionElements>
         <incoming>sid-0409389F-4D70-40CE-8F09-D24123A2622E</incoming>
         <outgoing>sid-87E1BD4C-21B8-450C-9004-931CC6129E61</outgoing>
      </userTask>
      <exclusiveGateway gatewayDirection="Diverging" id="sid-1698AF22-239A-428C-91F4-9F7477DE5836" name="">
         <extensionElements>
            <signavio:signavioMetaData metaKey="bgcolor" metaValue="#ffffff"/>
            <signavio:signavioMetaData metaKey="bordercolor" metaValue="#000000"/>
         </extensionElements>
         <incoming>sid-1003D83B-BFE7-4B1B-853A-1D673B23BE33</incoming>
         <outgoing>sid-534BA1F1-40EA-465D-826F-2FEFE0028818</outgoing>
         <outgoing>sid-639832AE-6719-44A9-A81E-562467703A21</outgoing>
      </exclusiveGateway>
      <userTask completionQuantity="1" id="sid-45CEA2AE-FC81-4289-B406-133DEA2BD1B0" implementation="##WebService" isForCompensation="false" name="Change settings" startQuantity="1">
         <extensionElements>
            <signavio:signavioMetaData metaKey="bgcolor" metaValue="#ffffcc"/>
            <signavio:signavioMetaData metaKey="bordercolor" metaValue="#000000"/>
            <signavio:signavioMetaData metaKey="risklevel" metaValue=""/>
            <signavio:signavioMetaData metaKey="externaldocuments" metaValue="[]"/>
         </extensionElements>
         <incoming>sid-534BA1F1-40EA-465D-826F-2FEFE0028818</incoming>
         <outgoing>sid-2DDD9F53-5453-4395-9239-A9FF822198C9</outgoing>
      </userTask>
      <exclusiveGateway gatewayDirection="Converging" id="sid-916012A9-A42C-4738-82D5-37A926A93D45" name="">
         <extensionElements>
            <signavio:signavioMetaData metaKey="bgcolor" metaValue="#ffffff"/>
            <signavio:signavioMetaData metaKey="bordercolor" metaValue="#000000"/>
         </extensionElements>
         <incoming>sid-4D41BB08-3963-4F8D-B699-A079095C7357</incoming>
         <incoming>sid-5213DFCA-B14C-4224-8B88-FA488A212276</incoming>
         <outgoing>sid-04583655-D5DF-443B-9FCD-9C9EA6B11AEB</outgoing>
      </exclusiveGateway>
      <exclusiveGateway gatewayDirection="Converging" id="sid-B2B109C8-86C0-4455-BD60-B9B1062A0C0B" name="">
         <extensionElements>
            <signavio:signavioMetaData metaKey="bgcolor" metaValue="#ffffff"/>
            <signavio:signavioMetaData metaKey="bordercolor" metaValue="#000000"/>
         </extensionElements>
         <incoming>sid-87E1BD4C-21B8-450C-9004-931CC6129E61</incoming>
         <incoming>sid-A82F054D-4057-4BAB-B76F-869531F53940</incoming>
         <outgoing>sid-38E2A734-9839-4947-ADAE-694E1ABAEBA2</outgoing>
      </exclusiveGateway>
      <exclusiveGateway gatewayDirection="Converging" id="sid-1F9E29AF-3432-45CB-801C-0DA891D6962B" name="">
         <extensionElements>
            <signavio:signavioMetaData metaKey="bgcolor" metaValue="#ffffff"/>
            <signavio:signavioMetaData metaKey="bordercolor" metaValue="#000000"/>
         </extensionElements>
         <incoming>sid-2DDD9F53-5453-4395-9239-A9FF822198C9</incoming>
         <incoming>sid-639832AE-6719-44A9-A81E-562467703A21</incoming>
         <outgoing>sid-B8DD9787-48FF-4E08-8F02-90068D56AB8A</outgoing>
      </exclusiveGateway>
      <exclusiveGateway gatewayDirection="Converging" id="sid-687F0E76-9A4F-4DAB-8A11-5FB3893D5927" name="">
         <extensionElements>
            <signavio:signavioMetaData metaKey="bgcolor" metaValue="#ffffff"/>
            <signavio:signavioMetaData metaKey="bordercolor" metaValue="#000000"/>
         </extensionElements>
         <incoming>sid-38E2A734-9839-4947-ADAE-694E1ABAEBA2</incoming>
         <incoming>sid-B8DD9787-48FF-4E08-8F02-90068D56AB8A</incoming>
         <incoming>sid-04583655-D5DF-443B-9FCD-9C9EA6B11AEB</incoming>
         <outgoing>sid-824CCC8F-3BA4-4CB7-8C0B-43CBD08FE28F</outgoing>
      </exclusiveGateway>
      <userTask completionQuantity="1" id="sid-F9D9DD08-6E5B-4652-9071-22943CDDFB88" implementation="##WebService" isForCompensation="false" name="Confirm selection" startQuantity="1">
         <extensionElements>
            <signavio:signavioMetaData metaKey="bgcolor" metaValue="#ffffcc"/>
            <signavio:signavioMetaData metaKey="bordercolor" metaValue="#000000"/>
            <signavio:signavioMetaData metaKey="risklevel" metaValue=""/>
            <signavio:signavioMetaData metaKey="externaldocuments" metaValue="[]"/>
         </extensionElements>
         <incoming>sid-824CCC8F-3BA4-4CB7-8C0B-43CBD08FE28F</incoming>
         <outgoing>sid-59B30F90-AA89-43B0-9D06-31C5141641BA</outgoing>
      </userTask>
      <endEvent id="sid-01AECE6D-9CB9-405C-BA56-3ACD4813AB0C" name="Event successfully added">
         <extensionElements>
            <signavio:signavioMetaData metaKey="bgcolor" metaValue="#ffffff"/>
            <signavio:signavioMetaData metaKey="bordercolor" metaValue="#000000"/>
            <signavio:signavioLabel ref="text_name" valign="middle" x="45.0" y="38.0"/>
         </extensionElements>
         <incoming>sid-59B30F90-AA89-43B0-9D06-31C5141641BA</incoming>
      </endEvent>
      <boundaryEvent attachedToRef="sid-62A8A4DF-BDC9-407E-99F2-0C6665857008" cancelActivity="true" id="sid-E84C6C10-E737-4F9C-8091-5F049A6987FC" name="Cancelled" parallelMultiple="false">
         <outgoing>sid-8CB5ADC7-16E8-4246-A66D-A91C1F1FEE4E</outgoing>
         <errorEventDefinition errorRef="sid-c35db2cc-8db0-44c2-93ae-6a09e6b58053" id="sid-ef692f27-4e5a-4f9a-8091-6424bddb14f9"/>
      </boundaryEvent>
      <boundaryEvent attachedToRef="sid-CE7DE033-47F5-48A8-BBA6-108B956CC746" cancelActivity="true" id="sid-8AAD5411-3DB3-4A2E-9E47-394B10432F3E" name="Cancelled" parallelMultiple="false">
         <outgoing>sid-E1A93EFA-8F4F-48EB-A980-8E38302EEB27</outgoing>
         <errorEventDefinition errorRef="sid-c35db2cc-8db0-44c2-93ae-6a09e6b58053" id="sid-6b0bdee9-5db7-4cae-af5d-4f3d7e41a1f9"/>
      </boundaryEvent>
      <boundaryEvent attachedToRef="sid-ACDE7EFA-9F48-4A11-AD0C-E84080B4EE88" cancelActivity="true" id="sid-617029FD-888A-4E3D-AAC7-8085C14C7813" name="Cancelled" parallelMultiple="false">
         <outgoing>sid-74ECB060-DB28-448D-AE72-B6C653D942E0</outgoing>
         <errorEventDefinition errorRef="sid-c35db2cc-8db0-44c2-93ae-6a09e6b58053" id="sid-326e3d11-a5af-4755-abd5-fd6b2cfdadb7"/>
      </boundaryEvent>
      <boundaryEvent attachedToRef="sid-EC78BAE0-9116-4ACF-B118-2A054FF60887" cancelActivity="true" id="sid-D74D04AB-4B60-4A14-A547-94093DB754A6" name="Cancelled" parallelMultiple="false">
         <outgoing>sid-7E8903E9-B6CE-4DC2-9270-483BAB5D02A8</outgoing>
         <errorEventDefinition errorRef="sid-c35db2cc-8db0-44c2-93ae-6a09e6b58053" id="sid-6f8558e5-60cc-45ef-b487-b98cf6f634ce"/>
      </boundaryEvent>
      <boundaryEvent attachedToRef="sid-3ECA8997-4AFD-4ED2-815A-4A5D971193CC" cancelActivity="true" id="sid-8CEB9AE3-C746-4991-A6C3-C134AB509733" name="Cancelled" parallelMultiple="false">
         <outgoing>sid-ADCA40E5-1C7C-421F-87CC-621B8C578972</outgoing>
         <errorEventDefinition errorRef="sid-c35db2cc-8db0-44c2-93ae-6a09e6b58053" id="sid-4cdec63e-2070-4a39-b44c-6a9fca3fdb2e"/>
      </boundaryEvent>
      <boundaryEvent attachedToRef="sid-45CEA2AE-FC81-4289-B406-133DEA2BD1B0" cancelActivity="true" id="sid-E90A19A7-2D9A-4392-826C-CE6002D7216B" name="Cancelled" parallelMultiple="false">
         <outgoing>sid-5987458D-0211-4AE3-BE70-477DB2F73699</outgoing>
         <errorEventDefinition errorRef="sid-c35db2cc-8db0-44c2-93ae-6a09e6b58053" id="sid-6ad2d788-b362-44e7-a6c6-e781310e681d"/>
      </boundaryEvent>
      <boundaryEvent attachedToRef="sid-F9D9DD08-6E5B-4652-9071-22943CDDFB88" cancelActivity="true" id="sid-FEFFCFBF-944B-4767-8E7D-C0E47A84A5F8" name="Cancelled" parallelMultiple="false">
         <outgoing>sid-43E5D17D-7F33-4D78-850B-67D9A33645A1</outgoing>
         <errorEventDefinition errorRef="sid-c35db2cc-8db0-44c2-93ae-6a09e6b58053" id="sid-c6a19cf1-c4ac-4612-ae21-81c0b3718413"/>
      </boundaryEvent>
      <endEvent id="sid-10432256-9F8E-4875-BE7E-2FFC7768A6B7" name="Adding of the event cancelled">
         <extensionElements>
            <signavio:signavioMetaData metaKey="bgcolor" metaValue="#ffffff"/>
            <signavio:signavioMetaData metaKey="bordercolor" metaValue="#000000"/>
         </extensionElements>
         <incoming>sid-ADCA40E5-1C7C-421F-87CC-621B8C578972</incoming>
         <incoming>sid-7E8903E9-B6CE-4DC2-9270-483BAB5D02A8</incoming>
         <incoming>sid-5987458D-0211-4AE3-BE70-477DB2F73699</incoming>
         <incoming>sid-E1A93EFA-8F4F-48EB-A980-8E38302EEB27</incoming>
         <incoming>sid-F0CCF1D8-A4B8-4D29-9542-21B3C222EA06</incoming>
         <incoming>sid-8CB5ADC7-16E8-4246-A66D-A91C1F1FEE4E</incoming>
         <incoming>sid-74ECB060-DB28-448D-AE72-B6C653D942E0</incoming>
         <incoming>sid-43E5D17D-7F33-4D78-850B-67D9A33645A1</incoming>
      </endEvent>
      <boundaryEvent attachedToRef="sid-C71529FD-74C6-45EE-B73A-C6B9186E676A" cancelActivity="true" id="sid-8C960155-793B-405F-ACF7-C9F30216F75A" name="Cancelled" parallelMultiple="false">
         <outgoing>sid-F0CCF1D8-A4B8-4D29-9542-21B3C222EA06</outgoing>
         <errorEventDefinition errorRef="sid-c35db2cc-8db0-44c2-93ae-6a09e6b58053" id="sid-488fda33-9500-4a58-939c-c945d852c614"/>
      </boundaryEvent>
      <sequenceFlow id="sid-4C2E184D-0A07-4051-9A57-703BD902255A" name="" sourceRef="sid-C71529FD-74C6-45EE-B73A-C6B9186E676A" targetRef="sid-21D4C251-D7C5-4F91-93E0-1CA8D26F573F">
         <extensionElements>
            <signavio:signavioMetaData metaKey="bordercolor" metaValue="#000000"/>
         </extensionElements>
      </sequenceFlow>
      <sequenceFlow id="sid-DBA78062-BCF4-4242-801C-71F098F24C94" name="" sourceRef="sid-F68B9AB9-0713-4762-B21F-B8B3450D7339" targetRef="sid-C71529FD-74C6-45EE-B73A-C6B9186E676A">
         <extensionElements>
            <signavio:signavioMetaData metaKey="bordercolor" metaValue="#000000"/>
         </extensionElements>
      </sequenceFlow>
      <sequenceFlow id="sid-8AA066BB-8646-4061-8D8B-8994DDCA855B" name="" sourceRef="sid-21D4C251-D7C5-4F91-93E0-1CA8D26F573F" targetRef="sid-62A8A4DF-BDC9-407E-99F2-0C6665857008">
         <extensionElements>
            <signavio:signavioMetaData metaKey="bordercolor" metaValue="#000000"/>
         </extensionElements>
      </sequenceFlow>
      <sequenceFlow id="sid-E6753995-9AA9-4495-A77F-70C393750D84" name="" sourceRef="sid-21D4C251-D7C5-4F91-93E0-1CA8D26F573F" targetRef="sid-CE7DE033-47F5-48A8-BBA6-108B956CC746">
         <extensionElements>
            <signavio:signavioMetaData metaKey="bordercolor" metaValue="#000000"/>
         </extensionElements>
      </sequenceFlow>
      <sequenceFlow id="sid-0E4362AE-0BF1-4EFD-8698-DB16C5549C26" name="" sourceRef="sid-21D4C251-D7C5-4F91-93E0-1CA8D26F573F" targetRef="sid-ACDE7EFA-9F48-4A11-AD0C-E84080B4EE88">
         <extensionElements>
            <signavio:signavioMetaData metaKey="bordercolor" metaValue="#000000"/>
         </extensionElements>
      </sequenceFlow>
      <sequenceFlow id="sid-E24A64C1-6A3D-45A5-ABD9-80ADD4FAEAEF" name="" sourceRef="sid-62A8A4DF-BDC9-407E-99F2-0C6665857008" targetRef="sid-231487C0-2DEC-49B4-8276-AD8FD7027C30">
         <extensionElements>
            <signavio:signavioMetaData metaKey="bordercolor" metaValue="#000000"/>
         </extensionElements>
      </sequenceFlow>
      <sequenceFlow id="sid-0A5444F7-2AE3-4072-86F5-CCE2199CD3B6" name="" sourceRef="sid-231487C0-2DEC-49B4-8276-AD8FD7027C30" targetRef="sid-EC78BAE0-9116-4ACF-B118-2A054FF60887">
         <extensionElements>
            <signavio:signavioMetaData metaKey="bordercolor" metaValue="#000000"/>
         </extensionElements>
      </sequenceFlow>
      <sequenceFlow id="sid-0409389F-4D70-40CE-8F09-D24123A2622E" name="" sourceRef="sid-219C29C8-6245-4FF6-A47D-92EA6EF38462" targetRef="sid-3ECA8997-4AFD-4ED2-815A-4A5D971193CC">
         <extensionElements>
            <signavio:signavioMetaData metaKey="bordercolor" metaValue="#000000"/>
         </extensionElements>
      </sequenceFlow>
      <sequenceFlow id="sid-534BA1F1-40EA-465D-826F-2FEFE0028818" name="" sourceRef="sid-1698AF22-239A-428C-91F4-9F7477DE5836" targetRef="sid-45CEA2AE-FC81-4289-B406-133DEA2BD1B0">
         <extensionElements>
            <signavio:signavioMetaData metaKey="bordercolor" metaValue="#000000"/>
         </extensionElements>
      </sequenceFlow>
      <sequenceFlow id="sid-28E02EC5-5728-43E8-AB9A-C4816D914D50" name="" sourceRef="sid-CE7DE033-47F5-48A8-BBA6-108B956CC746" targetRef="sid-219C29C8-6245-4FF6-A47D-92EA6EF38462">
         <extensionElements>
            <signavio:signavioMetaData metaKey="bordercolor" metaValue="#000000"/>
         </extensionElements>
      </sequenceFlow>
      <sequenceFlow id="sid-1003D83B-BFE7-4B1B-853A-1D673B23BE33" name="" sourceRef="sid-ACDE7EFA-9F48-4A11-AD0C-E84080B4EE88" targetRef="sid-1698AF22-239A-428C-91F4-9F7477DE5836">
         <extensionElements>
            <signavio:signavioMetaData metaKey="bordercolor" metaValue="#000000"/>
         </extensionElements>
      </sequenceFlow>
      <sequenceFlow id="sid-2DDD9F53-5453-4395-9239-A9FF822198C9" name="" sourceRef="sid-45CEA2AE-FC81-4289-B406-133DEA2BD1B0" targetRef="sid-1F9E29AF-3432-45CB-801C-0DA891D6962B">
         <extensionElements>
            <signavio:signavioMetaData metaKey="bordercolor" metaValue="#000000"/>
         </extensionElements>
      </sequenceFlow>
      <sequenceFlow id="sid-87E1BD4C-21B8-450C-9004-931CC6129E61" name="" sourceRef="sid-3ECA8997-4AFD-4ED2-815A-4A5D971193CC" targetRef="sid-B2B109C8-86C0-4455-BD60-B9B1062A0C0B">
         <extensionElements>
            <signavio:signavioMetaData metaKey="bordercolor" metaValue="#000000"/>
         </extensionElements>
      </sequenceFlow>
      <sequenceFlow id="sid-4D41BB08-3963-4F8D-B699-A079095C7357" name="" sourceRef="sid-EC78BAE0-9116-4ACF-B118-2A054FF60887" targetRef="sid-916012A9-A42C-4738-82D5-37A926A93D45">
         <extensionElements>
            <signavio:signavioMetaData metaKey="bordercolor" metaValue="#000000"/>
         </extensionElements>
      </sequenceFlow>
      <sequenceFlow id="sid-38E2A734-9839-4947-ADAE-694E1ABAEBA2" name="" sourceRef="sid-B2B109C8-86C0-4455-BD60-B9B1062A0C0B" targetRef="sid-687F0E76-9A4F-4DAB-8A11-5FB3893D5927">
         <extensionElements>
            <signavio:signavioMetaData metaKey="bordercolor" metaValue="#000000"/>
         </extensionElements>
      </sequenceFlow>
      <sequenceFlow id="sid-B8DD9787-48FF-4E08-8F02-90068D56AB8A" name="" sourceRef="sid-1F9E29AF-3432-45CB-801C-0DA891D6962B" targetRef="sid-687F0E76-9A4F-4DAB-8A11-5FB3893D5927">
         <extensionElements>
            <signavio:signavioMetaData metaKey="bordercolor" metaValue="#000000"/>
         </extensionElements>
      </sequenceFlow>
      <sequenceFlow id="sid-04583655-D5DF-443B-9FCD-9C9EA6B11AEB" name="" sourceRef="sid-916012A9-A42C-4738-82D5-37A926A93D45" targetRef="sid-687F0E76-9A4F-4DAB-8A11-5FB3893D5927">
         <extensionElements>
            <signavio:signavioMetaData metaKey="bordercolor" metaValue="#000000"/>
         </extensionElements>
      </sequenceFlow>
      <sequenceFlow id="sid-824CCC8F-3BA4-4CB7-8C0B-43CBD08FE28F" name="" sourceRef="sid-687F0E76-9A4F-4DAB-8A11-5FB3893D5927" targetRef="sid-F9D9DD08-6E5B-4652-9071-22943CDDFB88">
         <extensionElements>
            <signavio:signavioMetaData metaKey="bordercolor" metaValue="#000000"/>
         </extensionElements>
      </sequenceFlow>
      <sequenceFlow id="sid-ADCA40E5-1C7C-421F-87CC-621B8C578972" name="" sourceRef="sid-8CEB9AE3-C746-4991-A6C3-C134AB509733" targetRef="sid-10432256-9F8E-4875-BE7E-2FFC7768A6B7">
         <extensionElements>
            <signavio:signavioMetaData metaKey="bordercolor" metaValue="#FF6600"/>
         </extensionElements>
      </sequenceFlow>
      <sequenceFlow id="sid-7E8903E9-B6CE-4DC2-9270-483BAB5D02A8" name="" sourceRef="sid-D74D04AB-4B60-4A14-A547-94093DB754A6" targetRef="sid-10432256-9F8E-4875-BE7E-2FFC7768A6B7">
         <extensionElements>
            <signavio:signavioMetaData metaKey="bordercolor" metaValue="#FF6600"/>
         </extensionElements>
      </sequenceFlow>
      <sequenceFlow id="sid-5987458D-0211-4AE3-BE70-477DB2F73699" name="" sourceRef="sid-E90A19A7-2D9A-4392-826C-CE6002D7216B" targetRef="sid-10432256-9F8E-4875-BE7E-2FFC7768A6B7">
         <extensionElements>
            <signavio:signavioMetaData metaKey="bordercolor" metaValue="#FF6600"/>
         </extensionElements>
      </sequenceFlow>
      <sequenceFlow id="sid-E1A93EFA-8F4F-48EB-A980-8E38302EEB27" name="" sourceRef="sid-8AAD5411-3DB3-4A2E-9E47-394B10432F3E" targetRef="sid-10432256-9F8E-4875-BE7E-2FFC7768A6B7">
         <extensionElements>
            <signavio:signavioMetaData metaKey="bordercolor" metaValue="#FF6600"/>
         </extensionElements>
      </sequenceFlow>
      <sequenceFlow id="sid-F0CCF1D8-A4B8-4D29-9542-21B3C222EA06" name="" sourceRef="sid-8C960155-793B-405F-ACF7-C9F30216F75A" targetRef="sid-10432256-9F8E-4875-BE7E-2FFC7768A6B7">
         <extensionElements>
            <signavio:signavioMetaData metaKey="bordercolor" metaValue="#FF6600"/>
         </extensionElements>
      </sequenceFlow>
      <sequenceFlow id="sid-8CB5ADC7-16E8-4246-A66D-A91C1F1FEE4E" name="" sourceRef="sid-E84C6C10-E737-4F9C-8091-5F049A6987FC" targetRef="sid-10432256-9F8E-4875-BE7E-2FFC7768A6B7">
         <extensionElements>
            <signavio:signavioMetaData metaKey="bordercolor" metaValue="#FF6600"/>
         </extensionElements>
      </sequenceFlow>
      <sequenceFlow id="sid-59B30F90-AA89-43B0-9D06-31C5141641BA" name="" sourceRef="sid-F9D9DD08-6E5B-4652-9071-22943CDDFB88" targetRef="sid-01AECE6D-9CB9-405C-BA56-3ACD4813AB0C">
         <extensionElements>
            <signavio:signavioMetaData metaKey="bordercolor" metaValue="#000000"/>
         </extensionElements>
      </sequenceFlow>
      <sequenceFlow id="sid-5213DFCA-B14C-4224-8B88-FA488A212276" name="Default settings" sourceRef="sid-231487C0-2DEC-49B4-8276-AD8FD7027C30" targetRef="sid-916012A9-A42C-4738-82D5-37A926A93D45">
         <extensionElements>
            <signavio:signavioMetaData metaKey="bordercolor" metaValue="#000000"/>
         </extensionElements>
      </sequenceFlow>
      <sequenceFlow id="sid-A82F054D-4057-4BAB-B76F-869531F53940" name="Default settings" sourceRef="sid-219C29C8-6245-4FF6-A47D-92EA6EF38462" targetRef="sid-B2B109C8-86C0-4455-BD60-B9B1062A0C0B">
         <extensionElements>
            <signavio:signavioMetaData metaKey="bordercolor" metaValue="#000000"/>
         </extensionElements>
      </sequenceFlow>
      <sequenceFlow id="sid-639832AE-6719-44A9-A81E-562467703A21" name="Default settings" sourceRef="sid-1698AF22-239A-428C-91F4-9F7477DE5836" targetRef="sid-1F9E29AF-3432-45CB-801C-0DA891D6962B">
         <extensionElements>
            <signavio:signavioMetaData metaKey="bordercolor" metaValue="#000000"/>
         </extensionElements>
      </sequenceFlow>
      <sequenceFlow id="sid-74ECB060-DB28-448D-AE72-B6C653D942E0" name="" sourceRef="sid-617029FD-888A-4E3D-AAC7-8085C14C7813" targetRef="sid-10432256-9F8E-4875-BE7E-2FFC7768A6B7">
         <extensionElements>
            <signavio:signavioMetaData metaKey="bordercolor" metaValue="#FF6600"/>
         </extensionElements>
      </sequenceFlow>
      <sequenceFlow id="sid-43E5D17D-7F33-4D78-850B-67D9A33645A1" name="" sourceRef="sid-FEFFCFBF-944B-4767-8E7D-C0E47A84A5F8" targetRef="sid-10432256-9F8E-4875-BE7E-2FFC7768A6B7">
         <extensionElements>
            <signavio:signavioMetaData metaKey="bordercolor" metaValue="#FF6600"/>
         </extensionElements>
      </sequenceFlow>
   </process>
   <bpmndi:BPMNDiagram id="sid-46360b82-33dd-4534-bd55-e32697460874">
      <bpmndi:BPMNPlane bpmnElement="sid-5c7fcad0-b2e2-468c-a7b4-5e326338603d" id="sid-101df724-db47-42c1-a9df-b8a6d3a60700">
         <bpmndi:BPMNShape bpmnElement="sid-F68B9AB9-0713-4762-B21F-B8B3450D7339" id="sid-F68B9AB9-0713-4762-B21F-B8B3450D7339_gui">
            <omgdc:Bounds height="30.0" width="30.0" x="75.0" y="180.0"/>
         </bpmndi:BPMNShape>
         <bpmndi:BPMNShape bpmnElement="sid-C71529FD-74C6-45EE-B73A-C6B9186E676A" id="sid-C71529FD-74C6-45EE-B73A-C6B9186E676A_gui">
            <omgdc:Bounds height="80.0" width="100.0" x="165.0" y="155.0"/>
            <bpmndi:BPMNLabel labelStyle="sid-a2a7a6f0-f2d4-4653-a732-ced948824c23">
               <omgdc:Bounds height="24.0" width="66.34285736083984" x="181.82857131958008" y="181.0"/>
            </bpmndi:BPMNLabel>
         </bpmndi:BPMNShape>
         <bpmndi:BPMNShape bpmnElement="sid-62A8A4DF-BDC9-407E-99F2-0C6665857008" id="sid-62A8A4DF-BDC9-407E-99F2-0C6665857008_gui">
            <omgdc:Bounds height="80.0" width="100.0" x="420.0" y="30.0"/>
            <bpmndi:BPMNLabel labelStyle="sid-a2a7a6f0-f2d4-4653-a732-ced948824c23">
               <omgdc:Bounds height="24.0" width="60.94285583496094" x="439.52857208251953" y="56.0"/>
            </bpmndi:BPMNLabel>
         </bpmndi:BPMNShape>
         <bpmndi:BPMNShape bpmnElement="sid-CE7DE033-47F5-48A8-BBA6-108B956CC746" id="sid-CE7DE033-47F5-48A8-BBA6-108B956CC746_gui">
            <omgdc:Bounds height="80.0" width="100.0" x="420.0" y="155.0"/>
            <bpmndi:BPMNLabel labelStyle="sid-a2a7a6f0-f2d4-4653-a732-ced948824c23">
               <omgdc:Bounds height="12.0" width="74.82857513427734" x="432.5857124328613" y="187.0"/>
            </bpmndi:BPMNLabel>
         </bpmndi:BPMNShape>
         <bpmndi:BPMNShape bpmnElement="sid-ACDE7EFA-9F48-4A11-AD0C-E84080B4EE88" id="sid-ACDE7EFA-9F48-4A11-AD0C-E84080B4EE88_gui">
            <omgdc:Bounds height="80.0" width="100.0" x="420.0" y="280.0"/>
            <bpmndi:BPMNLabel labelStyle="sid-a2a7a6f0-f2d4-4653-a732-ced948824c23">
               <omgdc:Bounds height="24.0" width="65.57142639160156" x="437.2142868041992" y="306.0"/>
            </bpmndi:BPMNLabel>
         </bpmndi:BPMNShape>
         <bpmndi:BPMNShape bpmnElement="sid-21D4C251-D7C5-4F91-93E0-1CA8D26F573F" id="sid-21D4C251-D7C5-4F91-93E0-1CA8D26F573F_gui" isMarkerVisible="true">
            <omgdc:Bounds height="40.0" width="40.0" x="310.0" y="175.0"/>
         </bpmndi:BPMNShape>
         <bpmndi:BPMNShape bpmnElement="sid-231487C0-2DEC-49B4-8276-AD8FD7027C30" id="sid-231487C0-2DEC-49B4-8276-AD8FD7027C30_gui" isMarkerVisible="true">
            <omgdc:Bounds height="40.0" width="40.0" x="565.0" y="50.0"/>
         </bpmndi:BPMNShape>
         <bpmndi:BPMNShape bpmnElement="sid-EC78BAE0-9116-4ACF-B118-2A054FF60887" id="sid-EC78BAE0-9116-4ACF-B118-2A054FF60887_gui">
            <omgdc:Bounds height="60.0" width="100.0" x="615.0" y="82.5"/>
            <bpmndi:BPMNLabel labelStyle="sid-a2a7a6f0-f2d4-4653-a732-ced948824c23">
               <omgdc:Bounds height="12.0" width="88.71429443359375" x="620.6428527832031" y="104.5"/>
            </bpmndi:BPMNLabel>
         </bpmndi:BPMNShape>
         <bpmndi:BPMNShape bpmnElement="sid-219C29C8-6245-4FF6-A47D-92EA6EF38462" id="sid-219C29C8-6245-4FF6-A47D-92EA6EF38462_gui" isMarkerVisible="true">
            <omgdc:Bounds height="40.0" width="40.0" x="565.0" y="175.0"/>
         </bpmndi:BPMNShape>
         <bpmndi:BPMNShape bpmnElement="sid-3ECA8997-4AFD-4ED2-815A-4A5D971193CC" id="sid-3ECA8997-4AFD-4ED2-815A-4A5D971193CC_gui">
            <omgdc:Bounds height="60.0" width="100.0" x="615.0" y="207.5"/>
            <bpmndi:BPMNLabel labelStyle="sid-a2a7a6f0-f2d4-4653-a732-ced948824c23">
               <omgdc:Bounds height="12.0" width="88.71429443359375" x="620.6428527832031" y="229.5"/>
            </bpmndi:BPMNLabel>
         </bpmndi:BPMNShape>
         <bpmndi:BPMNShape bpmnElement="sid-1698AF22-239A-428C-91F4-9F7477DE5836" id="sid-1698AF22-239A-428C-91F4-9F7477DE5836_gui" isMarkerVisible="true">
            <omgdc:Bounds height="40.0" width="40.0" x="565.0" y="300.0"/>
         </bpmndi:BPMNShape>
         <bpmndi:BPMNShape bpmnElement="sid-45CEA2AE-FC81-4289-B406-133DEA2BD1B0" id="sid-45CEA2AE-FC81-4289-B406-133DEA2BD1B0_gui">
            <omgdc:Bounds height="60.0" width="100.0" x="615.0" y="332.5"/>
            <bpmndi:BPMNLabel labelStyle="sid-a2a7a6f0-f2d4-4653-a732-ced948824c23">
               <omgdc:Bounds height="12.0" width="88.71429443359375" x="620.6428527832031" y="354.5"/>
            </bpmndi:BPMNLabel>
         </bpmndi:BPMNShape>
         <bpmndi:BPMNShape bpmnElement="sid-916012A9-A42C-4738-82D5-37A926A93D45" id="sid-916012A9-A42C-4738-82D5-37A926A93D45_gui" isMarkerVisible="true">
            <omgdc:Bounds height="40.0" width="40.0" x="725.0" y="50.0"/>
         </bpmndi:BPMNShape>
         <bpmndi:BPMNShape bpmnElement="sid-B2B109C8-86C0-4455-BD60-B9B1062A0C0B" id="sid-B2B109C8-86C0-4455-BD60-B9B1062A0C0B_gui" isMarkerVisible="true">
            <omgdc:Bounds height="40.0" width="40.0" x="725.0" y="175.0"/>
         </bpmndi:BPMNShape>
         <bpmndi:BPMNShape bpmnElement="sid-1F9E29AF-3432-45CB-801C-0DA891D6962B" id="sid-1F9E29AF-3432-45CB-801C-0DA891D6962B_gui" isMarkerVisible="true">
            <omgdc:Bounds height="40.0" width="40.0" x="725.0" y="300.0"/>
         </bpmndi:BPMNShape>
         <bpmndi:BPMNShape bpmnElement="sid-687F0E76-9A4F-4DAB-8A11-5FB3893D5927" id="sid-687F0E76-9A4F-4DAB-8A11-5FB3893D5927_gui" isMarkerVisible="true">
            <omgdc:Bounds height="40.0" width="40.0" x="820.0" y="175.0"/>
         </bpmndi:BPMNShape>
         <bpmndi:BPMNShape bpmnElement="sid-F9D9DD08-6E5B-4652-9071-22943CDDFB88" id="sid-F9D9DD08-6E5B-4652-9071-22943CDDFB88_gui">
            <omgdc:Bounds height="80.0" width="100.0" x="883.0" y="155.0"/>
            <bpmndi:BPMNLabel labelStyle="sid-a2a7a6f0-f2d4-4653-a732-ced948824c23">
               <omgdc:Bounds height="24.0" width="47.05714416503906" x="909.4714279174805" y="181.0"/>
            </bpmndi:BPMNLabel>
         </bpmndi:BPMNShape>
         <bpmndi:BPMNShape bpmnElement="sid-01AECE6D-9CB9-405C-BA56-3ACD4813AB0C" id="sid-01AECE6D-9CB9-405C-BA56-3ACD4813AB0C_gui">
            <omgdc:Bounds height="28.0" width="28.0" x="1028.0" y="181.0"/>
            <bpmndi:BPMNLabel labelStyle="sid-435ec8f2-4277-4351-a839-82e4be69049f">
               <omgdc:Bounds height="11.0" width="124.4571533203125" x="1010.7714233398438" y="212.0"/>
            </bpmndi:BPMNLabel>
         </bpmndi:BPMNShape>
         <bpmndi:BPMNShape bpmnElement="sid-E84C6C10-E737-4F9C-8091-5F049A6987FC" id="sid-E84C6C10-E737-4F9C-8091-5F049A6987FC_gui">
            <omgdc:Bounds height="30.0" width="30.0" x="455.0" y="95.0"/>
            <bpmndi:BPMNLabel labelStyle="sid-435ec8f2-4277-4351-a839-82e4be69049f">
               <omgdc:Bounds height="11.0" width="45.96428680419922" x="447.0178565979004" y="127.0"/>
            </bpmndi:BPMNLabel>
         </bpmndi:BPMNShape>
         <bpmndi:BPMNShape bpmnElement="sid-8AAD5411-3DB3-4A2E-9E47-394B10432F3E" id="sid-8AAD5411-3DB3-4A2E-9E47-394B10432F3E_gui">
            <omgdc:Bounds height="30.0" width="30.0" x="438.5897435897436" y="220.0"/>
            <bpmndi:BPMNLabel labelStyle="sid-435ec8f2-4277-4351-a839-82e4be69049f">
               <omgdc:Bounds height="11.0" width="45.96428680419922" x="430.607600187644" y="252.0"/>
            </bpmndi:BPMNLabel>
         </bpmndi:BPMNShape>
         <bpmndi:BPMNShape bpmnElement="sid-617029FD-888A-4E3D-AAC7-8085C14C7813" id="sid-617029FD-888A-4E3D-AAC7-8085C14C7813_gui">
            <omgdc:Bounds height="30.0" width="30.0" x="438.37630301874367" y="345.0"/>
            <bpmndi:BPMNLabel labelStyle="sid-435ec8f2-4277-4351-a839-82e4be69049f">
               <omgdc:Bounds height="11.0" width="45.96428680419922" x="430.39415961664406" y="377.0"/>
            </bpmndi:BPMNLabel>
         </bpmndi:BPMNShape>
         <bpmndi:BPMNShape bpmnElement="sid-D74D04AB-4B60-4A14-A547-94093DB754A6" id="sid-D74D04AB-4B60-4A14-A547-94093DB754A6_gui">
            <omgdc:Bounds height="30.0" width="30.0" x="620.0" y="127.5"/>
            <bpmndi:BPMNLabel labelStyle="sid-435ec8f2-4277-4351-a839-82e4be69049f">
               <omgdc:Bounds height="11.0" width="45.96428680419922" x="652.0178565979004" y="146.5"/>
            </bpmndi:BPMNLabel>
         </bpmndi:BPMNShape>
         <bpmndi:BPMNShape bpmnElement="sid-8CEB9AE3-C746-4991-A6C3-C134AB509733" id="sid-8CEB9AE3-C746-4991-A6C3-C134AB509733_gui">
            <omgdc:Bounds height="30.0" width="30.0" x="619.2928932188134" y="252.5"/>
            <bpmndi:BPMNLabel labelStyle="sid-435ec8f2-4277-4351-a839-82e4be69049f">
               <omgdc:Bounds height="11.0" width="45.96428680419922" x="654.2928932188134" y="260.5"/>
            </bpmndi:BPMNLabel>
         </bpmndi:BPMNShape>
         <bpmndi:BPMNShape bpmnElement="sid-E90A19A7-2D9A-4392-826C-CE6002D7216B" id="sid-E90A19A7-2D9A-4392-826C-CE6002D7216B_gui">
            <omgdc:Bounds height="30.0" width="30.0" x="619.2928932188134" y="377.5"/>
            <bpmndi:BPMNLabel labelStyle="sid-435ec8f2-4277-4351-a839-82e4be69049f">
               <omgdc:Bounds height="11.0" width="45.96428680419922" x="609.3107498167138" y="425.5"/>
            </bpmndi:BPMNLabel>
         </bpmndi:BPMNShape>
         <bpmndi:BPMNShape bpmnElement="sid-FEFFCFBF-944B-4767-8E7D-C0E47A84A5F8" id="sid-FEFFCFBF-944B-4767-8E7D-C0E47A84A5F8_gui">
            <omgdc:Bounds height="30.0" width="30.0" x="918.0" y="220.0"/>
            <bpmndi:BPMNLabel labelStyle="sid-435ec8f2-4277-4351-a839-82e4be69049f">
               <omgdc:Bounds height="11.0" width="45.96428680419922" x="910.0178565979004" y="252.0"/>
            </bpmndi:BPMNLabel>
         </bpmndi:BPMNShape>
         <bpmndi:BPMNShape bpmnElement="sid-10432256-9F8E-4875-BE7E-2FFC7768A6B7" id="sid-10432256-9F8E-4875-BE7E-2FFC7768A6B7_gui">
            <omgdc:Bounds height="28.0" width="28.0" x="250.0" y="454.3468574409686"/>
            <bpmndi:BPMNLabel labelStyle="sid-435ec8f2-4277-4351-a839-82e4be69049f">
               <omgdc:Bounds height="11.0" width="146.37857055664062" x="190.8107147216797" y="484.3468574409686"/>
            </bpmndi:BPMNLabel>
         </bpmndi:BPMNShape>
         <bpmndi:BPMNShape bpmnElement="sid-8C960155-793B-405F-ACF7-C9F30216F75A" id="sid-8C960155-793B-405F-ACF7-C9F30216F75A_gui">
            <omgdc:Bounds height="30.0" width="30.0" x="172.90322580645162" y="220.0"/>
            <bpmndi:BPMNLabel labelStyle="sid-435ec8f2-4277-4351-a839-82e4be69049f">
               <omgdc:Bounds height="11.0" width="45.96428680419922" x="137.921082404352" y="252.0"/>
            </bpmndi:BPMNLabel>
         </bpmndi:BPMNShape>
         <bpmndi:BPMNEdge bpmnElement="sid-4C2E184D-0A07-4051-9A57-703BD902255A" id="sid-4C2E184D-0A07-4051-9A57-703BD902255A_gui">
            <omgdi:waypoint x="265.0" y="195.21645021645023"/>
            <omgdi:waypoint x="310.0" y="195.4112554112554"/>
         </bpmndi:BPMNEdge>
         <bpmndi:BPMNEdge bpmnElement="sid-DBA78062-BCF4-4242-801C-71F098F24C94" id="sid-DBA78062-BCF4-4242-801C-71F098F24C94_gui">
            <omgdi:waypoint x="105.0" y="195.0"/>
            <omgdi:waypoint x="165.0" y="195.0"/>
         </bpmndi:BPMNEdge>
         <bpmndi:BPMNEdge bpmnElement="sid-8AA066BB-8646-4061-8D8B-8994DDCA855B" id="sid-8AA066BB-8646-4061-8D8B-8994DDCA855B_gui">
            <omgdi:waypoint x="330.5" y="175.0"/>
            <omgdi:waypoint x="330.5" y="70.0"/>
            <omgdi:waypoint x="420.0" y="70.0"/>
         </bpmndi:BPMNEdge>
         <bpmndi:BPMNEdge bpmnElement="sid-E6753995-9AA9-4495-A77F-70C393750D84" id="sid-E6753995-9AA9-4495-A77F-70C393750D84_gui">
            <omgdi:waypoint x="350.0" y="195.43010752688173"/>
            <omgdi:waypoint x="420.0" y="195.17921146953404"/>
         </bpmndi:BPMNEdge>
         <bpmndi:BPMNEdge bpmnElement="sid-0E4362AE-0BF1-4EFD-8698-DB16C5549C26" id="sid-0E4362AE-0BF1-4EFD-8698-DB16C5549C26_gui">
            <omgdi:waypoint x="330.5" y="215.0"/>
            <omgdi:waypoint x="330.5" y="320.0"/>
            <omgdi:waypoint x="420.0" y="320.0"/>
         </bpmndi:BPMNEdge>
         <bpmndi:BPMNEdge bpmnElement="sid-E24A64C1-6A3D-45A5-ABD9-80ADD4FAEAEF" id="sid-E24A64C1-6A3D-45A5-ABD9-80ADD4FAEAEF_gui">
            <omgdi:waypoint x="520.0" y="70.21645021645021"/>
            <omgdi:waypoint x="565.0" y="70.41125541125541"/>
         </bpmndi:BPMNEdge>
         <bpmndi:BPMNEdge bpmnElement="sid-0A5444F7-2AE3-4072-86F5-CCE2199CD3B6" id="sid-0A5444F7-2AE3-4072-86F5-CCE2199CD3B6_gui">
            <omgdi:waypoint x="585.5" y="90.0"/>
            <omgdi:waypoint x="585.5" y="112.5"/>
            <omgdi:waypoint x="615.0" y="112.5"/>
         </bpmndi:BPMNEdge>
         <bpmndi:BPMNEdge bpmnElement="sid-0409389F-4D70-40CE-8F09-D24123A2622E" id="sid-0409389F-4D70-40CE-8F09-D24123A2622E_gui">
            <omgdi:waypoint x="585.5" y="215.0"/>
            <omgdi:waypoint x="585.5" y="237.5"/>
            <omgdi:waypoint x="615.0" y="237.5"/>
         </bpmndi:BPMNEdge>
         <bpmndi:BPMNEdge bpmnElement="sid-534BA1F1-40EA-465D-826F-2FEFE0028818" id="sid-534BA1F1-40EA-465D-826F-2FEFE0028818_gui">
            <omgdi:waypoint x="585.5" y="340.0"/>
            <omgdi:waypoint x="585.5" y="362.5"/>
            <omgdi:waypoint x="615.0" y="362.5"/>
         </bpmndi:BPMNEdge>
         <bpmndi:BPMNEdge bpmnElement="sid-28E02EC5-5728-43E8-AB9A-C4816D914D50" id="sid-28E02EC5-5728-43E8-AB9A-C4816D914D50_gui">
            <omgdi:waypoint x="520.0" y="195.21645021645023"/>
            <omgdi:waypoint x="565.0" y="195.4112554112554"/>
         </bpmndi:BPMNEdge>
         <bpmndi:BPMNEdge bpmnElement="sid-1003D83B-BFE7-4B1B-853A-1D673B23BE33" id="sid-1003D83B-BFE7-4B1B-853A-1D673B23BE33_gui">
            <omgdi:waypoint x="520.0" y="320.2164502164502"/>
            <omgdi:waypoint x="565.0" y="320.4112554112554"/>
         </bpmndi:BPMNEdge>
         <bpmndi:BPMNEdge bpmnElement="sid-2DDD9F53-5453-4395-9239-A9FF822198C9" id="sid-2DDD9F53-5453-4395-9239-A9FF822198C9_gui">
            <omgdi:waypoint x="715.0" y="362.5"/>
            <omgdi:waypoint x="745.5" y="362.5"/>
            <omgdi:waypoint x="745.5" y="340.0"/>
         </bpmndi:BPMNEdge>
         <bpmndi:BPMNEdge bpmnElement="sid-87E1BD4C-21B8-450C-9004-931CC6129E61" id="sid-87E1BD4C-21B8-450C-9004-931CC6129E61_gui">
            <omgdi:waypoint x="715.0" y="237.5"/>
            <omgdi:waypoint x="745.5" y="237.5"/>
            <omgdi:waypoint x="745.5" y="215.0"/>
         </bpmndi:BPMNEdge>
         <bpmndi:BPMNEdge bpmnElement="sid-4D41BB08-3963-4F8D-B699-A079095C7357" id="sid-4D41BB08-3963-4F8D-B699-A079095C7357_gui">
            <omgdi:waypoint x="715.0" y="112.5"/>
            <omgdi:waypoint x="745.5" y="112.5"/>
            <omgdi:waypoint x="745.5" y="90.0"/>
         </bpmndi:BPMNEdge>
         <bpmndi:BPMNEdge bpmnElement="sid-38E2A734-9839-4947-ADAE-694E1ABAEBA2" id="sid-38E2A734-9839-4947-ADAE-694E1ABAEBA2_gui">
            <omgdi:waypoint x="765.0" y="195.5"/>
            <omgdi:waypoint x="820.0" y="195.5"/>
         </bpmndi:BPMNEdge>
         <bpmndi:BPMNEdge bpmnElement="sid-B8DD9787-48FF-4E08-8F02-90068D56AB8A" id="sid-B8DD9787-48FF-4E08-8F02-90068D56AB8A_gui">
            <omgdi:waypoint x="765.0" y="320.5"/>
            <omgdi:waypoint x="840.5" y="320.5"/>
            <omgdi:waypoint x="840.5" y="215.0"/>
         </bpmndi:BPMNEdge>
         <bpmndi:BPMNEdge bpmnElement="sid-04583655-D5DF-443B-9FCD-9C9EA6B11AEB" id="sid-04583655-D5DF-443B-9FCD-9C9EA6B11AEB_gui">
            <omgdi:waypoint x="765.0" y="70.5"/>
            <omgdi:waypoint x="840.5" y="70.5"/>
            <omgdi:waypoint x="840.5" y="175.0"/>
         </bpmndi:BPMNEdge>
         <bpmndi:BPMNEdge bpmnElement="sid-824CCC8F-3BA4-4CB7-8C0B-43CBD08FE28F" id="sid-824CCC8F-3BA4-4CB7-8C0B-43CBD08FE28F_gui">
            <omgdi:waypoint x="860.0" y="195.3945945945946"/>
            <omgdi:waypoint x="883.0" y="195.27027027027026"/>
         </bpmndi:BPMNEdge>
         <bpmndi:BPMNEdge bpmnElement="sid-ADCA40E5-1C7C-421F-87CC-621B8C578972" id="sid-ADCA40E5-1C7C-421F-87CC-621B8C578972_gui">
            <omgdi:waypoint x="633.8880095237089" y="282.5"/>
            <omgdi:waypoint x="633.5775986907954" y="294.0"/>
            <omgdi:waypoint x="538.0" y="294.0"/>
            <omgdi:waypoint x="538.0" y="468.3468574409686"/>
            <omgdi:waypoint x="278.0" y="468.3468574409686"/>
         </bpmndi:BPMNEdge>
         <bpmndi:BPMNEdge bpmnElement="sid-7E8903E9-B6CE-4DC2-9270-483BAB5D02A8" id="sid-7E8903E9-B6CE-4DC2-9270-483BAB5D02A8_gui">
            <omgdi:waypoint x="634.5670774809062" y="157.5"/>
            <omgdi:waypoint x="634.2928932188134" y="167.0"/>
            <omgdi:waypoint x="538.0" y="167.0"/>
            <omgdi:waypoint x="538.0" y="468.3468574409686"/>
            <omgdi:waypoint x="278.0" y="468.3468574409686"/>
         </bpmndi:BPMNEdge>
         <bpmndi:BPMNEdge bpmnElement="sid-5987458D-0211-4AE3-BE70-477DB2F73699" id="sid-5987458D-0211-4AE3-BE70-477DB2F73699_gui">
            <omgdi:waypoint x="634.1514316173408" y="407.5"/>
            <omgdi:waypoint x="633.5775986907954" y="468.3468574409686"/>
            <omgdi:waypoint x="278.0" y="468.3468574409686"/>
         </bpmndi:BPMNEdge>
         <bpmndi:BPMNEdge bpmnElement="sid-E1A93EFA-8F4F-48EB-A980-8E38302EEB27" id="sid-E1A93EFA-8F4F-48EB-A980-8E38302EEB27_gui">
            <omgdi:waypoint x="453.49272514838" y="250.0"/>
            <omgdi:waypoint x="453.37630301874367" y="268.0"/>
            <omgdi:waypoint x="264.0" y="268.0"/>
            <omgdi:waypoint x="264.0" y="454.3468574409686"/>
         </bpmndi:BPMNEdge>
         <bpmndi:BPMNEdge bpmnElement="sid-F0CCF1D8-A4B8-4D29-9542-21B3C222EA06" id="sid-F0CCF1D8-A4B8-4D29-9542-21B3C222EA06_gui">
            <omgdi:waypoint x="188.0380106209897" y="250.0"/>
            <omgdi:waypoint x="190.0" y="468.3468574409686"/>
            <omgdi:waypoint x="250.0" y="468.3468574409686"/>
         </bpmndi:BPMNEdge>
         <bpmndi:BPMNEdge bpmnElement="sid-8CB5ADC7-16E8-4246-A66D-A91C1F1FEE4E" id="sid-8CB5ADC7-16E8-4246-A66D-A91C1F1FEE4E_gui">
            <omgdi:waypoint x="470.0" y="125.0"/>
            <omgdi:waypoint x="470.0" y="131.0"/>
            <omgdi:waypoint x="379.0" y="131.0"/>
            <omgdi:waypoint x="379.0" y="268.0"/>
            <omgdi:waypoint x="264.0" y="268.0"/>
            <omgdi:waypoint x="264.0" y="454.3468574409686"/>
         </bpmndi:BPMNEdge>
         <bpmndi:BPMNEdge bpmnElement="sid-59B30F90-AA89-43B0-9D06-31C5141641BA" id="sid-59B30F90-AA89-43B0-9D06-31C5141641BA_gui">
            <omgdi:waypoint x="983.0" y="195.0"/>
            <omgdi:waypoint x="1028.0" y="195.0"/>
         </bpmndi:BPMNEdge>
         <bpmndi:BPMNEdge bpmnElement="sid-5213DFCA-B14C-4224-8B88-FA488A212276" id="sid-5213DFCA-B14C-4224-8B88-FA488A212276_gui">
            <omgdi:waypoint x="605.0" y="70.5"/>
            <omgdi:waypoint x="725.0" y="70.5"/>
            <bpmndi:BPMNLabel labelStyle="sid-435ec8f2-4277-4351-a839-82e4be69049f">
               <omgdc:Bounds height="12.000000000000028" width="86.4000244140625" x="613.0" y="50.49999999999997"/>
            </bpmndi:BPMNLabel>
         </bpmndi:BPMNEdge>
         <bpmndi:BPMNEdge bpmnElement="sid-A82F054D-4057-4BAB-B76F-869531F53940" id="sid-A82F054D-4057-4BAB-B76F-869531F53940_gui">
            <omgdi:waypoint x="605.0" y="195.5"/>
            <omgdi:waypoint x="725.0" y="195.5"/>
            <bpmndi:BPMNLabel labelStyle="sid-435ec8f2-4277-4351-a839-82e4be69049f">
               <omgdc:Bounds height="12.000000000000028" width="86.4000244140625" x="613.0" y="175.49999999999997"/>
            </bpmndi:BPMNLabel>
         </bpmndi:BPMNEdge>
         <bpmndi:BPMNEdge bpmnElement="sid-639832AE-6719-44A9-A81E-562467703A21" id="sid-639832AE-6719-44A9-A81E-562467703A21_gui">
            <omgdi:waypoint x="605.0" y="320.5"/>
            <omgdi:waypoint x="725.0" y="320.5"/>
            <bpmndi:BPMNLabel labelStyle="sid-435ec8f2-4277-4351-a839-82e4be69049f">
               <omgdc:Bounds height="12.0" width="86.4000244140625" x="613.0" y="300.5"/>
            </bpmndi:BPMNLabel>
         </bpmndi:BPMNEdge>
         <bpmndi:BPMNEdge bpmnElement="sid-74ECB060-DB28-448D-AE72-B6C653D942E0" id="sid-74ECB060-DB28-448D-AE72-B6C653D942E0_gui">
            <omgdi:waypoint x="453.20186211836733" y="375.0"/>
            <omgdi:waypoint x="452.9925330379157" y="393.0"/>
            <omgdi:waypoint x="264.0" y="393.0"/>
            <omgdi:waypoint x="264.0" y="454.3468574409686"/>
         </bpmndi:BPMNEdge>
         <bpmndi:BPMNEdge bpmnElement="sid-43E5D17D-7F33-4D78-850B-67D9A33645A1" id="sid-43E5D17D-7F33-4D78-850B-67D9A33645A1_gui">
            <omgdi:waypoint x="933.0" y="250.0"/>
            <omgdi:waypoint x="933.0" y="468.3468574409686"/>
            <omgdi:waypoint x="278.0" y="468.3468574409686"/>
         </bpmndi:BPMNEdge>
      </bpmndi:BPMNPlane>
      <bpmndi:BPMNLabelStyle id="sid-435ec8f2-4277-4351-a839-82e4be69049f">
         <omgdc:Font isBold="false" isItalic="false" isStrikeThrough="false" isUnderline="false" name="Arial" size="11.0"/>
      </bpmndi:BPMNLabelStyle>
      <bpmndi:BPMNLabelStyle id="sid-a2a7a6f0-f2d4-4653-a732-ced948824c23">
         <omgdc:Font isBold="false" isItalic="false" isStrikeThrough="false" isUnderline="false" name="Arial" size="12.0"/>
      </bpmndi:BPMNLabelStyle>
   </bpmndi:BPMNDiagram>
</definitions>
