<?xml version="1.0" encoding="UTF-8"?><definitions xmlns="http://www.omg.org/spec/BPMN/20100524/MODEL" xmlns:bpmndi="http://www.omg.org/spec/BPMN/20100524/DI" xmlns:omgdc="http://www.omg.org/spec/DD/20100524/DC" xmlns:omgdi="http://www.omg.org/spec/DD/20100524/DI" xmlns:signavio="http://www.signavio.com" xmlns:xsi="http://www.w3.org/2001/XMLSchema-instance" exporter="Signavio Process Editor, http://www.signavio.com" exporterVersion="11.10.0" expressionLanguage="http://www.w3.org/TR/XPath" id="sid-9bd71138-8e74-41e5-bd4a-099af1ee694f" targetNamespace="http://www.signavio.com" typeLanguage="http://www.w3.org/2001/XMLSchema" xsi:schemaLocation="http://www.omg.org/spec/BPMN/20100524/MODEL http://www.omg.org/spec/BPMN/2.0/20100501/BPMN20.xsd">
   <error id="sid-dfdf8f15-6774-40aa-8562-1a779b2bb34b"/>
   <process id="sid-a1e77262-78b6-4cf6-8580-04d2b4a77d4b" isClosed="false" isExecutable="false" processType="None">
      <extensionElements>
         <signavio:signavioDiagramMetaData metaKey="businessunit" metaValue=""/>
         <signavio:signavioDiagramMetaData metaKey="iso9000ff" metaValue=""/>
         <signavio:signavioDiagramMetaData metaKey="processowner" metaValue=""/>
         <signavio:signavioDiagramMetaData metaKey="processgoal" metaValue=""/>
         <signavio:signavioDiagramMetaData metaKey="soxrelevant" metaValue=""/>
         <signavio:signavioDiagramMetaData metaKey="revisionid" metaValue="238d8c3a7ad94105a2607a4cb5692ae4"/>
      </extensionElements>
      <startEvent id="sid-7D102D64-B6A4-4D58-9596-F04B6386F29B" name="">
         <extensionElements>
            <signavio:signavioMetaData metaKey="bgcolor" metaValue="#ffffff"/>
            <signavio:signavioMetaData metaKey="bordercolor" metaValue="#000000"/>
         </extensionElements>
         <outgoing>sid-AD67352B-4E7C-4DC7-B7B5-C0364C908B5C</outgoing>
      </startEvent>
      <exclusiveGateway gatewayDirection="Diverging" id="sid-4F9E6949-376F-4ED5-A268-F209F907EEA6" name="">
         <extensionElements>
            <signavio:signavioMetaData metaKey="bgcolor" metaValue="#ffffff"/>
            <signavio:signavioMetaData metaKey="bordercolor" metaValue="#000000"/>
         </extensionElements>
         <incoming>sid-AD67352B-4E7C-4DC7-B7B5-C0364C908B5C</incoming>
         <outgoing>sid-EAE0F7F2-464A-4FEF-82FC-4BDE5F63543C</outgoing>
         <outgoing>sid-E0D8277F-5D06-4444-9EE1-2CB798210D35</outgoing>
         <outgoing>sid-5AE56EA6-68F2-4920-B44D-D1ED60FD4E5F</outgoing>
      </exclusiveGateway>
      <userTask completionQuantity="1" id="sid-6776F6B9-D873-4168-B103-611F51D8719D" implementation="##WebService" isForCompensation="false" name="Find participant by ID" startQuantity="1">
         <extensionElements>
            <signavio:signavioMetaData metaKey="bgcolor" metaValue="#ffffcc"/>
            <signavio:signavioMetaData metaKey="bordercolor" metaValue="#000000"/>
            <signavio:signavioMetaData metaKey="risklevel" metaValue=""/>
            <signavio:signavioMetaData metaKey="externaldocuments" metaValue="[]"/>
         </extensionElements>
         <incoming>sid-EAE0F7F2-464A-4FEF-82FC-4BDE5F63543C</incoming>
         <outgoing>sid-D6E241CA-318D-4DBC-AA03-AD4882EE37D1</outgoing>
      </userTask>
      <userTask completionQuantity="1" id="sid-A1F20E2B-95B4-4330-B24D-8883419C295A" implementation="##WebService" isForCompensation="false" name="Find participant manually" startQuantity="1">
         <extensionElements>
            <signavio:signavioMetaData metaKey="bgcolor" metaValue="#ffffcc"/>
            <signavio:signavioMetaData metaKey="bordercolor" metaValue="#000000"/>
            <signavio:signavioMetaData metaKey="risklevel" metaValue=""/>
            <signavio:signavioMetaData metaKey="externaldocuments" metaValue="[]"/>
         </extensionElements>
         <incoming>sid-5AE56EA6-68F2-4920-B44D-D1ED60FD4E5F</incoming>
         <outgoing>sid-7DD5A2D4-F8DA-4591-BAA4-F3C51542D922</outgoing>
      </userTask>
      <userTask completionQuantity="1" id="sid-984F163A-C7FE-4BBF-BF8E-839C0F3D7E52" implementation="##WebService" isForCompensation="false" name="Find participant by filter" startQuantity="1">
         <extensionElements>
            <signavio:signavioMetaData metaKey="bgcolor" metaValue="#ffffcc"/>
            <signavio:signavioMetaData metaKey="bordercolor" metaValue="#000000"/>
            <signavio:signavioMetaData metaKey="risklevel" metaValue=""/>
            <signavio:signavioMetaData metaKey="externaldocuments" metaValue="[]"/>
         </extensionElements>
         <incoming>sid-E0D8277F-5D06-4444-9EE1-2CB798210D35</incoming>
         <outgoing>sid-C7602FEB-B18F-4E7F-9897-15946066948E</outgoing>
      </userTask>
      <endEvent id="sid-12E8AE4F-3C3A-449D-BC25-3C708648E8F0" name="Participant successfully found">
         <extensionElements>
            <signavio:signavioMetaData metaKey="bgcolor" metaValue="#ffffff"/>
            <signavio:signavioMetaData metaKey="bordercolor" metaValue="#000000"/>
         </extensionElements>
         <incoming>sid-D6E241CA-318D-4DBC-AA03-AD4882EE37D1</incoming>
         <incoming>sid-C7602FEB-B18F-4E7F-9897-15946066948E</incoming>
         <incoming>sid-7DD5A2D4-F8DA-4591-BAA4-F3C51542D922</incoming>
      </endEvent>
      <endEvent id="sid-FDD4E37B-A89A-4161-B2DA-7E28A22F3E9C" name="Search cancelled">
         <extensionElements>
            <signavio:signavioMetaData metaKey="bgcolor" metaValue="#ffffff"/>
            <signavio:signavioMetaData metaKey="bordercolor" metaValue="#000000"/>
         </extensionElements>
         <incoming>sid-3EB5410C-E99D-411F-85D7-95009F719102</incoming>
         <incoming>sid-98CE340F-2BBD-4BA3-A99C-CF4B4C7925FD</incoming>
         <incoming>sid-C0F13F27-C89E-4809-BD00-649E6CA034FC</incoming>
         <errorEventDefinition errorRef="sid-dfdf8f15-6774-40aa-8562-1a779b2bb34b" id="sid-88f2976a-6868-454f-b6bb-a3d7681b0cfc"/>
      </endEvent>
      <boundaryEvent attachedToRef="sid-6776F6B9-D873-4168-B103-611F51D8719D" cancelActivity="true" id="sid-1C261207-E943-41A0-8B26-E0E4FB02F793" name="Cancelled or can't find" parallelMultiple="false">
         <outgoing>sid-3EB5410C-E99D-411F-85D7-95009F719102</outgoing>
         <errorEventDefinition errorRef="sid-dfdf8f15-6774-40aa-8562-1a779b2bb34b" id="sid-d9057b77-c2f4-456e-aac2-15a02ceaf8d4"/>
      </boundaryEvent>
      <boundaryEvent attachedToRef="sid-984F163A-C7FE-4BBF-BF8E-839C0F3D7E52" cancelActivity="true" id="sid-4382B3B0-4C82-4514-B063-03AF2C5EA4AC" name="Cancelled or can't find" parallelMultiple="false">
         <outgoing>sid-98CE340F-2BBD-4BA3-A99C-CF4B4C7925FD</outgoing>
         <errorEventDefinition errorRef="sid-dfdf8f15-6774-40aa-8562-1a779b2bb34b" id="sid-90be62df-82f9-4323-ab92-45e3f50e9fde"/>
      </boundaryEvent>
      <boundaryEvent attachedToRef="sid-A1F20E2B-95B4-4330-B24D-8883419C295A" cancelActivity="true" id="sid-140220CF-9FE3-4473-81B2-CDFFD7051590" name="Cancelled or can't find" parallelMultiple="false">
         <outgoing>sid-C0F13F27-C89E-4809-BD00-649E6CA034FC</outgoing>
         <errorEventDefinition errorRef="sid-dfdf8f15-6774-40aa-8562-1a779b2bb34b" id="sid-cc29719a-e652-4f9d-9887-2d93d7c3faf7"/>
      </boundaryEvent>
      <sequenceFlow id="sid-AD67352B-4E7C-4DC7-B7B5-C0364C908B5C" name="" sourceRef="sid-7D102D64-B6A4-4D58-9596-F04B6386F29B" targetRef="sid-4F9E6949-376F-4ED5-A268-F209F907EEA6">
         <extensionElements>
            <signavio:signavioMetaData metaKey="bordercolor" metaValue="#000000"/>
         </extensionElements>
      </sequenceFlow>
      <sequenceFlow id="sid-EAE0F7F2-464A-4FEF-82FC-4BDE5F63543C" name="" sourceRef="sid-4F9E6949-376F-4ED5-A268-F209F907EEA6" targetRef="sid-6776F6B9-D873-4168-B103-611F51D8719D">
         <extensionElements>
            <signavio:signavioMetaData metaKey="bordercolor" metaValue="#000000"/>
         </extensionElements>
      </sequenceFlow>
      <sequenceFlow id="sid-E0D8277F-5D06-4444-9EE1-2CB798210D35" name="" sourceRef="sid-4F9E6949-376F-4ED5-A268-F209F907EEA6" targetRef="sid-984F163A-C7FE-4BBF-BF8E-839C0F3D7E52">
         <extensionElements>
            <signavio:signavioMetaData metaKey="bordercolor" metaValue="#000000"/>
         </extensionElements>
      </sequenceFlow>
      <sequenceFlow id="sid-D6E241CA-318D-4DBC-AA03-AD4882EE37D1" name="" sourceRef="sid-6776F6B9-D873-4168-B103-611F51D8719D" targetRef="sid-12E8AE4F-3C3A-449D-BC25-3C708648E8F0">
         <extensionElements>
            <signavio:signavioMetaData metaKey="bordercolor" metaValue="#000000"/>
         </extensionElements>
      </sequenceFlow>
      <sequenceFlow id="sid-C7602FEB-B18F-4E7F-9897-15946066948E" name="" sourceRef="sid-984F163A-C7FE-4BBF-BF8E-839C0F3D7E52" targetRef="sid-12E8AE4F-3C3A-449D-BC25-3C708648E8F0">
         <extensionElements>
            <signavio:signavioMetaData metaKey="bordercolor" metaValue="#000000"/>
         </extensionElements>
      </sequenceFlow>
      <sequenceFlow id="sid-7DD5A2D4-F8DA-4591-BAA4-F3C51542D922" name="" sourceRef="sid-A1F20E2B-95B4-4330-B24D-8883419C295A" targetRef="sid-12E8AE4F-3C3A-449D-BC25-3C708648E8F0">
         <extensionElements>
            <signavio:signavioMetaData metaKey="bordercolor" metaValue="#000000"/>
         </extensionElements>
      </sequenceFlow>
      <sequenceFlow id="sid-5AE56EA6-68F2-4920-B44D-D1ED60FD4E5F" name="" sourceRef="sid-4F9E6949-376F-4ED5-A268-F209F907EEA6" targetRef="sid-A1F20E2B-95B4-4330-B24D-8883419C295A">
         <extensionElements>
            <signavio:signavioMetaData metaKey="bordercolor" metaValue="#000000"/>
         </extensionElements>
      </sequenceFlow>
      <sequenceFlow id="sid-3EB5410C-E99D-411F-85D7-95009F719102" name="" sourceRef="sid-1C261207-E943-41A0-8B26-E0E4FB02F793" targetRef="sid-FDD4E37B-A89A-4161-B2DA-7E28A22F3E9C">
         <extensionElements>
            <signavio:signavioMetaData metaKey="bordercolor" metaValue="#FF6600"/>
         </extensionElements>
      </sequenceFlow>
      <sequenceFlow id="sid-98CE340F-2BBD-4BA3-A99C-CF4B4C7925FD" name="" sourceRef="sid-4382B3B0-4C82-4514-B063-03AF2C5EA4AC" targetRef="sid-FDD4E37B-A89A-4161-B2DA-7E28A22F3E9C">
         <extensionElements>
            <signavio:signavioMetaData metaKey="bordercolor" metaValue="#FF6600"/>
         </extensionElements>
      </sequenceFlow>
      <sequenceFlow id="sid-C0F13F27-C89E-4809-BD00-649E6CA034FC" name="" sourceRef="sid-140220CF-9FE3-4473-81B2-CDFFD7051590" targetRef="sid-FDD4E37B-A89A-4161-B2DA-7E28A22F3E9C">
         <extensionElements>
            <signavio:signavioMetaData metaKey="bordercolor" metaValue="#FF6600"/>
         </extensionElements>
      </sequenceFlow>
   </process>
   <bpmndi:BPMNDiagram id="sid-7572e7b2-f983-4d0e-a32d-a287f5501a0c">
      <bpmndi:BPMNPlane bpmnElement="sid-a1e77262-78b6-4cf6-8580-04d2b4a77d4b" id="sid-3a4cd062-34fb-4a46-b668-c727de1ff217">
         <bpmndi:BPMNShape bpmnElement="sid-7D102D64-B6A4-4D58-9596-F04B6386F29B" id="sid-7D102D64-B6A4-4D58-9596-F04B6386F29B_gui">
            <omgdc:Bounds height="30.0" width="30.0" x="75.0" y="210.0"/>
         </bpmndi:BPMNShape>
         <bpmndi:BPMNShape bpmnElement="sid-4F9E6949-376F-4ED5-A268-F209F907EEA6" id="sid-4F9E6949-376F-4ED5-A268-F209F907EEA6_gui" isMarkerVisible="true">
            <omgdc:Bounds height="40.0" width="40.0" x="150.0" y="205.0"/>
         </bpmndi:BPMNShape>
         <bpmndi:BPMNShape bpmnElement="sid-6776F6B9-D873-4168-B103-611F51D8719D" id="sid-6776F6B9-D873-4168-B103-611F51D8719D_gui">
            <omgdc:Bounds height="57.55209964206793" width="150.0" x="235.0" y="43.948657097301435"/>
            <bpmndi:BPMNLabel labelStyle="sid-cdf3c1ac-edb5-418a-96e1-85881a3f5061">
               <omgdc:Bounds height="12.0" width="116.4857177734375" x="251.75714111328125" y="64.72465807386394"/>
            </bpmndi:BPMNLabel>
         </bpmndi:BPMNShape>
         <bpmndi:BPMNShape bpmnElement="sid-A1F20E2B-95B4-4330-B24D-8883419C295A" id="sid-A1F20E2B-95B4-4330-B24D-8883419C295A_gui">
            <omgdc:Bounds height="55.0" width="150.0" x="235.0" y="337.10268580539713"/>
            <bpmndi:BPMNLabel labelStyle="sid-cdf3c1ac-edb5-418a-96e1-85881a3f5061">
               <omgdc:Bounds height="12.0" width="134.22857666015625" x="242.88571166992188" y="356.60268580539713"/>
            </bpmndi:BPMNLabel>
         </bpmndi:BPMNShape>
         <bpmndi:BPMNShape bpmnElement="sid-984F163A-C7FE-4BBF-BF8E-839C0F3D7E52" id="sid-984F163A-C7FE-4BBF-BF8E-839C0F3D7E52_gui">
            <omgdc:Bounds height="57.55209964206793" width="150.0" x="235.0" y="197.0"/>
            <bpmndi:BPMNLabel labelStyle="sid-cdf3c1ac-edb5-418a-96e1-85881a3f5061">
               <omgdc:Bounds height="12.0" width="128.05714416503906" x="245.97142791748047" y="217.7760009765625"/>
            </bpmndi:BPMNLabel>
         </bpmndi:BPMNShape>
         <bpmndi:BPMNShape bpmnElement="sid-12E8AE4F-3C3A-449D-BC25-3C708648E8F0" id="sid-12E8AE4F-3C3A-449D-BC25-3C708648E8F0_gui">
            <omgdc:Bounds height="28.0" width="28.0" x="480.0" y="211.0"/>
            <bpmndi:BPMNLabel labelStyle="sid-44275bd4-76a7-4185-82c0-3aa456b9f4bc">
               <omgdc:Bounds height="11.0" width="146.37857055664062" x="420.8107147216797" y="241.0"/>
            </bpmndi:BPMNLabel>
         </bpmndi:BPMNShape>
         <bpmndi:BPMNShape bpmnElement="sid-FDD4E37B-A89A-4161-B2DA-7E28A22F3E9C" id="sid-FDD4E37B-A89A-4161-B2DA-7E28A22F3E9C_gui">
            <omgdc:Bounds height="28.0" width="28.0" x="182.0" y="477.20537161079426"/>
            <bpmndi:BPMNLabel labelStyle="sid-44275bd4-76a7-4185-82c0-3aa456b9f4bc">
               <omgdc:Bounds height="11.0" width="81.32142639160156" x="155.33928680419922" y="507.20537161079426"/>
            </bpmndi:BPMNLabel>
         </bpmndi:BPMNShape>
         <bpmndi:BPMNShape bpmnElement="sid-1C261207-E943-41A0-8B26-E0E4FB02F793" id="sid-1C261207-E943-41A0-8B26-E0E4FB02F793_gui">
            <omgdc:Bounds height="30.0" width="30.0" x="224.28571428571428" y="86.50075673936936"/>
            <bpmndi:BPMNLabel labelStyle="sid-44275bd4-76a7-4185-82c0-3aa456b9f4bc">
               <omgdc:Bounds height="11.0" width="109.60714721679688" x="220.48214067731584" y="130.50075673936936"/>
            </bpmndi:BPMNLabel>
         </bpmndi:BPMNShape>
         <bpmndi:BPMNShape bpmnElement="sid-4382B3B0-4C82-4514-B063-03AF2C5EA4AC" id="sid-4382B3B0-4C82-4514-B063-03AF2C5EA4AC_gui">
            <omgdc:Bounds height="30.0" width="30.0" x="220.0" y="226.47207699614341"/>
            <bpmndi:BPMNLabel labelStyle="sid-44275bd4-76a7-4185-82c0-3aa456b9f4bc">
               <omgdc:Bounds height="11.0" width="109.60714721679688" x="243.19642639160156" y="264.4720769961434"/>
            </bpmndi:BPMNLabel>
         </bpmndi:BPMNShape>
         <bpmndi:BPMNShape bpmnElement="sid-140220CF-9FE3-4473-81B2-CDFFD7051590" id="sid-140220CF-9FE3-4473-81B2-CDFFD7051590_gui">
            <omgdc:Bounds height="30.0" width="30.0" x="244.81259877397514" y="377.10268580539713"/>
            <bpmndi:BPMNLabel labelStyle="sid-44275bd4-76a7-4185-82c0-3aa456b9f4bc">
               <omgdc:Bounds height="11.0" width="109.60714721679688" x="266.0090251655767" y="420.10268580539713"/>
            </bpmndi:BPMNLabel>
         </bpmndi:BPMNShape>
         <bpmndi:BPMNEdge bpmnElement="sid-AD67352B-4E7C-4DC7-B7B5-C0364C908B5C" id="sid-AD67352B-4E7C-4DC7-B7B5-C0364C908B5C_gui">
            <omgdi:waypoint x="105.0" y="225.09316770186336"/>
            <omgdi:waypoint x="150.0" y="225.37267080745343"/>
         </bpmndi:BPMNEdge>
         <bpmndi:BPMNEdge bpmnElement="sid-EAE0F7F2-464A-4FEF-82FC-4BDE5F63543C" id="sid-EAE0F7F2-464A-4FEF-82FC-4BDE5F63543C_gui">
            <omgdi:waypoint x="170.5" y="205.0"/>
            <omgdi:waypoint x="170.5" y="72.7247069183354"/>
            <omgdi:waypoint x="235.0" y="72.7247069183354"/>
         </bpmndi:BPMNEdge>
         <bpmndi:BPMNEdge bpmnElement="sid-E0D8277F-5D06-4444-9EE1-2CB798210D35" id="sid-E0D8277F-5D06-4444-9EE1-2CB798210D35_gui">
            <omgdi:waypoint x="190.0" y="225.5"/>
            <omgdi:waypoint x="212.5" y="225.5"/>
            <omgdi:waypoint x="212.5" y="224.5"/>
            <omgdi:waypoint x="235.0" y="224.7944730356232"/>
         </bpmndi:BPMNEdge>
         <bpmndi:BPMNEdge bpmnElement="sid-D6E241CA-318D-4DBC-AA03-AD4882EE37D1" id="sid-D6E241CA-318D-4DBC-AA03-AD4882EE37D1_gui">
            <omgdi:waypoint x="385.0" y="72.7247069183354"/>
            <omgdi:waypoint x="432.5" y="72.7247069183354"/>
            <omgdi:waypoint x="432.5" y="225.0"/>
            <omgdi:waypoint x="480.0" y="225.0"/>
         </bpmndi:BPMNEdge>
         <bpmndi:BPMNEdge bpmnElement="sid-C7602FEB-B18F-4E7F-9897-15946066948E" id="sid-C7602FEB-B18F-4E7F-9897-15946066948E_gui">
            <omgdi:waypoint x="385.0" y="225.4597251657212"/>
            <omgdi:waypoint x="480.0" y="225.05904726899172"/>
         </bpmndi:BPMNEdge>
         <bpmndi:BPMNEdge bpmnElement="sid-7DD5A2D4-F8DA-4591-BAA4-F3C51542D922" id="sid-7DD5A2D4-F8DA-4591-BAA4-F3C51542D922_gui">
            <omgdi:waypoint x="385.0" y="364.60268580539713"/>
            <omgdi:waypoint x="432.5" y="364.60268580539713"/>
            <omgdi:waypoint x="432.5" y="225.0"/>
            <omgdi:waypoint x="480.0" y="225.0"/>
         </bpmndi:BPMNEdge>
         <bpmndi:BPMNEdge bpmnElement="sid-5AE56EA6-68F2-4920-B44D-D1ED60FD4E5F" id="sid-5AE56EA6-68F2-4920-B44D-D1ED60FD4E5F_gui">
            <omgdi:waypoint x="170.5" y="245.0"/>
            <omgdi:waypoint x="170.5" y="364.60268580539713"/>
            <omgdi:waypoint x="235.0" y="364.60268580539713"/>
         </bpmndi:BPMNEdge>
         <bpmndi:BPMNEdge bpmnElement="sid-3EB5410C-E99D-411F-85D7-95009F719102" id="sid-3EB5410C-E99D-411F-85D7-95009F719102_gui">
            <omgdi:waypoint x="224.28571428571428" y="100.25203902583642"/>
            <omgdi:waypoint x="196.0" y="97.89731419460287"/>
            <omgdi:waypoint x="196.0" y="477.20537161079426"/>
         </bpmndi:BPMNEdge>
         <bpmndi:BPMNEdge bpmnElement="sid-98CE340F-2BBD-4BA3-A99C-CF4B4C7925FD" id="sid-98CE340F-2BBD-4BA3-A99C-CF4B4C7925FD_gui">
            <omgdi:waypoint x="234.82273006497098" y="256.4720769961434"/>
            <omgdi:waypoint x="234.3555892421226" y="296.0"/>
            <omgdi:waypoint x="196.0" y="296.0"/>
            <omgdi:waypoint x="196.0" y="477.20537161079426"/>
         </bpmndi:BPMNEdge>
         <bpmndi:BPMNEdge bpmnElement="sid-C0F13F27-C89E-4809-BD00-649E6CA034FC" id="sid-C0F13F27-C89E-4809-BD00-649E6CA034FC_gui">
            <omgdi:waypoint x="259.51619740419613" y="407.10268580539713"/>
            <omgdi:waypoint x="259.12302465871596" y="427.0"/>
            <omgdi:waypoint x="196.0" y="427.0"/>
            <omgdi:waypoint x="196.0" y="477.20537161079426"/>
         </bpmndi:BPMNEdge>
      </bpmndi:BPMNPlane>
      <bpmndi:BPMNLabelStyle id="sid-44275bd4-76a7-4185-82c0-3aa456b9f4bc">
         <omgdc:Font isBold="false" isItalic="false" isStrikeThrough="false" isUnderline="false" name="Arial" size="11.0"/>
      </bpmndi:BPMNLabelStyle>
      <bpmndi:BPMNLabelStyle id="sid-cdf3c1ac-edb5-418a-96e1-85881a3f5061">
         <omgdc:Font isBold="false" isItalic="false" isStrikeThrough="false" isUnderline="false" name="Arial" size="12.0"/>
      </bpmndi:BPMNLabelStyle>
   </bpmndi:BPMNDiagram>
</definitions>
