<?xml version="1.0" encoding="UTF-8"?><definitions xmlns="http://www.omg.org/spec/BPMN/20100524/MODEL" xmlns:bpmndi="http://www.omg.org/spec/BPMN/20100524/DI" xmlns:omgdc="http://www.omg.org/spec/DD/20100524/DC" xmlns:omgdi="http://www.omg.org/spec/DD/20100524/DI" xmlns:signavio="http://www.signavio.com" xmlns:xsi="http://www.w3.org/2001/XMLSchema-instance" exporter="Signavio Process Editor, http://www.signavio.com" exporterVersion="11.10.0" expressionLanguage="http://www.w3.org/TR/XPath" id="sid-3c904d5f-7158-46b1-9626-cf1a2ba599f5" targetNamespace="http://www.signavio.com" typeLanguage="http://www.w3.org/2001/XMLSchema" xsi:schemaLocation="http://www.omg.org/spec/BPMN/20100524/MODEL http://www.omg.org/spec/BPMN/2.0/20100501/BPMN20.xsd">
   <error id="sid-8521871c-15b5-4969-8f49-180eeda4094c"/>
   <process id="sid-ddc4dffa-e3b0-4115-9e81-f93cc7c7264c" isClosed="false" isExecutable="false" processType="None">
      <extensionElements>
         <signavio:signavioDiagramMetaData metaKey="businessunit" metaValue=""/>
         <signavio:signavioDiagramMetaData metaKey="iso9000ff" metaValue=""/>
         <signavio:signavioDiagramMetaData metaKey="processowner" metaValue=""/>
         <signavio:signavioDiagramMetaData metaKey="processgoal" metaValue=""/>
         <signavio:signavioDiagramMetaData metaKey="soxrelevant" metaValue=""/>
         <signavio:signavioDiagramMetaData metaKey="revisionid" metaValue="fb96d52d6e9548f0b908ef46a251f1ae"/>
      </extensionElements>
      <startEvent id="sid-7D102D64-B6A4-4D58-9596-F04B6386F29B" name="">
         <extensionElements>
            <signavio:signavioMetaData metaKey="bgcolor" metaValue="#ffffff"/>
            <signavio:signavioMetaData metaKey="bordercolor" metaValue="#000000"/>
         </extensionElements>
         <outgoing>sid-AD67352B-4E7C-4DC7-B7B5-C0364C908B5C</outgoing>
      </startEvent>
      <exclusiveGateway gatewayDirection="Diverging" id="sid-4F9E6949-376F-4ED5-A268-F209F907EEA6" name="">
         <extensionElements>
            <signavio:signavioMetaData metaKey="bgcolor" metaValue="#ffffff"/>
            <signavio:signavioMetaData metaKey="bordercolor" metaValue="#000000"/>
         </extensionElements>
         <incoming>sid-AD67352B-4E7C-4DC7-B7B5-C0364C908B5C</incoming>
         <outgoing>sid-EAE0F7F2-464A-4FEF-82FC-4BDE5F63543C</outgoing>
         <outgoing>sid-E0D8277F-5D06-4444-9EE1-2CB798210D35</outgoing>
         <outgoing>sid-5AE56EA6-68F2-4920-B44D-D1ED60FD4E5F</outgoing>
      </exclusiveGateway>
      <task completionQuantity="1" id="sid-6776F6B9-D873-4168-B103-611F51D8719D" isForCompensation="false" name="Find participant by ID" startQuantity="1">
         <extensionElements>
            <signavio:signavioMetaData metaKey="bgcolor" metaValue="#ffffcc"/>
            <signavio:signavioMetaData metaKey="bordercolor" metaValue="#000000"/>
            <signavio:signavioMetaData metaKey="risklevel" metaValue=""/>
            <signavio:signavioMetaData metaKey="externaldocuments" metaValue="[]"/>
         </extensionElements>
         <incoming>sid-EAE0F7F2-464A-4FEF-82FC-4BDE5F63543C</incoming>
         <outgoing>sid-D6E241CA-318D-4DBC-AA03-AD4882EE37D1</outgoing>
      </task>
      <task completionQuantity="1" id="sid-A1F20E2B-95B4-4330-B24D-8883419C295A" isForCompensation="false" name="Find participant manually" startQuantity="1">
         <extensionElements>
            <signavio:signavioMetaData metaKey="bgcolor" metaValue="#ffffcc"/>
            <signavio:signavioMetaData metaKey="bordercolor" metaValue="#000000"/>
            <signavio:signavioMetaData metaKey="risklevel" metaValue=""/>
            <signavio:signavioMetaData metaKey="externaldocuments" metaValue="[]"/>
         </extensionElements>
         <incoming>sid-5AE56EA6-68F2-4920-B44D-D1ED60FD4E5F</incoming>
         <outgoing>sid-7DD5A2D4-F8DA-4591-BAA4-F3C51542D922</outgoing>
      </task>
      <task completionQuantity="1" id="sid-984F163A-C7FE-4BBF-BF8E-839C0F3D7E52" isForCompensation="false" name="Find participant by filter" startQuantity="1">
         <extensionElements>
            <signavio:signavioMetaData metaKey="bgcolor" metaValue="#ffffcc"/>
            <signavio:signavioMetaData metaKey="bordercolor" metaValue="#000000"/>
            <signavio:signavioMetaData metaKey="risklevel" metaValue=""/>
            <signavio:signavioMetaData metaKey="externaldocuments" metaValue="[]"/>
         </extensionElements>
         <incoming>sid-E0D8277F-5D06-4444-9EE1-2CB798210D35</incoming>
         <outgoing>sid-C7602FEB-B18F-4E7F-9897-15946066948E</outgoing>
      </task>
      <endEvent id="sid-12E8AE4F-3C3A-449D-BC25-3C708648E8F0" name="">
         <extensionElements>
            <signavio:signavioMetaData metaKey="bgcolor" metaValue="#ffffff"/>
            <signavio:signavioMetaData metaKey="bordercolor" metaValue="#000000"/>
         </extensionElements>
         <incoming>sid-D6E241CA-318D-4DBC-AA03-AD4882EE37D1</incoming>
         <incoming>sid-C7602FEB-B18F-4E7F-9897-15946066948E</incoming>
         <incoming>sid-7DD5A2D4-F8DA-4591-BAA4-F3C51542D922</incoming>
      </endEvent>
      <endEvent id="sid-FDD4E37B-A89A-4161-B2DA-7E28A22F3E9C" name="Search cancelled">
         <extensionElements>
            <signavio:signavioMetaData metaKey="bgcolor" metaValue="#ffffff"/>
            <signavio:signavioMetaData metaKey="bordercolor" metaValue="#000000"/>
         </extensionElements>
         <incoming>sid-98CE340F-2BBD-4BA3-A99C-CF4B4C7925FD</incoming>
         <incoming>sid-3EB5410C-E99D-411F-85D7-95009F719102</incoming>
         <incoming>sid-C0F13F27-C89E-4809-BD00-649E6CA034FC</incoming>
         <errorEventDefinition errorRef="sid-8521871c-15b5-4969-8f49-180eeda4094c" id="sid-98b1ab9a-7888-4428-9c85-44ff95ab33d7"/>
      </endEvent>
      <boundaryEvent attachedToRef="sid-6776F6B9-D873-4168-B103-611F51D8719D" cancelActivity="true" id="sid-1C261207-E943-41A0-8B26-E0E4FB02F793" name="Cancelled" parallelMultiple="false">
         <outgoing>sid-3EB5410C-E99D-411F-85D7-95009F719102</outgoing>
         <errorEventDefinition errorRef="sid-8521871c-15b5-4969-8f49-180eeda4094c" id="sid-b7a7d64f-2b46-4aac-8245-e6cba8fba6a8"/>
      </boundaryEvent>
      <boundaryEvent attachedToRef="sid-984F163A-C7FE-4BBF-BF8E-839C0F3D7E52" cancelActivity="true" id="sid-4382B3B0-4C82-4514-B063-03AF2C5EA4AC" name="Cancelled" parallelMultiple="false">
         <outgoing>sid-98CE340F-2BBD-4BA3-A99C-CF4B4C7925FD</outgoing>
         <errorEventDefinition errorRef="sid-8521871c-15b5-4969-8f49-180eeda4094c" id="sid-0a31c392-4e1d-4e66-9ca1-7e5ea161ee59"/>
      </boundaryEvent>
      <boundaryEvent attachedToRef="sid-A1F20E2B-95B4-4330-B24D-8883419C295A" cancelActivity="true" id="sid-140220CF-9FE3-4473-81B2-CDFFD7051590" name="Cancelled" parallelMultiple="false">
         <outgoing>sid-C0F13F27-C89E-4809-BD00-649E6CA034FC</outgoing>
         <errorEventDefinition errorRef="sid-8521871c-15b5-4969-8f49-180eeda4094c" id="sid-5d6bc1ec-cade-4988-921e-90bea3e9e509"/>
      </boundaryEvent>
      <sequenceFlow id="sid-AD67352B-4E7C-4DC7-B7B5-C0364C908B5C" name="" sourceRef="sid-7D102D64-B6A4-4D58-9596-F04B6386F29B" targetRef="sid-4F9E6949-376F-4ED5-A268-F209F907EEA6">
         <extensionElements>
            <signavio:signavioMetaData metaKey="bordercolor" metaValue="#000000"/>
         </extensionElements>
      </sequenceFlow>
      <sequenceFlow id="sid-EAE0F7F2-464A-4FEF-82FC-4BDE5F63543C" name="" sourceRef="sid-4F9E6949-376F-4ED5-A268-F209F907EEA6" targetRef="sid-6776F6B9-D873-4168-B103-611F51D8719D">
         <extensionElements>
            <signavio:signavioMetaData metaKey="bordercolor" metaValue="#000000"/>
         </extensionElements>
      </sequenceFlow>
      <sequenceFlow id="sid-E0D8277F-5D06-4444-9EE1-2CB798210D35" name="" sourceRef="sid-4F9E6949-376F-4ED5-A268-F209F907EEA6" targetRef="sid-984F163A-C7FE-4BBF-BF8E-839C0F3D7E52">
         <extensionElements>
            <signavio:signavioMetaData metaKey="bordercolor" metaValue="#000000"/>
         </extensionElements>
      </sequenceFlow>
      <sequenceFlow id="sid-D6E241CA-318D-4DBC-AA03-AD4882EE37D1" name="" sourceRef="sid-6776F6B9-D873-4168-B103-611F51D8719D" targetRef="sid-12E8AE4F-3C3A-449D-BC25-3C708648E8F0">
         <extensionElements>
            <signavio:signavioMetaData metaKey="bordercolor" metaValue="#000000"/>
         </extensionElements>
      </sequenceFlow>
      <sequenceFlow id="sid-C7602FEB-B18F-4E7F-9897-15946066948E" name="" sourceRef="sid-984F163A-C7FE-4BBF-BF8E-839C0F3D7E52" targetRef="sid-12E8AE4F-3C3A-449D-BC25-3C708648E8F0">
         <extensionElements>
            <signavio:signavioMetaData metaKey="bordercolor" metaValue="#000000"/>
         </extensionElements>
      </sequenceFlow>
      <sequenceFlow id="sid-7DD5A2D4-F8DA-4591-BAA4-F3C51542D922" name="" sourceRef="sid-A1F20E2B-95B4-4330-B24D-8883419C295A" targetRef="sid-12E8AE4F-3C3A-449D-BC25-3C708648E8F0">
         <extensionElements>
            <signavio:signavioMetaData metaKey="bordercolor" metaValue="#000000"/>
         </extensionElements>
      </sequenceFlow>
      <sequenceFlow id="sid-5AE56EA6-68F2-4920-B44D-D1ED60FD4E5F" name="" sourceRef="sid-4F9E6949-376F-4ED5-A268-F209F907EEA6" targetRef="sid-A1F20E2B-95B4-4330-B24D-8883419C295A">
         <extensionElements>
            <signavio:signavioMetaData metaKey="bordercolor" metaValue="#000000"/>
         </extensionElements>
      </sequenceFlow>
      <sequenceFlow id="sid-98CE340F-2BBD-4BA3-A99C-CF4B4C7925FD" name="" sourceRef="sid-4382B3B0-4C82-4514-B063-03AF2C5EA4AC" targetRef="sid-FDD4E37B-A89A-4161-B2DA-7E28A22F3E9C">
         <extensionElements>
            <signavio:signavioMetaData metaKey="bordercolor" metaValue="#FF6600"/>
         </extensionElements>
      </sequenceFlow>
      <sequenceFlow id="sid-3EB5410C-E99D-411F-85D7-95009F719102" name="" sourceRef="sid-1C261207-E943-41A0-8B26-E0E4FB02F793" targetRef="sid-FDD4E37B-A89A-4161-B2DA-7E28A22F3E9C">
         <extensionElements>
            <signavio:signavioMetaData metaKey="bordercolor" metaValue="#FF6600"/>
         </extensionElements>
      </sequenceFlow>
      <sequenceFlow id="sid-C0F13F27-C89E-4809-BD00-649E6CA034FC" name="" sourceRef="sid-140220CF-9FE3-4473-81B2-CDFFD7051590" targetRef="sid-FDD4E37B-A89A-4161-B2DA-7E28A22F3E9C">
         <extensionElements>
            <signavio:signavioMetaData metaKey="bordercolor" metaValue="#FF6600"/>
         </extensionElements>
      </sequenceFlow>
   </process>
   <bpmndi:BPMNDiagram id="sid-cba20194-9201-4d15-85db-4ab4e47c0ef1">
      <bpmndi:BPMNPlane bpmnElement="sid-ddc4dffa-e3b0-4115-9e81-f93cc7c7264c" id="sid-59720ebd-cc8d-4324-b9d0-96813f2e1d15">
         <bpmndi:BPMNShape bpmnElement="sid-7D102D64-B6A4-4D58-9596-F04B6386F29B" id="sid-7D102D64-B6A4-4D58-9596-F04B6386F29B_gui">
            <omgdc:Bounds height="30.0" width="30.0" x="60.0" y="105.0"/>
         </bpmndi:BPMNShape>
         <bpmndi:BPMNShape bpmnElement="sid-4F9E6949-376F-4ED5-A268-F209F907EEA6" id="sid-4F9E6949-376F-4ED5-A268-F209F907EEA6_gui" isMarkerVisible="true">
            <omgdc:Bounds height="40.0" width="40.0" x="135.0" y="100.0"/>
         </bpmndi:BPMNShape>
         <bpmndi:BPMNShape bpmnElement="sid-6776F6B9-D873-4168-B103-611F51D8719D" id="sid-6776F6B9-D873-4168-B103-611F51D8719D_gui">
            <omgdc:Bounds height="55.0" width="100.0" x="220.0" y="0.0"/>
            <bpmndi:BPMNLabel labelStyle="sid-f5bfd868-6779-46e7-b568-2f1745f43e9b">
               <omgdc:Bounds height="24.0" width="83.31428527832031" x="228.34285736083984" y="13.5"/>
            </bpmndi:BPMNLabel>
         </bpmndi:BPMNShape>
         <bpmndi:BPMNShape bpmnElement="sid-A1F20E2B-95B4-4330-B24D-8883419C295A" id="sid-A1F20E2B-95B4-4330-B24D-8883419C295A_gui">
            <omgdc:Bounds height="55.0" width="100.0" x="220.0" y="180.0"/>
            <bpmndi:BPMNLabel labelStyle="sid-f5bfd868-6779-46e7-b568-2f1745f43e9b">
               <omgdc:Bounds height="24.0" width="83.31428527832031" x="228.34285736083984" y="193.5"/>
            </bpmndi:BPMNLabel>
         </bpmndi:BPMNShape>
         <bpmndi:BPMNShape bpmnElement="sid-984F163A-C7FE-4BBF-BF8E-839C0F3D7E52" id="sid-984F163A-C7FE-4BBF-BF8E-839C0F3D7E52_gui">
            <omgdc:Bounds height="55.0" width="100.0" x="220.0" y="92.0"/>
            <bpmndi:BPMNLabel labelStyle="sid-f5bfd868-6779-46e7-b568-2f1745f43e9b">
               <omgdc:Bounds height="24.0" width="83.31428527832031" x="228.34285736083984" y="105.5"/>
            </bpmndi:BPMNLabel>
         </bpmndi:BPMNShape>
         <bpmndi:BPMNShape bpmnElement="sid-12E8AE4F-3C3A-449D-BC25-3C708648E8F0" id="sid-12E8AE4F-3C3A-449D-BC25-3C708648E8F0_gui">
            <omgdc:Bounds height="28.0" width="28.0" x="465.0" y="106.0"/>
         </bpmndi:BPMNShape>
         <bpmndi:BPMNShape bpmnElement="sid-FDD4E37B-A89A-4161-B2DA-7E28A22F3E9C" id="sid-FDD4E37B-A89A-4161-B2DA-7E28A22F3E9C_gui">
            <omgdc:Bounds height="28.0" width="28.0" x="175.6777946210613" y="295.62963565154456"/>
            <bpmndi:BPMNLabel labelStyle="sid-a027a687-8951-4a1e-b7bd-473240c6315d">
               <omgdc:Bounds height="11.0" width="81.32142639160156" x="149.01708142526053" y="325.62963565154456"/>
            </bpmndi:BPMNLabel>
         </bpmndi:BPMNShape>
         <bpmndi:BPMNShape bpmnElement="sid-1C261207-E943-41A0-8B26-E0E4FB02F793" id="sid-1C261207-E943-41A0-8B26-E0E4FB02F793_gui">
            <omgdc:Bounds height="30.0" width="30.0" x="207.85714285714286" y="40.0"/>
            <bpmndi:BPMNLabel labelStyle="sid-a027a687-8951-4a1e-b7bd-473240c6315d">
               <omgdc:Bounds height="11.0" width="45.96428680419922" x="199.87499945504325" y="72.0"/>
            </bpmndi:BPMNLabel>
         </bpmndi:BPMNShape>
         <bpmndi:BPMNShape bpmnElement="sid-4382B3B0-4C82-4514-B063-03AF2C5EA4AC" id="sid-4382B3B0-4C82-4514-B063-03AF2C5EA4AC_gui">
            <omgdc:Bounds height="30.0" width="30.0" x="205.0" y="119.5"/>
            <bpmndi:BPMNLabel labelStyle="sid-a027a687-8951-4a1e-b7bd-473240c6315d">
               <omgdc:Bounds height="11.0" width="45.96428680419922" x="197.0178565979004" y="151.5"/>
            </bpmndi:BPMNLabel>
         </bpmndi:BPMNShape>
         <bpmndi:BPMNShape bpmnElement="sid-140220CF-9FE3-4473-81B2-CDFFD7051590" id="sid-140220CF-9FE3-4473-81B2-CDFFD7051590_gui">
            <omgdc:Bounds height="30.0" width="30.0" x="205.0" y="206.28456879652055"/>
            <bpmndi:BPMNLabel labelStyle="sid-a027a687-8951-4a1e-b7bd-473240c6315d">
               <omgdc:Bounds height="11.0" width="45.96428680419922" x="197.0178565979004" y="238.28456879652055"/>
            </bpmndi:BPMNLabel>
         </bpmndi:BPMNShape>
         <bpmndi:BPMNEdge bpmnElement="sid-AD67352B-4E7C-4DC7-B7B5-C0364C908B5C" id="sid-AD67352B-4E7C-4DC7-B7B5-C0364C908B5C_gui">
            <omgdi:waypoint x="90.0" y="120.09316770186335"/>
            <omgdi:waypoint x="135.0" y="120.37267080745342"/>
         </bpmndi:BPMNEdge>
         <bpmndi:BPMNEdge bpmnElement="sid-EAE0F7F2-464A-4FEF-82FC-4BDE5F63543C" id="sid-EAE0F7F2-464A-4FEF-82FC-4BDE5F63543C_gui">
            <omgdi:waypoint x="155.5" y="100.0"/>
            <omgdi:waypoint x="155.5" y="27.5"/>
            <omgdi:waypoint x="220.0" y="27.5"/>
         </bpmndi:BPMNEdge>
         <bpmndi:BPMNEdge bpmnElement="sid-E0D8277F-5D06-4444-9EE1-2CB798210D35" id="sid-E0D8277F-5D06-4444-9EE1-2CB798210D35_gui">
            <omgdi:waypoint x="175.0" y="120.32969432314411"/>
            <omgdi:waypoint x="220.0" y="119.93668122270742"/>
         </bpmndi:BPMNEdge>
         <bpmndi:BPMNEdge bpmnElement="sid-D6E241CA-318D-4DBC-AA03-AD4882EE37D1" id="sid-D6E241CA-318D-4DBC-AA03-AD4882EE37D1_gui">
            <omgdi:waypoint x="320.0" y="27.5"/>
            <omgdi:waypoint x="392.5" y="27.5"/>
            <omgdi:waypoint x="392.5" y="120.0"/>
            <omgdi:waypoint x="465.0" y="120.0"/>
         </bpmndi:BPMNEdge>
         <bpmndi:BPMNEdge bpmnElement="sid-C7602FEB-B18F-4E7F-9897-15946066948E" id="sid-C7602FEB-B18F-4E7F-9897-15946066948E_gui">
            <omgdi:waypoint x="320.0" y="119.61961722488039"/>
            <omgdi:waypoint x="465.0" y="119.96650717703349"/>
         </bpmndi:BPMNEdge>
         <bpmndi:BPMNEdge bpmnElement="sid-7DD5A2D4-F8DA-4591-BAA4-F3C51542D922" id="sid-7DD5A2D4-F8DA-4591-BAA4-F3C51542D922_gui">
            <omgdi:waypoint x="320.0" y="207.5"/>
            <omgdi:waypoint x="392.5" y="207.5"/>
            <omgdi:waypoint x="392.5" y="120.0"/>
            <omgdi:waypoint x="465.0" y="120.0"/>
         </bpmndi:BPMNEdge>
         <bpmndi:BPMNEdge bpmnElement="sid-5AE56EA6-68F2-4920-B44D-D1ED60FD4E5F" id="sid-5AE56EA6-68F2-4920-B44D-D1ED60FD4E5F_gui">
            <omgdi:waypoint x="155.5" y="140.0"/>
            <omgdi:waypoint x="155.5" y="207.5"/>
            <omgdi:waypoint x="220.0" y="207.5"/>
         </bpmndi:BPMNEdge>
         <bpmndi:BPMNEdge bpmnElement="sid-98CE340F-2BBD-4BA3-A99C-CF4B4C7925FD" id="sid-98CE340F-2BBD-4BA3-A99C-CF4B4C7925FD_gui">
            <omgdi:waypoint x="219.69313773434408" y="149.5"/>
            <omgdi:waypoint x="219.3555892421226" y="166.0"/>
            <omgdi:waypoint x="189.6777946210613" y="166.0"/>
            <omgdi:waypoint x="189.6777946210613" y="295.62963565154456"/>
         </bpmndi:BPMNEdge>
         <bpmndi:BPMNEdge bpmnElement="sid-3EB5410C-E99D-411F-85D7-95009F719102" id="sid-3EB5410C-E99D-411F-85D7-95009F719102_gui">
            <omgdi:waypoint x="207.85714285714286" y="54.52470002037807"/>
            <omgdi:waypoint x="189.6777946210613" y="53.948657097301435"/>
            <omgdi:waypoint x="189.6777946210613" y="295.62963565154456"/>
         </bpmndi:BPMNEdge>
         <bpmndi:BPMNEdge bpmnElement="sid-C0F13F27-C89E-4809-BD00-649E6CA034FC" id="sid-C0F13F27-C89E-4809-BD00-649E6CA034FC_gui">
            <omgdi:waypoint x="219.96476947150327" y="236.28456879652055"/>
            <omgdi:waypoint x="219.89027937798326" y="268.0"/>
            <omgdi:waypoint x="189.6777946210613" y="268.0"/>
            <omgdi:waypoint x="189.6777946210613" y="295.62963565154456"/>
         </bpmndi:BPMNEdge>
      </bpmndi:BPMNPlane>
      <bpmndi:BPMNLabelStyle id="sid-a027a687-8951-4a1e-b7bd-473240c6315d">
         <omgdc:Font isBold="false" isItalic="false" isStrikeThrough="false" isUnderline="false" name="Arial" size="11.0"/>
      </bpmndi:BPMNLabelStyle>
      <bpmndi:BPMNLabelStyle id="sid-f5bfd868-6779-46e7-b568-2f1745f43e9b">
         <omgdc:Font isBold="false" isItalic="false" isStrikeThrough="false" isUnderline="false" name="Arial" size="12.0"/>
      </bpmndi:BPMNLabelStyle>
   </bpmndi:BPMNDiagram>
</definitions>
