<?xml version="1.0" encoding="UTF-8"?><definitions xmlns="http://www.omg.org/spec/BPMN/20100524/MODEL" xmlns:bpmndi="http://www.omg.org/spec/BPMN/20100524/DI" xmlns:omgdc="http://www.omg.org/spec/DD/20100524/DC" xmlns:omgdi="http://www.omg.org/spec/DD/20100524/DI" xmlns:signavio="http://www.signavio.com" xmlns:xsi="http://www.w3.org/2001/XMLSchema-instance" exporter="Signavio Process Editor, http://www.signavio.com" exporterVersion="11.10.0" expressionLanguage="http://www.w3.org/TR/XPath" id="sid-35c0fdf1-4940-4088-be90-51831df751e5" targetNamespace="http://www.signavio.com" typeLanguage="http://www.w3.org/2001/XMLSchema" xsi:schemaLocation="http://www.omg.org/spec/BPMN/20100524/MODEL http://www.omg.org/spec/BPMN/2.0/20100501/BPMN20.xsd">
   <error id="sid-aa3938dd-2a3d-4a25-a2fc-8f36c0a12939"/>
   <process id="sid-52be1d61-4cfd-4526-baec-12822af32e6e" isClosed="false" isExecutable="false" processType="None">
      <extensionElements>
         <signavio:signavioDiagramMetaData metaKey="businessunit" metaValue=""/>
         <signavio:signavioDiagramMetaData metaKey="iso9000ff" metaValue=""/>
         <signavio:signavioDiagramMetaData metaKey="processowner" metaValue=""/>
         <signavio:signavioDiagramMetaData metaKey="processgoal" metaValue=""/>
         <signavio:signavioDiagramMetaData metaKey="soxrelevant" metaValue=""/>
         <signavio:signavioDiagramMetaData metaKey="revisionid" metaValue="4a6f5abb7f384c6d8631e40fd796a5c9"/>
      </extensionElements>
      <startEvent id="sid-0914F092-D5D2-4803-943A-3465583308D5" name="">
         <extensionElements>
            <signavio:signavioMetaData metaKey="bgcolor" metaValue="#ffffff"/>
            <signavio:signavioMetaData metaKey="bordercolor" metaValue="#000000"/>
         </extensionElements>
         <outgoing>sid-11EBAC6A-A137-40EB-9D19-8146115DBAF6</outgoing>
      </startEvent>
      <task completionQuantity="1" id="sid-91FA22E9-D29F-4228-9014-C4215C5375D1" isForCompensation="false" name="Get road preset participant" startQuantity="1">
         <extensionElements>
            <signavio:signavioMetaData metaKey="bgcolor" metaValue="#ffffcc"/>
            <signavio:signavioMetaData metaKey="bordercolor" metaValue="#000000"/>
            <signavio:signavioMetaData metaKey="risklevel" metaValue=""/>
            <signavio:signavioMetaData metaKey="externaldocuments" metaValue=""/>
         </extensionElements>
         <incoming>sid-11EBAC6A-A137-40EB-9D19-8146115DBAF6</incoming>
         <outgoing>sid-BB55722D-87FA-415C-A612-578795397F83</outgoing>
      </task>
      <exclusiveGateway gatewayDirection="Diverging" id="sid-37D12E9A-01D8-4C68-BE6E-E98066971003" name="">
         <extensionElements>
            <signavio:signavioMetaData metaKey="bgcolor" metaValue="#ffffff"/>
            <signavio:signavioMetaData metaKey="bordercolor" metaValue="#000000"/>
         </extensionElements>
         <incoming>sid-BB55722D-87FA-415C-A612-578795397F83</incoming>
         <outgoing>sid-AF14E02E-A15B-49A9-ADCE-2A00741EC597</outgoing>
         <outgoing>sid-1F448B14-F294-4B7E-9A93-851F7C95EE13</outgoing>
      </exclusiveGateway>
      <task completionQuantity="1" id="sid-A21F2A9F-F4BD-46CD-A851-DEC3674CA941" isForCompensation="false" name="Set participant characteristics" startQuantity="1">
         <extensionElements>
            <signavio:signavioMetaData metaKey="bgcolor" metaValue="#ffffcc"/>
            <signavio:signavioMetaData metaKey="bordercolor" metaValue="#000000"/>
            <signavio:signavioMetaData metaKey="risklevel" metaValue=""/>
            <signavio:signavioMetaData metaKey="externaldocuments" metaValue=""/>
         </extensionElements>
         <incoming>sid-AF14E02E-A15B-49A9-ADCE-2A00741EC597</incoming>
         <outgoing>sid-F6721AF7-AB4C-46AA-9534-FEBEE08A582A</outgoing>
      </task>
      <exclusiveGateway gatewayDirection="Mixed" id="sid-3F0D7456-E367-4AC4-92F8-6073906EEE97" name="">
         <extensionElements>
            <signavio:signavioMetaData metaKey="bgcolor" metaValue="#ffffff"/>
            <signavio:signavioMetaData metaKey="bordercolor" metaValue="#000000"/>
         </extensionElements>
         <incoming>sid-F6721AF7-AB4C-46AA-9534-FEBEE08A582A</incoming>
         <incoming>sid-1F448B14-F294-4B7E-9A93-851F7C95EE13</incoming>
         <outgoing>sid-A5ABB981-1BC6-4D5F-BC14-C993F029CF9D</outgoing>
         <outgoing>sid-0BD92306-77D7-4D95-A2CD-7C79E5A935A6</outgoing>
      </exclusiveGateway>
      <task completionQuantity="1" id="sid-9AD400FC-FB33-4D94-A0AF-2DA875EB7F21" isForCompensation="false" name="Set vehicle" startQuantity="1">
         <extensionElements>
            <signavio:signavioMetaData metaKey="bgcolor" metaValue="#ffffcc"/>
            <signavio:signavioMetaData metaKey="bordercolor" metaValue="#000000"/>
            <signavio:signavioMetaData metaKey="risklevel" metaValue=""/>
            <signavio:signavioMetaData metaKey="externaldocuments" metaValue=""/>
         </extensionElements>
         <incoming>sid-A5ABB981-1BC6-4D5F-BC14-C993F029CF9D</incoming>
         <outgoing>sid-E6E5F4F4-EB8B-4451-B12C-233796A2891A</outgoing>
      </task>
      <task completionQuantity="1" id="sid-EB2B89E1-E39E-4316-AA5B-4CCE9D13F3B5" isForCompensation="false" name="Add participant" startQuantity="1">
         <extensionElements>
            <signavio:signavioMetaData metaKey="bgcolor" metaValue="#ffffcc"/>
            <signavio:signavioMetaData metaKey="bordercolor" metaValue="#000000"/>
            <signavio:signavioMetaData metaKey="risklevel" metaValue=""/>
            <signavio:signavioMetaData metaKey="externaldocuments" metaValue=""/>
         </extensionElements>
         <incoming>sid-E6E5F4F4-EB8B-4451-B12C-233796A2891A</incoming>
         <incoming>sid-0BD92306-77D7-4D95-A2CD-7C79E5A935A6</incoming>
         <outgoing>sid-2DFF8DBC-2DE3-4028-9FA7-A6CCD6A4E1FF</outgoing>
      </task>
      <endEvent id="sid-3489E85D-C8D8-4DBB-BB21-C59C8BE9F7E6" name="">
         <extensionElements>
            <signavio:signavioMetaData metaKey="bgcolor" metaValue="#ffffff"/>
            <signavio:signavioMetaData metaKey="bordercolor" metaValue="#000000"/>
         </extensionElements>
         <incoming>sid-2DFF8DBC-2DE3-4028-9FA7-A6CCD6A4E1FF</incoming>
      </endEvent>
      <boundaryEvent attachedToRef="sid-91FA22E9-D29F-4228-9014-C4215C5375D1" cancelActivity="true" id="sid-23F45AF3-5968-4DE5-9425-91F02493CF46" name="Cancelled" parallelMultiple="false">
         <outgoing>sid-F522DB2D-5BE0-446A-B74E-01913A542EF6</outgoing>
         <errorEventDefinition errorRef="sid-aa3938dd-2a3d-4a25-a2fc-8f36c0a12939" id="sid-bdf92a48-b715-45d3-9842-b3dc29dd8995"/>
      </boundaryEvent>
      <boundaryEvent attachedToRef="sid-A21F2A9F-F4BD-46CD-A851-DEC3674CA941" cancelActivity="true" id="sid-CC282EAD-A037-410F-9343-C620D2EE0C30" name="Cancelled" parallelMultiple="false">
         <outgoing>sid-26AAF2DF-5E6D-49F6-A2B2-50167855474A</outgoing>
         <errorEventDefinition errorRef="sid-aa3938dd-2a3d-4a25-a2fc-8f36c0a12939" id="sid-dea0ea61-b5d7-4556-a165-4a790a6cd198"/>
      </boundaryEvent>
      <boundaryEvent attachedToRef="sid-9AD400FC-FB33-4D94-A0AF-2DA875EB7F21" cancelActivity="true" id="sid-2E79A9D6-254C-4AE4-92BA-F83514B193AB" name="Cancelled" parallelMultiple="false">
         <outgoing>sid-F724A6F5-2224-4CD5-AAF7-D09EB4199812</outgoing>
         <errorEventDefinition errorRef="sid-aa3938dd-2a3d-4a25-a2fc-8f36c0a12939" id="sid-ac077378-d0c3-4a13-b077-5bba992ad963"/>
      </boundaryEvent>
      <boundaryEvent attachedToRef="sid-EB2B89E1-E39E-4316-AA5B-4CCE9D13F3B5" cancelActivity="true" id="sid-72EBF6D1-27F4-4F41-BBD4-648187780F1C" name="Cancelled" parallelMultiple="false">
         <outgoing>sid-BE2BA046-8626-47BF-823B-DEBD0D77759F</outgoing>
         <errorEventDefinition errorRef="sid-aa3938dd-2a3d-4a25-a2fc-8f36c0a12939" id="sid-25e74b67-d802-4728-a017-39606e4e56e2"/>
      </boundaryEvent>
      <endEvent id="sid-58B91C4D-20C7-472C-9D1C-667A80CC4DB3" name="">
         <extensionElements>
            <signavio:signavioMetaData metaKey="bgcolor" metaValue="#ffffff"/>
            <signavio:signavioMetaData metaKey="bordercolor" metaValue="#000000"/>
         </extensionElements>
         <incoming>sid-F522DB2D-5BE0-446A-B74E-01913A542EF6</incoming>
         <incoming>sid-26AAF2DF-5E6D-49F6-A2B2-50167855474A</incoming>
         <incoming>sid-F724A6F5-2224-4CD5-AAF7-D09EB4199812</incoming>
         <incoming>sid-BE2BA046-8626-47BF-823B-DEBD0D77759F</incoming>
      </endEvent>
      <sequenceFlow id="sid-11EBAC6A-A137-40EB-9D19-8146115DBAF6" name="" sourceRef="sid-0914F092-D5D2-4803-943A-3465583308D5" targetRef="sid-91FA22E9-D29F-4228-9014-C4215C5375D1">
         <extensionElements>
            <signavio:signavioMetaData metaKey="bordercolor" metaValue="#000000"/>
         </extensionElements>
      </sequenceFlow>
      <sequenceFlow id="sid-BB55722D-87FA-415C-A612-578795397F83" name="" sourceRef="sid-91FA22E9-D29F-4228-9014-C4215C5375D1" targetRef="sid-37D12E9A-01D8-4C68-BE6E-E98066971003">
         <extensionElements>
            <signavio:signavioMetaData metaKey="bordercolor" metaValue="#000000"/>
         </extensionElements>
      </sequenceFlow>
      <sequenceFlow id="sid-AF14E02E-A15B-49A9-ADCE-2A00741EC597" name="" sourceRef="sid-37D12E9A-01D8-4C68-BE6E-E98066971003" targetRef="sid-A21F2A9F-F4BD-46CD-A851-DEC3674CA941">
         <extensionElements>
            <signavio:signavioMetaData metaKey="bordercolor" metaValue="#000000"/>
         </extensionElements>
      </sequenceFlow>
      <sequenceFlow id="sid-F6721AF7-AB4C-46AA-9534-FEBEE08A582A" name="" sourceRef="sid-A21F2A9F-F4BD-46CD-A851-DEC3674CA941" targetRef="sid-3F0D7456-E367-4AC4-92F8-6073906EEE97">
         <extensionElements>
            <signavio:signavioMetaData metaKey="bordercolor" metaValue="#000000"/>
         </extensionElements>
      </sequenceFlow>
      <sequenceFlow id="sid-A5ABB981-1BC6-4D5F-BC14-C993F029CF9D" name="" sourceRef="sid-3F0D7456-E367-4AC4-92F8-6073906EEE97" targetRef="sid-9AD400FC-FB33-4D94-A0AF-2DA875EB7F21">
         <extensionElements>
            <signavio:signavioMetaData metaKey="bordercolor" metaValue="#000000"/>
         </extensionElements>
      </sequenceFlow>
      <sequenceFlow id="sid-E6E5F4F4-EB8B-4451-B12C-233796A2891A" name="" sourceRef="sid-9AD400FC-FB33-4D94-A0AF-2DA875EB7F21" targetRef="sid-EB2B89E1-E39E-4316-AA5B-4CCE9D13F3B5">
         <extensionElements>
            <signavio:signavioMetaData metaKey="bordercolor" metaValue="#000000"/>
         </extensionElements>
      </sequenceFlow>
      <sequenceFlow id="sid-F522DB2D-5BE0-446A-B74E-01913A542EF6" name="" sourceRef="sid-23F45AF3-5968-4DE5-9425-91F02493CF46" targetRef="sid-58B91C4D-20C7-472C-9D1C-667A80CC4DB3">
         <extensionElements>
            <signavio:signavioMetaData metaKey="bordercolor" metaValue="#000000"/>
         </extensionElements>
      </sequenceFlow>
      <sequenceFlow id="sid-26AAF2DF-5E6D-49F6-A2B2-50167855474A" name="" sourceRef="sid-CC282EAD-A037-410F-9343-C620D2EE0C30" targetRef="sid-58B91C4D-20C7-472C-9D1C-667A80CC4DB3">
         <extensionElements>
            <signavio:signavioMetaData metaKey="bordercolor" metaValue="#000000"/>
         </extensionElements>
      </sequenceFlow>
      <sequenceFlow id="sid-F724A6F5-2224-4CD5-AAF7-D09EB4199812" name="" sourceRef="sid-2E79A9D6-254C-4AE4-92BA-F83514B193AB" targetRef="sid-58B91C4D-20C7-472C-9D1C-667A80CC4DB3">
         <extensionElements>
            <signavio:signavioMetaData metaKey="bordercolor" metaValue="#000000"/>
         </extensionElements>
      </sequenceFlow>
      <sequenceFlow id="sid-BE2BA046-8626-47BF-823B-DEBD0D77759F" name="" sourceRef="sid-72EBF6D1-27F4-4F41-BBD4-648187780F1C" targetRef="sid-58B91C4D-20C7-472C-9D1C-667A80CC4DB3">
         <extensionElements>
            <signavio:signavioMetaData metaKey="bordercolor" metaValue="#000000"/>
         </extensionElements>
      </sequenceFlow>
      <sequenceFlow id="sid-0BD92306-77D7-4D95-A2CD-7C79E5A935A6" name="Pedestrian" sourceRef="sid-3F0D7456-E367-4AC4-92F8-6073906EEE97" targetRef="sid-EB2B89E1-E39E-4316-AA5B-4CCE9D13F3B5">
         <extensionElements>
            <signavio:signavioMetaData metaKey="bordercolor" metaValue="#000000"/>
         </extensionElements>
      </sequenceFlow>
      <sequenceFlow id="sid-1F448B14-F294-4B7E-9A93-851F7C95EE13" name="Use default preset" sourceRef="sid-37D12E9A-01D8-4C68-BE6E-E98066971003" targetRef="sid-3F0D7456-E367-4AC4-92F8-6073906EEE97">
         <extensionElements>
            <signavio:signavioMetaData metaKey="bordercolor" metaValue="#000000"/>
         </extensionElements>
      </sequenceFlow>
      <sequenceFlow id="sid-2DFF8DBC-2DE3-4028-9FA7-A6CCD6A4E1FF" name="" sourceRef="sid-EB2B89E1-E39E-4316-AA5B-4CCE9D13F3B5" targetRef="sid-3489E85D-C8D8-4DBB-BB21-C59C8BE9F7E6">
         <extensionElements>
            <signavio:signavioMetaData metaKey="bordercolor" metaValue="#000000"/>
         </extensionElements>
      </sequenceFlow>
   </process>
   <bpmndi:BPMNDiagram id="sid-07284157-a431-4a8b-a43a-5c1cbcdb2a7e">
      <bpmndi:BPMNPlane bpmnElement="sid-52be1d61-4cfd-4526-baec-12822af32e6e" id="sid-a64529fc-bd72-4697-a133-652c957d813d">
         <bpmndi:BPMNShape bpmnElement="sid-0914F092-D5D2-4803-943A-3465583308D5" id="sid-0914F092-D5D2-4803-943A-3465583308D5_gui">
            <omgdc:Bounds height="30.0" width="30.0" x="30.0" y="180.0"/>
         </bpmndi:BPMNShape>
         <bpmndi:BPMNShape bpmnElement="sid-91FA22E9-D29F-4228-9014-C4215C5375D1" id="sid-91FA22E9-D29F-4228-9014-C4215C5375D1_gui">
            <omgdc:Bounds height="80.0" width="100.0" x="105.0" y="155.0"/>
            <bpmndi:BPMNLabel labelStyle="sid-704e3322-5c1c-454f-a32e-9406ca00a3c2">
               <omgdc:Bounds height="24.0" width="86.39999389648438" x="111.80000305175781" y="181.0"/>
            </bpmndi:BPMNLabel>
         </bpmndi:BPMNShape>
         <bpmndi:BPMNShape bpmnElement="sid-37D12E9A-01D8-4C68-BE6E-E98066971003" id="sid-37D12E9A-01D8-4C68-BE6E-E98066971003_gui" isMarkerVisible="true">
            <omgdc:Bounds height="40.0" width="40.0" x="250.0" y="175.0"/>
         </bpmndi:BPMNShape>
         <bpmndi:BPMNShape bpmnElement="sid-A21F2A9F-F4BD-46CD-A851-DEC3674CA941" id="sid-A21F2A9F-F4BD-46CD-A851-DEC3674CA941_gui">
            <omgdc:Bounds height="80.0" width="100.0" x="315.0" y="240.0"/>
            <bpmndi:BPMNLabel labelStyle="sid-704e3322-5c1c-454f-a32e-9406ca00a3c2">
               <omgdc:Bounds height="24.0" width="79.4571533203125" x="325.27142333984375" y="266.0"/>
            </bpmndi:BPMNLabel>
         </bpmndi:BPMNShape>
         <bpmndi:BPMNShape bpmnElement="sid-3F0D7456-E367-4AC4-92F8-6073906EEE97" id="sid-3F0D7456-E367-4AC4-92F8-6073906EEE97_gui" isMarkerVisible="true">
            <omgdc:Bounds height="40.0" width="40.0" x="480.0" y="175.0"/>
         </bpmndi:BPMNShape>
         <bpmndi:BPMNShape bpmnElement="sid-9AD400FC-FB33-4D94-A0AF-2DA875EB7F21" id="sid-9AD400FC-FB33-4D94-A0AF-2DA875EB7F21_gui">
            <omgdc:Bounds height="80.0" width="100.0" x="565.0" y="240.0"/>
            <bpmndi:BPMNLabel labelStyle="sid-704e3322-5c1c-454f-a32e-9406ca00a3c2">
               <omgdc:Bounds height="12.0" width="57.857147216796875" x="586.0714263916016" y="272.0"/>
            </bpmndi:BPMNLabel>
         </bpmndi:BPMNShape>
         <bpmndi:BPMNShape bpmnElement="sid-EB2B89E1-E39E-4316-AA5B-4CCE9D13F3B5" id="sid-EB2B89E1-E39E-4316-AA5B-4CCE9D13F3B5_gui">
            <omgdc:Bounds height="80.0" width="100.0" x="710.0" y="155.0"/>
            <bpmndi:BPMNLabel labelStyle="sid-704e3322-5c1c-454f-a32e-9406ca00a3c2">
               <omgdc:Bounds height="12.0" width="82.5428466796875" x="718.7285766601562" y="187.0"/>
            </bpmndi:BPMNLabel>
         </bpmndi:BPMNShape>
         <bpmndi:BPMNShape bpmnElement="sid-3489E85D-C8D8-4DBB-BB21-C59C8BE9F7E6" id="sid-3489E85D-C8D8-4DBB-BB21-C59C8BE9F7E6_gui">
            <omgdc:Bounds height="28.0" width="28.0" x="940.0" y="181.0"/>
         </bpmndi:BPMNShape>
         <bpmndi:BPMNShape bpmnElement="sid-23F45AF3-5968-4DE5-9425-91F02493CF46" id="sid-23F45AF3-5968-4DE5-9425-91F02493CF46_gui">
            <omgdc:Bounds height="30.0" width="30.0" x="133.33333333333334" y="220.0"/>
            <bpmndi:BPMNLabel labelStyle="sid-49550b23-87a2-49e5-bfd0-d9f8ce7bc040">
               <omgdc:Bounds height="11.0" width="45.96428680419922" x="125.35118993123373" y="252.0"/>
            </bpmndi:BPMNLabel>
         </bpmndi:BPMNShape>
         <bpmndi:BPMNShape bpmnElement="sid-CC282EAD-A037-410F-9343-C620D2EE0C30" id="sid-CC282EAD-A037-410F-9343-C620D2EE0C30_gui">
            <omgdc:Bounds height="30.0" width="30.0" x="330.09400101171167" y="305.0"/>
            <bpmndi:BPMNLabel labelStyle="sid-49550b23-87a2-49e5-bfd0-d9f8ce7bc040">
               <omgdc:Bounds height="11.0" width="45.96428680419922" x="322.11185760961206" y="337.0"/>
            </bpmndi:BPMNLabel>
         </bpmndi:BPMNShape>
         <bpmndi:BPMNShape bpmnElement="sid-2E79A9D6-254C-4AE4-92BA-F83514B193AB" id="sid-2E79A9D6-254C-4AE4-92BA-F83514B193AB_gui">
            <omgdc:Bounds height="30.0" width="30.0" x="600.0" y="305.0"/>
            <bpmndi:BPMNLabel labelStyle="sid-49550b23-87a2-49e5-bfd0-d9f8ce7bc040">
               <omgdc:Bounds height="11.0" width="45.96428680419922" x="592.0178565979004" y="337.0"/>
            </bpmndi:BPMNLabel>
         </bpmndi:BPMNShape>
         <bpmndi:BPMNShape bpmnElement="sid-72EBF6D1-27F4-4F41-BBD4-648187780F1C" id="sid-72EBF6D1-27F4-4F41-BBD4-648187780F1C_gui">
            <omgdc:Bounds height="30.0" width="30.0" x="745.0" y="220.0"/>
            <bpmndi:BPMNLabel labelStyle="sid-49550b23-87a2-49e5-bfd0-d9f8ce7bc040">
               <omgdc:Bounds height="11.0" width="45.96428680419922" x="737.0178565979004" y="252.0"/>
            </bpmndi:BPMNLabel>
         </bpmndi:BPMNShape>
         <bpmndi:BPMNShape bpmnElement="sid-58B91C4D-20C7-472C-9D1C-667A80CC4DB3" id="sid-58B91C4D-20C7-472C-9D1C-667A80CC4DB3_gui">
            <omgdc:Bounds height="28.0" width="28.0" x="460.0" y="365.0"/>
         </bpmndi:BPMNShape>
         <bpmndi:BPMNEdge bpmnElement="sid-11EBAC6A-A137-40EB-9D19-8146115DBAF6" id="sid-11EBAC6A-A137-40EB-9D19-8146115DBAF6_gui">
            <omgdi:waypoint x="60.0" y="195.0"/>
            <omgdi:waypoint x="105.0" y="195.0"/>
         </bpmndi:BPMNEdge>
         <bpmndi:BPMNEdge bpmnElement="sid-BB55722D-87FA-415C-A612-578795397F83" id="sid-BB55722D-87FA-415C-A612-578795397F83_gui">
            <omgdi:waypoint x="205.0" y="195.21645021645023"/>
            <omgdi:waypoint x="250.0" y="195.4112554112554"/>
         </bpmndi:BPMNEdge>
         <bpmndi:BPMNEdge bpmnElement="sid-AF14E02E-A15B-49A9-ADCE-2A00741EC597" id="sid-AF14E02E-A15B-49A9-ADCE-2A00741EC597_gui">
            <omgdi:waypoint x="270.5" y="215.0"/>
            <omgdi:waypoint x="270.5" y="280.0"/>
            <omgdi:waypoint x="315.0" y="280.0"/>
         </bpmndi:BPMNEdge>
         <bpmndi:BPMNEdge bpmnElement="sid-F6721AF7-AB4C-46AA-9534-FEBEE08A582A" id="sid-F6721AF7-AB4C-46AA-9534-FEBEE08A582A_gui">
            <omgdi:waypoint x="415.0" y="280.0"/>
            <omgdi:waypoint x="455.0" y="280.0"/>
            <omgdi:waypoint x="455.0" y="195.5"/>
            <omgdi:waypoint x="480.0" y="195.5"/>
         </bpmndi:BPMNEdge>
         <bpmndi:BPMNEdge bpmnElement="sid-A5ABB981-1BC6-4D5F-BC14-C993F029CF9D" id="sid-A5ABB981-1BC6-4D5F-BC14-C993F029CF9D_gui">
            <omgdi:waypoint x="500.5" y="215.0"/>
            <omgdi:waypoint x="500.5" y="280.0"/>
            <omgdi:waypoint x="565.0" y="280.0"/>
         </bpmndi:BPMNEdge>
         <bpmndi:BPMNEdge bpmnElement="sid-E6E5F4F4-EB8B-4451-B12C-233796A2891A" id="sid-E6E5F4F4-EB8B-4451-B12C-233796A2891A_gui">
            <omgdi:waypoint x="665.0" y="280.0"/>
            <omgdi:waypoint x="687.5" y="280.0"/>
            <omgdi:waypoint x="687.5" y="195.0"/>
            <omgdi:waypoint x="710.0" y="195.0"/>
         </bpmndi:BPMNEdge>
         <bpmndi:BPMNEdge bpmnElement="sid-F522DB2D-5BE0-446A-B74E-01913A542EF6" id="sid-F522DB2D-5BE0-446A-B74E-01913A542EF6_gui">
            <omgdi:waypoint x="148.33087383053243" y="250.0"/>
            <omgdi:waypoint x="148.30972210644464" y="379.0"/>
            <omgdi:waypoint x="460.0" y="379.0"/>
         </bpmndi:BPMNEdge>
         <bpmndi:BPMNEdge bpmnElement="sid-26AAF2DF-5E6D-49F6-A2B2-50167855474A" id="sid-26AAF2DF-5E6D-49F6-A2B2-50167855474A_gui">
            <omgdi:waypoint x="345.0642126861813" y="335.0"/>
            <omgdi:waypoint x="344.97683359795883" y="379.0"/>
            <omgdi:waypoint x="460.0" y="379.0"/>
         </bpmndi:BPMNEdge>
         <bpmndi:BPMNEdge bpmnElement="sid-F724A6F5-2224-4CD5-AAF7-D09EB4199812" id="sid-F724A6F5-2224-4CD5-AAF7-D09EB4199812_gui">
            <omgdi:waypoint x="615.0" y="335.0"/>
            <omgdi:waypoint x="615.0" y="379.0"/>
            <omgdi:waypoint x="488.0" y="379.0"/>
         </bpmndi:BPMNEdge>
         <bpmndi:BPMNEdge bpmnElement="sid-BE2BA046-8626-47BF-823B-DEBD0D77759F" id="sid-BE2BA046-8626-47BF-823B-DEBD0D77759F_gui">
            <omgdi:waypoint x="760.0" y="250.0"/>
            <omgdi:waypoint x="760.0" y="379.0"/>
            <omgdi:waypoint x="488.0" y="379.0"/>
         </bpmndi:BPMNEdge>
         <bpmndi:BPMNEdge bpmnElement="sid-0BD92306-77D7-4D95-A2CD-7C79E5A935A6" id="sid-0BD92306-77D7-4D95-A2CD-7C79E5A935A6_gui">
            <omgdi:waypoint x="520.0" y="195.46242774566474"/>
            <omgdi:waypoint x="710.0" y="195.09633911368016"/>
            <bpmndi:BPMNLabel labelStyle="sid-49550b23-87a2-49e5-bfd0-d9f8ce7bc040">
               <omgdc:Bounds height="12.10846883564625" width="56.33728386826522" x="527.9254428758734" y="175.33814003884345"/>
            </bpmndi:BPMNLabel>
         </bpmndi:BPMNEdge>
         <bpmndi:BPMNEdge bpmnElement="sid-1F448B14-F294-4B7E-9A93-851F7C95EE13" id="sid-1F448B14-F294-4B7E-9A93-851F7C95EE13_gui">
            <omgdi:waypoint x="290.0" y="195.5"/>
            <omgdi:waypoint x="480.0" y="195.5"/>
            <bpmndi:BPMNLabel labelStyle="sid-49550b23-87a2-49e5-bfd0-d9f8ce7bc040">
               <omgdc:Bounds height="12.000000000000028" width="99.5142822265625" x="298.0" y="175.49999999999997"/>
            </bpmndi:BPMNLabel>
         </bpmndi:BPMNEdge>
         <bpmndi:BPMNEdge bpmnElement="sid-2DFF8DBC-2DE3-4028-9FA7-A6CCD6A4E1FF" id="sid-2DFF8DBC-2DE3-4028-9FA7-A6CCD6A4E1FF_gui">
            <omgdi:waypoint x="810.0" y="195.0"/>
            <omgdi:waypoint x="940.0" y="195.0"/>
         </bpmndi:BPMNEdge>
      </bpmndi:BPMNPlane>
      <bpmndi:BPMNLabelStyle id="sid-49550b23-87a2-49e5-bfd0-d9f8ce7bc040">
         <omgdc:Font isBold="false" isItalic="false" isStrikeThrough="false" isUnderline="false" name="Arial" size="11.0"/>
      </bpmndi:BPMNLabelStyle>
      <bpmndi:BPMNLabelStyle id="sid-704e3322-5c1c-454f-a32e-9406ca00a3c2">
         <omgdc:Font isBold="false" isItalic="false" isStrikeThrough="false" isUnderline="false" name="Arial" size="12.0"/>
      </bpmndi:BPMNLabelStyle>
   </bpmndi:BPMNDiagram>
</definitions>
