<?xml version="1.0" encoding="UTF-8"?><definitions xmlns="http://www.omg.org/spec/BPMN/20100524/MODEL" xmlns:bpmndi="http://www.omg.org/spec/BPMN/20100524/DI" xmlns:omgdc="http://www.omg.org/spec/DD/20100524/DC" xmlns:omgdi="http://www.omg.org/spec/DD/20100524/DI" xmlns:signavio="http://www.signavio.com" xmlns:xsi="http://www.w3.org/2001/XMLSchema-instance" exporter="Signavio Process Editor, http://www.signavio.com" exporterVersion="11.10.0" expressionLanguage="http://www.w3.org/TR/XPath" id="sid-3f271ec4-e39e-49b4-9fa1-05530babe870" targetNamespace="http://www.signavio.com" typeLanguage="http://www.w3.org/2001/XMLSchema" xsi:schemaLocation="http://www.omg.org/spec/BPMN/20100524/MODEL http://www.omg.org/spec/BPMN/2.0/20100501/BPMN20.xsd">
   <error id="sid-14ddc398-e328-48c3-b722-79cea0b8d6f9"/>
   <process id="sid-91b0f436-a9c8-4818-96a1-33e3de3b3f80" isClosed="false" isExecutable="false" processType="None">
      <extensionElements>
         <signavio:signavioDiagramMetaData metaKey="businessunit" metaValue=""/>
         <signavio:signavioDiagramMetaData metaKey="iso9000ff" metaValue=""/>
         <signavio:signavioDiagramMetaData metaKey="processowner" metaValue=""/>
         <signavio:signavioDiagramMetaData metaKey="processgoal" metaValue=""/>
         <signavio:signavioDiagramMetaData metaKey="soxrelevant" metaValue=""/>
         <signavio:signavioDiagramMetaData metaKey="revisionid" metaValue="89c0ca67d8d745e19820459a55e91dd9"/>
      </extensionElements>
      <startEvent id="sid-5D691871-7ADC-43BE-87D8-2D729A6E723D" name="">
         <extensionElements>
            <signavio:signavioMetaData metaKey="bgcolor" metaValue="#ffffff"/>
            <signavio:signavioMetaData metaKey="bordercolor" metaValue="#000000"/>
         </extensionElements>
         <outgoing>sid-A6CA0A7A-EEBA-4AC0-BF9D-19CAB61C07F3</outgoing>
      </startEvent>
      <exclusiveGateway gatewayDirection="Diverging" id="sid-A5565E65-E3C7-4C3F-B32A-25CAD6D34297" name="">
         <extensionElements>
            <signavio:signavioMetaData metaKey="bgcolor" metaValue="#ffffff"/>
            <signavio:signavioMetaData metaKey="bordercolor" metaValue="#000000"/>
         </extensionElements>
         <incoming>sid-A6CA0A7A-EEBA-4AC0-BF9D-19CAB61C07F3</incoming>
         <outgoing>sid-38F86BCD-EEE9-401F-93CB-C84E0586D820</outgoing>
         <outgoing>sid-52E23071-7AB7-4EED-B723-D72A63583183</outgoing>
      </exclusiveGateway>
      <subProcess completionQuantity="1" id="sid-C2B346DF-42BC-46D8-A456-37C85691A2D3" isForCompensation="false" name="Add traffic participant" startQuantity="1" triggeredByEvent="false">
         <extensionElements>
            <signavio:signavioMetaData metaKey="bgcolor" metaValue="#ffffcc"/>
            <signavio:signavioMetaData metaKey="bordercolor" metaValue="#000000"/>
            <signavio:signavioMetaData metaKey="externaldocuments" metaValue=""/>
            <signavio:signavioMetaData metaKey="entry" metaValue="/model/9672b3ce3d8d49c5b594937a5b875b8b"/>
         </extensionElements>
         <incoming>sid-38F86BCD-EEE9-401F-93CB-C84E0586D820</incoming>
         <outgoing>sid-46CB7D90-86D7-4ECD-9EF3-DB1AAF579B1D</outgoing>
      </subProcess>
      <subProcess completionQuantity="1" id="sid-2E8135CD-E83C-4433-AF53-C0A4B70FB87C" isForCompensation="false" name="FIndParticipant" startQuantity="1" triggeredByEvent="false">
         <extensionElements>
            <signavio:signavioMetaData metaKey="bgcolor" metaValue="#ffffcc"/>
            <signavio:signavioMetaData metaKey="bordercolor" metaValue="#000000"/>
            <signavio:signavioMetaData metaKey="externaldocuments" metaValue=""/>
            <signavio:signavioMetaData metaKey="entry" metaValue="/model/4599abd42702466fa5f7eff44baabdc8"/>
         </extensionElements>
         <incoming>sid-52E23071-7AB7-4EED-B723-D72A63583183</incoming>
         <outgoing>sid-265610FF-2B9D-430F-BCF2-A6059064EF9E</outgoing>
      </subProcess>
      <boundaryEvent attachedToRef="sid-C2B346DF-42BC-46D8-A456-37C85691A2D3" cancelActivity="true" id="sid-BF46F202-2802-4B5B-9FB3-F49760D668FF" name="Cancelled" parallelMultiple="false">
         <outgoing>sid-CDD38E8C-B7C9-45FD-BE23-F078324486E3</outgoing>
         <errorEventDefinition errorRef="sid-14ddc398-e328-48c3-b722-79cea0b8d6f9" id="sid-2e786fa1-aebf-4117-a540-d0073f06b741"/>
      </boundaryEvent>
      <exclusiveGateway gatewayDirection="Diverging" id="sid-BA73CE72-4790-4C9E-A0C3-6DE9848B50B3" name="">
         <extensionElements>
            <signavio:signavioMetaData metaKey="bgcolor" metaValue="#ffffff"/>
            <signavio:signavioMetaData metaKey="bordercolor" metaValue="#000000"/>
         </extensionElements>
         <incoming>sid-265610FF-2B9D-430F-BCF2-A6059064EF9E</incoming>
         <outgoing>sid-AF6D8423-34F8-4C00-89DB-369BA05F9E37</outgoing>
         <outgoing>sid-F786EC0B-696D-4EAA-A3BA-9FD3776F7DAE</outgoing>
      </exclusiveGateway>
      <task completionQuantity="1" id="sid-D4FE68BC-BDB9-49F2-B77E-7C7020831BF0" isForCompensation="false" name="Remove participant" startQuantity="1">
         <extensionElements>
            <signavio:signavioMetaData metaKey="bgcolor" metaValue="#ffffcc"/>
            <signavio:signavioMetaData metaKey="bordercolor" metaValue="#000000"/>
            <signavio:signavioMetaData metaKey="risklevel" metaValue=""/>
            <signavio:signavioMetaData metaKey="externaldocuments" metaValue=""/>
         </extensionElements>
         <incoming>sid-AF6D8423-34F8-4C00-89DB-369BA05F9E37</incoming>
         <outgoing>sid-74B922E9-A49F-4ADA-A594-4BE86742AEB0</outgoing>
      </task>
      <task completionQuantity="1" id="sid-96EB4141-8C04-4949-8B39-5F92D474C895" isForCompensation="false" name="Change participant" startQuantity="1">
         <extensionElements>
            <signavio:signavioMetaData metaKey="bgcolor" metaValue="#ffffcc"/>
            <signavio:signavioMetaData metaKey="bordercolor" metaValue="#000000"/>
            <signavio:signavioMetaData metaKey="risklevel" metaValue=""/>
            <signavio:signavioMetaData metaKey="externaldocuments" metaValue="[]"/>
         </extensionElements>
         <incoming>sid-F786EC0B-696D-4EAA-A3BA-9FD3776F7DAE</incoming>
         <outgoing>sid-F1D64C9A-F469-4D0A-AE33-46E762E629EF</outgoing>
      </task>
      <endEvent id="sid-785E2142-8CF3-40C9-863F-63E5F57DA6AB" name="">
         <extensionElements>
            <signavio:signavioMetaData metaKey="bgcolor" metaValue="#ffffff"/>
            <signavio:signavioMetaData metaKey="bordercolor" metaValue="#000000"/>
         </extensionElements>
         <incoming>sid-74B922E9-A49F-4ADA-A594-4BE86742AEB0</incoming>
         <incoming>sid-F1D64C9A-F469-4D0A-AE33-46E762E629EF</incoming>
         <incoming>sid-46CB7D90-86D7-4ECD-9EF3-DB1AAF579B1D</incoming>
      </endEvent>
      <endEvent id="sid-7C60AEB5-0473-4E4F-ACD8-45FCC278EA14" name="">
         <extensionElements>
            <signavio:signavioMetaData metaKey="bgcolor" metaValue="#ffffff"/>
            <signavio:signavioMetaData metaKey="bordercolor" metaValue="#000000"/>
         </extensionElements>
         <incoming>sid-CDD38E8C-B7C9-45FD-BE23-F078324486E3</incoming>
         <incoming>sid-DDF6E667-A09C-4BBA-92C7-7DF0CACDD1D8</incoming>
         <incoming>sid-477947C7-09B7-41F1-A781-0FC51D3568B4</incoming>
         <incoming>sid-B331803C-D372-45AE-B8C1-66522B97D773</incoming>
      </endEvent>
      <boundaryEvent attachedToRef="sid-2E8135CD-E83C-4433-AF53-C0A4B70FB87C" cancelActivity="true" id="sid-6D6F407C-288F-46D1-A7F7-9CFB3CBDF335" name="Search cancelled" parallelMultiple="false">
         <outgoing>sid-B331803C-D372-45AE-B8C1-66522B97D773</outgoing>
         <errorEventDefinition errorRef="sid-14ddc398-e328-48c3-b722-79cea0b8d6f9" id="sid-1790be42-921e-4048-bb27-635a50ea128d"/>
      </boundaryEvent>
      <boundaryEvent attachedToRef="sid-D4FE68BC-BDB9-49F2-B77E-7C7020831BF0" cancelActivity="true" id="sid-4CF499DE-A519-4CB9-9591-07ED052D89D2" name="Cancelled" parallelMultiple="false">
         <outgoing>sid-477947C7-09B7-41F1-A781-0FC51D3568B4</outgoing>
         <errorEventDefinition errorRef="sid-14ddc398-e328-48c3-b722-79cea0b8d6f9" id="sid-f438de38-6b7b-44ca-980c-fbe5e994889e"/>
      </boundaryEvent>
      <boundaryEvent attachedToRef="sid-96EB4141-8C04-4949-8B39-5F92D474C895" cancelActivity="true" id="sid-BA554CDF-C909-4181-9489-00183B9AF43C" name="Cancelled" parallelMultiple="false">
         <outgoing>sid-DDF6E667-A09C-4BBA-92C7-7DF0CACDD1D8</outgoing>
         <errorEventDefinition errorRef="sid-14ddc398-e328-48c3-b722-79cea0b8d6f9" id="sid-9c473c81-7991-40a6-877b-e0b797d4cdc2"/>
      </boundaryEvent>
      <sequenceFlow id="sid-A6CA0A7A-EEBA-4AC0-BF9D-19CAB61C07F3" name="" sourceRef="sid-5D691871-7ADC-43BE-87D8-2D729A6E723D" targetRef="sid-A5565E65-E3C7-4C3F-B32A-25CAD6D34297">
         <extensionElements>
            <signavio:signavioMetaData metaKey="bordercolor" metaValue="#000000"/>
         </extensionElements>
      </sequenceFlow>
      <sequenceFlow id="sid-38F86BCD-EEE9-401F-93CB-C84E0586D820" name="" sourceRef="sid-A5565E65-E3C7-4C3F-B32A-25CAD6D34297" targetRef="sid-C2B346DF-42BC-46D8-A456-37C85691A2D3">
         <extensionElements>
            <signavio:signavioMetaData metaKey="bordercolor" metaValue="#000000"/>
         </extensionElements>
      </sequenceFlow>
      <sequenceFlow id="sid-52E23071-7AB7-4EED-B723-D72A63583183" name="" sourceRef="sid-A5565E65-E3C7-4C3F-B32A-25CAD6D34297" targetRef="sid-2E8135CD-E83C-4433-AF53-C0A4B70FB87C">
         <extensionElements>
            <signavio:signavioMetaData metaKey="bordercolor" metaValue="#000000"/>
         </extensionElements>
      </sequenceFlow>
      <sequenceFlow id="sid-265610FF-2B9D-430F-BCF2-A6059064EF9E" name="" sourceRef="sid-2E8135CD-E83C-4433-AF53-C0A4B70FB87C" targetRef="sid-BA73CE72-4790-4C9E-A0C3-6DE9848B50B3">
         <extensionElements>
            <signavio:signavioMetaData metaKey="bordercolor" metaValue="#000000"/>
         </extensionElements>
      </sequenceFlow>
      <sequenceFlow id="sid-AF6D8423-34F8-4C00-89DB-369BA05F9E37" name="" sourceRef="sid-BA73CE72-4790-4C9E-A0C3-6DE9848B50B3" targetRef="sid-D4FE68BC-BDB9-49F2-B77E-7C7020831BF0">
         <extensionElements>
            <signavio:signavioMetaData metaKey="bordercolor" metaValue="#000000"/>
         </extensionElements>
      </sequenceFlow>
      <sequenceFlow id="sid-F786EC0B-696D-4EAA-A3BA-9FD3776F7DAE" name="" sourceRef="sid-BA73CE72-4790-4C9E-A0C3-6DE9848B50B3" targetRef="sid-96EB4141-8C04-4949-8B39-5F92D474C895">
         <extensionElements>
            <signavio:signavioMetaData metaKey="bordercolor" metaValue="#000000"/>
         </extensionElements>
      </sequenceFlow>
      <sequenceFlow id="sid-74B922E9-A49F-4ADA-A594-4BE86742AEB0" name="" sourceRef="sid-D4FE68BC-BDB9-49F2-B77E-7C7020831BF0" targetRef="sid-785E2142-8CF3-40C9-863F-63E5F57DA6AB">
         <extensionElements>
            <signavio:signavioMetaData metaKey="bordercolor" metaValue="#000000"/>
         </extensionElements>
      </sequenceFlow>
      <sequenceFlow id="sid-F1D64C9A-F469-4D0A-AE33-46E762E629EF" name="" sourceRef="sid-96EB4141-8C04-4949-8B39-5F92D474C895" targetRef="sid-785E2142-8CF3-40C9-863F-63E5F57DA6AB">
         <extensionElements>
            <signavio:signavioMetaData metaKey="bordercolor" metaValue="#000000"/>
         </extensionElements>
      </sequenceFlow>
      <sequenceFlow id="sid-CDD38E8C-B7C9-45FD-BE23-F078324486E3" name="" sourceRef="sid-BF46F202-2802-4B5B-9FB3-F49760D668FF" targetRef="sid-7C60AEB5-0473-4E4F-ACD8-45FCC278EA14">
         <extensionElements>
            <signavio:signavioMetaData metaKey="bordercolor" metaValue="#000000"/>
         </extensionElements>
      </sequenceFlow>
      <sequenceFlow id="sid-46CB7D90-86D7-4ECD-9EF3-DB1AAF579B1D" name="" sourceRef="sid-C2B346DF-42BC-46D8-A456-37C85691A2D3" targetRef="sid-785E2142-8CF3-40C9-863F-63E5F57DA6AB">
         <extensionElements>
            <signavio:signavioMetaData metaKey="bordercolor" metaValue="#000000"/>
         </extensionElements>
      </sequenceFlow>
      <sequenceFlow id="sid-DDF6E667-A09C-4BBA-92C7-7DF0CACDD1D8" name="" sourceRef="sid-BA554CDF-C909-4181-9489-00183B9AF43C" targetRef="sid-7C60AEB5-0473-4E4F-ACD8-45FCC278EA14">
         <extensionElements>
            <signavio:signavioMetaData metaKey="bordercolor" metaValue="#FF6600"/>
         </extensionElements>
      </sequenceFlow>
      <sequenceFlow id="sid-477947C7-09B7-41F1-A781-0FC51D3568B4" name="" sourceRef="sid-4CF499DE-A519-4CB9-9591-07ED052D89D2" targetRef="sid-7C60AEB5-0473-4E4F-ACD8-45FCC278EA14">
         <extensionElements>
            <signavio:signavioMetaData metaKey="bordercolor" metaValue="#FF6600"/>
         </extensionElements>
      </sequenceFlow>
      <sequenceFlow id="sid-B331803C-D372-45AE-B8C1-66522B97D773" name="" sourceRef="sid-6D6F407C-288F-46D1-A7F7-9CFB3CBDF335" targetRef="sid-7C60AEB5-0473-4E4F-ACD8-45FCC278EA14">
         <extensionElements>
            <signavio:signavioMetaData metaKey="bordercolor" metaValue="#FF6600"/>
         </extensionElements>
      </sequenceFlow>
   </process>
   <bpmndi:BPMNDiagram id="sid-ae628d47-cd5c-4c97-b10f-b418f6987886">
      <bpmndi:BPMNPlane bpmnElement="sid-91b0f436-a9c8-4818-96a1-33e3de3b3f80" id="sid-c5704b4c-b93f-47a2-b75d-644eb47d75e2">
         <bpmndi:BPMNShape bpmnElement="sid-5D691871-7ADC-43BE-87D8-2D729A6E723D" id="sid-5D691871-7ADC-43BE-87D8-2D729A6E723D_gui">
            <omgdc:Bounds height="30.0" width="30.0" x="30.0" y="105.0"/>
         </bpmndi:BPMNShape>
         <bpmndi:BPMNShape bpmnElement="sid-A5565E65-E3C7-4C3F-B32A-25CAD6D34297" id="sid-A5565E65-E3C7-4C3F-B32A-25CAD6D34297_gui" isMarkerVisible="true">
            <omgdc:Bounds height="40.0" width="40.0" x="105.0" y="100.0"/>
         </bpmndi:BPMNShape>
         <bpmndi:BPMNShape bpmnElement="sid-C2B346DF-42BC-46D8-A456-37C85691A2D3" id="sid-C2B346DF-42BC-46D8-A456-37C85691A2D3_gui" isExpanded="false">
            <omgdc:Bounds height="80.0" width="100.06999999999996" x="210.00000000000003" y="155.0"/>
            <bpmndi:BPMNLabel labelStyle="sid-e076c9c3-fbdd-4550-a493-4089db28ef73">
               <omgdc:Bounds height="24.0" width="57.085716247558565" x="231.52714157104495" y="181.0"/>
            </bpmndi:BPMNLabel>
         </bpmndi:BPMNShape>
         <bpmndi:BPMNShape bpmnElement="sid-2E8135CD-E83C-4433-AF53-C0A4B70FB87C" id="sid-2E8135CD-E83C-4433-AF53-C0A4B70FB87C_gui" isExpanded="false">
            <omgdc:Bounds height="80.0" width="100.07" x="210.0" y="30.0"/>
            <bpmndi:BPMNLabel labelStyle="sid-e076c9c3-fbdd-4550-a493-4089db28ef73">
               <omgdc:Bounds height="12.0" width="80.22856903076172" x="219.95571517944336" y="62.0"/>
            </bpmndi:BPMNLabel>
         </bpmndi:BPMNShape>
         <bpmndi:BPMNShape bpmnElement="sid-BF46F202-2802-4B5B-9FB3-F49760D668FF" id="sid-BF46F202-2802-4B5B-9FB3-F49760D668FF_gui">
            <omgdc:Bounds height="30.0" width="30.0" x="204.995" y="220.0"/>
            <bpmndi:BPMNLabel labelStyle="sid-22a7befc-1640-4e69-a394-a41acac0dde9">
               <omgdc:Bounds height="11.0" width="45.96428680419922" x="197.0128565979004" y="252.0"/>
            </bpmndi:BPMNLabel>
         </bpmndi:BPMNShape>
         <bpmndi:BPMNShape bpmnElement="sid-BA73CE72-4790-4C9E-A0C3-6DE9848B50B3" id="sid-BA73CE72-4790-4C9E-A0C3-6DE9848B50B3_gui" isMarkerVisible="true">
            <omgdc:Bounds height="40.0" width="40.0" x="355.06999999999994" y="100.0"/>
         </bpmndi:BPMNShape>
         <bpmndi:BPMNShape bpmnElement="sid-D4FE68BC-BDB9-49F2-B77E-7C7020831BF0" id="sid-D4FE68BC-BDB9-49F2-B77E-7C7020831BF0_gui">
            <omgdc:Bounds height="49.0" width="100.0" x="420.0" y="45.0"/>
            <bpmndi:BPMNLabel labelStyle="sid-e076c9c3-fbdd-4550-a493-4089db28ef73">
               <omgdc:Bounds height="24.0" width="57.08570861816406" x="441.45714569091797" y="55.5"/>
            </bpmndi:BPMNLabel>
         </bpmndi:BPMNShape>
         <bpmndi:BPMNShape bpmnElement="sid-96EB4141-8C04-4949-8B39-5F92D474C895" id="sid-96EB4141-8C04-4949-8B39-5F92D474C895_gui">
            <omgdc:Bounds height="49.0" width="100.0" x="420.0" y="137.03327286780836"/>
            <bpmndi:BPMNLabel labelStyle="sid-e076c9c3-fbdd-4550-a493-4089db28ef73">
               <omgdc:Bounds height="24.0" width="57.08570861816406" x="441.45714569091797" y="147.53327286780836"/>
            </bpmndi:BPMNLabel>
         </bpmndi:BPMNShape>
         <bpmndi:BPMNShape bpmnElement="sid-785E2142-8CF3-40C9-863F-63E5F57DA6AB" id="sid-785E2142-8CF3-40C9-863F-63E5F57DA6AB_gui">
            <omgdc:Bounds height="28.0" width="28.0" x="645.0" y="106.0"/>
         </bpmndi:BPMNShape>
         <bpmndi:BPMNShape bpmnElement="sid-7C60AEB5-0473-4E4F-ACD8-45FCC278EA14" id="sid-7C60AEB5-0473-4E4F-ACD8-45FCC278EA14_gui">
            <omgdc:Bounds height="28.0" width="28.0" x="131.4778469296619" y="280.0"/>
         </bpmndi:BPMNShape>
         <bpmndi:BPMNShape bpmnElement="sid-6D6F407C-288F-46D1-A7F7-9CFB3CBDF335" id="sid-6D6F407C-288F-46D1-A7F7-9CFB3CBDF335_gui">
            <omgdc:Bounds height="30.0" width="30.0" x="204.4778469296619" y="95.0"/>
            <bpmndi:BPMNLabel labelStyle="sid-22a7befc-1640-4e69-a394-a41acac0dde9">
               <omgdc:Bounds height="11.0" width="81.32142639160156" x="178.8171337338611" y="127.0"/>
            </bpmndi:BPMNLabel>
         </bpmndi:BPMNShape>
         <bpmndi:BPMNShape bpmnElement="sid-4CF499DE-A519-4CB9-9591-07ED052D89D2" id="sid-4CF499DE-A519-4CB9-9591-07ED052D89D2_gui">
            <omgdc:Bounds height="30.0" width="30.0" x="405.0" y="66.94713296807745"/>
            <bpmndi:BPMNLabel labelStyle="sid-22a7befc-1640-4e69-a394-a41acac0dde9">
               <omgdc:Bounds height="11.0" width="45.96428680419922" x="397.0178565979004" y="98.94713296807745"/>
            </bpmndi:BPMNLabel>
         </bpmndi:BPMNShape>
         <bpmndi:BPMNShape bpmnElement="sid-BA554CDF-C909-4181-9489-00183B9AF43C" id="sid-BA554CDF-C909-4181-9489-00183B9AF43C_gui">
            <omgdc:Bounds height="30.0" width="30.0" x="416.8324469356587" y="171.03327286780836"/>
            <bpmndi:BPMNLabel labelStyle="sid-22a7befc-1640-4e69-a394-a41acac0dde9">
               <omgdc:Bounds height="11.0" width="45.96428680419922" x="408.8503035335591" y="203.03327286780836"/>
            </bpmndi:BPMNLabel>
         </bpmndi:BPMNShape>
         <bpmndi:BPMNEdge bpmnElement="sid-A6CA0A7A-EEBA-4AC0-BF9D-19CAB61C07F3" id="sid-A6CA0A7A-EEBA-4AC0-BF9D-19CAB61C07F3_gui">
            <omgdi:waypoint x="60.0" y="120.09316770186335"/>
            <omgdi:waypoint x="105.0" y="120.37267080745342"/>
         </bpmndi:BPMNEdge>
         <bpmndi:BPMNEdge bpmnElement="sid-38F86BCD-EEE9-401F-93CB-C84E0586D820" id="sid-38F86BCD-EEE9-401F-93CB-C84E0586D820_gui">
            <omgdi:waypoint x="125.5" y="140.0"/>
            <omgdi:waypoint x="125.5" y="195.0"/>
            <omgdi:waypoint x="210.00000000000003" y="195.0"/>
         </bpmndi:BPMNEdge>
         <bpmndi:BPMNEdge bpmnElement="sid-52E23071-7AB7-4EED-B723-D72A63583183" id="sid-52E23071-7AB7-4EED-B723-D72A63583183_gui">
            <omgdi:waypoint x="125.5" y="100.0"/>
            <omgdi:waypoint x="125.5" y="70.0"/>
            <omgdi:waypoint x="210.0" y="70.0"/>
         </bpmndi:BPMNEdge>
         <bpmndi:BPMNEdge bpmnElement="sid-265610FF-2B9D-430F-BCF2-A6059064EF9E" id="sid-265610FF-2B9D-430F-BCF2-A6059064EF9E_gui">
            <omgdi:waypoint x="310.07" y="70.0"/>
            <omgdi:waypoint x="331.0" y="70.0"/>
            <omgdi:waypoint x="331.0" y="120.5"/>
            <omgdi:waypoint x="355.06999999999994" y="120.5"/>
         </bpmndi:BPMNEdge>
         <bpmndi:BPMNEdge bpmnElement="sid-AF6D8423-34F8-4C00-89DB-369BA05F9E37" id="sid-AF6D8423-34F8-4C00-89DB-369BA05F9E37_gui">
            <omgdi:waypoint x="375.56999999999994" y="100.0"/>
            <omgdi:waypoint x="375.56999999999994" y="69.5"/>
            <omgdi:waypoint x="420.0" y="69.5"/>
         </bpmndi:BPMNEdge>
         <bpmndi:BPMNEdge bpmnElement="sid-F786EC0B-696D-4EAA-A3BA-9FD3776F7DAE" id="sid-F786EC0B-696D-4EAA-A3BA-9FD3776F7DAE_gui">
            <omgdi:waypoint x="375.56999999999994" y="140.0"/>
            <omgdi:waypoint x="375.56999999999994" y="173.78327286780836"/>
            <omgdi:waypoint x="420.0" y="173.78327286780836"/>
         </bpmndi:BPMNEdge>
         <bpmndi:BPMNEdge bpmnElement="sid-74B922E9-A49F-4ADA-A594-4BE86742AEB0" id="sid-74B922E9-A49F-4ADA-A594-4BE86742AEB0_gui">
            <omgdi:waypoint x="520.0" y="69.5"/>
            <omgdi:waypoint x="582.5" y="69.5"/>
            <omgdi:waypoint x="582.5" y="120.0"/>
            <omgdi:waypoint x="645.0" y="120.0"/>
         </bpmndi:BPMNEdge>
         <bpmndi:BPMNEdge bpmnElement="sid-F1D64C9A-F469-4D0A-AE33-46E762E629EF" id="sid-F1D64C9A-F469-4D0A-AE33-46E762E629EF_gui">
            <omgdi:waypoint x="520.0" y="161.53327286780836"/>
            <omgdi:waypoint x="582.5" y="161.53327286780836"/>
            <omgdi:waypoint x="582.5" y="120.0"/>
            <omgdi:waypoint x="645.0" y="120.0"/>
         </bpmndi:BPMNEdge>
         <bpmndi:BPMNEdge bpmnElement="sid-CDD38E8C-B7C9-45FD-BE23-F078324486E3" id="sid-CDD38E8C-B7C9-45FD-BE23-F078324486E3_gui">
            <omgdi:waypoint x="219.86352040584626" y="250.0"/>
            <omgdi:waypoint x="219.4778469296619" y="294.0"/>
            <omgdi:waypoint x="159.4778469296619" y="294.0"/>
         </bpmndi:BPMNEdge>
         <bpmndi:BPMNEdge bpmnElement="sid-46CB7D90-86D7-4ECD-9EF3-DB1AAF579B1D" id="sid-46CB7D90-86D7-4ECD-9EF3-DB1AAF579B1D_gui">
            <omgdi:waypoint x="310.07" y="195.0"/>
            <omgdi:waypoint x="582.5" y="195.0"/>
            <omgdi:waypoint x="582.5" y="120.0"/>
            <omgdi:waypoint x="645.0" y="120.0"/>
         </bpmndi:BPMNEdge>
         <bpmndi:BPMNEdge bpmnElement="sid-DDF6E667-A09C-4BBA-92C7-7DF0CACDD1D8" id="sid-DDF6E667-A09C-4BBA-92C7-7DF0CACDD1D8_gui">
            <omgdi:waypoint x="431.74427443801846" y="201.03327286780836"/>
            <omgdi:waypoint x="431.5415754851746" y="235.51663643390418"/>
            <omgdi:waypoint x="399.0" y="235.51663643390418"/>
            <omgdi:waypoint x="399.0" y="294.0"/>
            <omgdi:waypoint x="159.4778469296619" y="294.0"/>
         </bpmndi:BPMNEdge>
         <bpmndi:BPMNEdge bpmnElement="sid-477947C7-09B7-41F1-A781-0FC51D3568B4" id="sid-477947C7-09B7-41F1-A781-0FC51D3568B4_gui">
            <omgdi:waypoint x="419.8422673030285" y="96.94713296807745"/>
            <omgdi:waypoint x="419.5367614982485" y="126.0"/>
            <omgdi:waypoint x="399.0" y="126.0"/>
            <omgdi:waypoint x="399.0" y="294.0"/>
            <omgdi:waypoint x="159.4778469296619" y="294.0"/>
         </bpmndi:BPMNEdge>
         <bpmndi:BPMNEdge bpmnElement="sid-B331803C-D372-45AE-B8C1-66522B97D773" id="sid-B331803C-D372-45AE-B8C1-66522B97D773_gui">
            <omgdi:waypoint x="204.4778469296619" y="110.0"/>
            <omgdi:waypoint x="140.0" y="110.0"/>
            <omgdi:waypoint x="140.0" y="280.0"/>
         </bpmndi:BPMNEdge>
      </bpmndi:BPMNPlane>
      <bpmndi:BPMNLabelStyle id="sid-22a7befc-1640-4e69-a394-a41acac0dde9">
         <omgdc:Font isBold="false" isItalic="false" isStrikeThrough="false" isUnderline="false" name="Arial" size="11.0"/>
      </bpmndi:BPMNLabelStyle>
      <bpmndi:BPMNLabelStyle id="sid-e076c9c3-fbdd-4550-a493-4089db28ef73">
         <omgdc:Font isBold="false" isItalic="false" isStrikeThrough="false" isUnderline="false" name="Arial" size="12.0"/>
      </bpmndi:BPMNLabelStyle>
   </bpmndi:BPMNDiagram>
</definitions>
