<?xml version="1.0" encoding="UTF-8"?><definitions xmlns="http://www.omg.org/spec/BPMN/20100524/MODEL" xmlns:bpmndi="http://www.omg.org/spec/BPMN/20100524/DI" xmlns:omgdc="http://www.omg.org/spec/DD/20100524/DC" xmlns:omgdi="http://www.omg.org/spec/DD/20100524/DI" xmlns:signavio="http://www.signavio.com" xmlns:xsi="http://www.w3.org/2001/XMLSchema-instance" exporter="Signavio Process Editor, http://www.signavio.com" exporterVersion="11.10.0" expressionLanguage="http://www.w3.org/TR/XPath" id="sid-dda69a06-ddbd-45b0-b7a7-7d9921831404" targetNamespace="http://www.signavio.com" typeLanguage="http://www.w3.org/2001/XMLSchema" xsi:schemaLocation="http://www.omg.org/spec/BPMN/20100524/MODEL http://www.omg.org/spec/BPMN/2.0/20100501/BPMN20.xsd">
   <dataStore capacity="0" id="sid-1e4a777c-1ea0-4b35-b4b5-76889d29ea04" isUnlimited="false" name="Weather resource"/>
   <error id="sid-a9c448ba-555a-4672-afa8-eb1cb7cdc2cf"/>
   <process id="sid-bd76d234-2f79-4da5-aa20-0e42f7ac2c61" isClosed="false" isExecutable="false" processType="None">
      <extensionElements>
         <signavio:signavioDiagramMetaData metaKey="businessunit" metaValue=""/>
         <signavio:signavioDiagramMetaData metaKey="iso9000ff" metaValue=""/>
         <signavio:signavioDiagramMetaData metaKey="processowner" metaValue=""/>
         <signavio:signavioDiagramMetaData metaKey="processgoal" metaValue=""/>
         <signavio:signavioDiagramMetaData metaKey="soxrelevant" metaValue=""/>
         <signavio:signavioDiagramMetaData metaKey="revisionid" metaValue="aee2cea24a8e4d60b3a485ede8dc970e"/>
      </extensionElements>
      <startEvent id="sid-6FF066F3-7632-450D-AB5D-D8861C3D72CE" name="">
         <extensionElements>
            <signavio:signavioMetaData metaKey="bgcolor" metaValue="#ffffff"/>
            <signavio:signavioMetaData metaKey="bordercolor" metaValue="#000000"/>
         </extensionElements>
         <outgoing>sid-4C002033-50E2-4941-9EE5-A4980507DB54</outgoing>
      </startEvent>
      <endEvent id="sid-F08E9EE5-A50A-42A7-888C-F4375110E4E1" name="">
         <extensionElements>
            <signavio:signavioMetaData metaKey="bgcolor" metaValue="#ffffff"/>
            <signavio:signavioMetaData metaKey="bordercolor" metaValue="#000000"/>
         </extensionElements>
         <incoming>sid-B1058C7A-5B1D-49BA-AD9F-B7BC812F80FF</incoming>
         <incoming>sid-538C0107-C48D-45C3-B229-6B71A0EE135A</incoming>
         <incoming>sid-5B16C063-DBE8-4161-A6EE-1FE050D89917</incoming>
         <incoming>sid-2C74EF6E-B6FB-4D8B-BDAD-7F58531E7593</incoming>
      </endEvent>
      <exclusiveGateway gatewayDirection="Diverging" id="sid-1FFDAB39-D132-4B8A-8FC3-C370471BF5A2" name="">
         <extensionElements>
            <signavio:signavioMetaData metaKey="bgcolor" metaValue="#ffffff"/>
            <signavio:signavioMetaData metaKey="bordercolor" metaValue="#000000"/>
         </extensionElements>
         <incoming>sid-4C002033-50E2-4941-9EE5-A4980507DB54</incoming>
         <outgoing>sid-F725DF5A-8772-499B-A06D-E2D622927C15</outgoing>
         <outgoing>sid-09AEABA7-C9C9-42E3-8F4C-285F7DE89618</outgoing>
      </exclusiveGateway>
      <task completionQuantity="1" id="sid-482A77D0-19FC-435C-81C0-58B1A7C8C2AD" isForCompensation="false" name="Set weather type" startQuantity="1">
         <extensionElements>
            <signavio:signavioMetaData metaKey="bgcolor" metaValue="#ffffcc"/>
            <signavio:signavioMetaData metaKey="bordercolor" metaValue="#000000"/>
            <signavio:signavioMetaData metaKey="risklevel" metaValue=""/>
            <signavio:signavioMetaData metaKey="externaldocuments" metaValue=""/>
         </extensionElements>
         <incoming>sid-F725DF5A-8772-499B-A06D-E2D622927C15</incoming>
         <outgoing>sid-7E8D7FB3-E09D-4039-BF0A-63F7C32A83ED</outgoing>
      </task>
      <task completionQuantity="1" id="sid-7E5BF639-8DE2-450D-A2C9-6B1E7D3746E3" isForCompensation="false" name="Select existed event" startQuantity="1">
         <extensionElements>
            <signavio:signavioMetaData metaKey="bgcolor" metaValue="#ffffcc"/>
            <signavio:signavioMetaData metaKey="bordercolor" metaValue="#000000"/>
            <signavio:signavioMetaData metaKey="risklevel" metaValue=""/>
            <signavio:signavioMetaData metaKey="externaldocuments" metaValue=""/>
         </extensionElements>
         <incoming>sid-09AEABA7-C9C9-42E3-8F4C-285F7DE89618</incoming>
         <outgoing>sid-11334716-DA7B-4E57-8CF2-1CC87E03970C</outgoing>
      </task>
      <exclusiveGateway gatewayDirection="Diverging" id="sid-C94FF387-35A7-4529-99A9-37BCE7FD4395" name="">
         <extensionElements>
            <signavio:signavioMetaData metaKey="bgcolor" metaValue="#ffffff"/>
            <signavio:signavioMetaData metaKey="bordercolor" metaValue="#000000"/>
         </extensionElements>
         <incoming>sid-11334716-DA7B-4E57-8CF2-1CC87E03970C</incoming>
         <outgoing>sid-43E3521C-F3F7-4F0E-80C4-85DBB7B6CFA1</outgoing>
         <outgoing>sid-98E008EC-A929-425C-BE9C-E3753F828263</outgoing>
      </exclusiveGateway>
      <task completionQuantity="1" id="sid-B1F2E7B4-0A1B-4CDD-AAAE-F7FD4FB9E6AD" isForCompensation="false" name="Remove" startQuantity="1">
         <extensionElements>
            <signavio:signavioMetaData metaKey="bgcolor" metaValue="#ffffcc"/>
            <signavio:signavioMetaData metaKey="bordercolor" metaValue="#000000"/>
            <signavio:signavioMetaData metaKey="risklevel" metaValue=""/>
            <signavio:signavioMetaData metaKey="externaldocuments" metaValue=""/>
         </extensionElements>
         <incoming>sid-43E3521C-F3F7-4F0E-80C4-85DBB7B6CFA1</incoming>
         <outgoing>sid-2C74EF6E-B6FB-4D8B-BDAD-7F58531E7593</outgoing>
      </task>
      <task completionQuantity="1" id="sid-83215F94-9144-4850-B780-CECCEED28AF3" isForCompensation="false" name="Change settings" startQuantity="1">
         <extensionElements>
            <signavio:signavioMetaData metaKey="bgcolor" metaValue="#ffffcc"/>
            <signavio:signavioMetaData metaKey="bordercolor" metaValue="#000000"/>
            <signavio:signavioMetaData metaKey="risklevel" metaValue=""/>
            <signavio:signavioMetaData metaKey="externaldocuments" metaValue=""/>
         </extensionElements>
         <incoming>sid-98E008EC-A929-425C-BE9C-E3753F828263</incoming>
         <outgoing>sid-5B16C063-DBE8-4161-A6EE-1FE050D89917</outgoing>
         <dataInputAssociation id="sid-44B8DC2D-0384-4D8D-BFAE-74365E1D968D">
            <extensionElements>
               <signavio:signavioMetaData metaKey="bordercolor" metaValue="#000000"/>
            </extensionElements>
            <sourceRef>sid-4C7A3787-16EF-4405-A961-7D70C8613E27</sourceRef>
            <targetRef>sid-83215F94-9144-4850-B780-CECCEED28AF3</targetRef>
         </dataInputAssociation>
      </task>
      <exclusiveGateway gatewayDirection="Diverging" id="sid-5AEF14D0-518B-40C2-94AD-39D333C82723" name="">
         <extensionElements>
            <signavio:signavioMetaData metaKey="bgcolor" metaValue="#ffffff"/>
            <signavio:signavioMetaData metaKey="bordercolor" metaValue="#000000"/>
         </extensionElements>
         <incoming>sid-7E8D7FB3-E09D-4039-BF0A-63F7C32A83ED</incoming>
         <outgoing>sid-3EC89EE8-3126-4A36-A1A2-3AF0B5903608</outgoing>
         <outgoing>sid-CF720605-354B-4A66-9E79-1CA56BF55CB7</outgoing>
      </exclusiveGateway>
      <task completionQuantity="1" id="sid-E5B0A76F-8C76-4EB4-8675-F10654728684" isForCompensation="false" name="Set random weather" startQuantity="1">
         <extensionElements>
            <signavio:signavioMetaData metaKey="bgcolor" metaValue="#ffffcc"/>
            <signavio:signavioMetaData metaKey="bordercolor" metaValue="#000000"/>
            <signavio:signavioMetaData metaKey="risklevel" metaValue=""/>
            <signavio:signavioMetaData metaKey="externaldocuments" metaValue=""/>
         </extensionElements>
         <incoming>sid-3EC89EE8-3126-4A36-A1A2-3AF0B5903608</incoming>
         <outgoing>sid-B1058C7A-5B1D-49BA-AD9F-B7BC812F80FF</outgoing>
      </task>
      <task completionQuantity="1" id="sid-6ADA72A5-D7AC-4EBA-825E-F8C416EF1214" isForCompensation="false" name="Set weather source" startQuantity="1">
         <extensionElements>
            <signavio:signavioMetaData metaKey="bgcolor" metaValue="#ffffcc"/>
            <signavio:signavioMetaData metaKey="bordercolor" metaValue="#000000"/>
            <signavio:signavioMetaData metaKey="risklevel" metaValue=""/>
            <signavio:signavioMetaData metaKey="externaldocuments" metaValue="[]"/>
         </extensionElements>
         <incoming>sid-CF720605-354B-4A66-9E79-1CA56BF55CB7</incoming>
         <outgoing>sid-538C0107-C48D-45C3-B229-6B71A0EE135A</outgoing>
         <dataInputAssociation id="sid-2E4D4ADF-C89D-44BF-BB53-D2BFC56162BB">
            <extensionElements>
               <signavio:signavioMetaData metaKey="bordercolor" metaValue="#000000"/>
            </extensionElements>
            <sourceRef>sid-4C7A3787-16EF-4405-A961-7D70C8613E27</sourceRef>
            <targetRef>sid-6ADA72A5-D7AC-4EBA-825E-F8C416EF1214</targetRef>
         </dataInputAssociation>
      </task>
      <boundaryEvent attachedToRef="sid-7E5BF639-8DE2-450D-A2C9-6B1E7D3746E3" cancelActivity="true" id="sid-40E681E0-F6FA-451B-9442-C97D69CF33D1" name="Cancelled" parallelMultiple="false">
         <outgoing>sid-4F90F79F-7C20-4651-B3D5-7C267AAB0DE7</outgoing>
         <errorEventDefinition errorRef="sid-a9c448ba-555a-4672-afa8-eb1cb7cdc2cf" id="sid-84f8d588-a8b5-4724-8e70-f72e4d63f5f9"/>
      </boundaryEvent>
      <boundaryEvent attachedToRef="sid-E5B0A76F-8C76-4EB4-8675-F10654728684" cancelActivity="true" id="sid-BC9D1391-1772-421C-BCAB-E7666F32556B" name="Cancelled" parallelMultiple="false">
         <outgoing>sid-A838EC68-3797-4828-A2CE-C45AEA011C5F</outgoing>
         <errorEventDefinition errorRef="sid-a9c448ba-555a-4672-afa8-eb1cb7cdc2cf" id="sid-07339534-9697-4680-b81a-0c23144008fa"/>
      </boundaryEvent>
      <boundaryEvent attachedToRef="sid-6ADA72A5-D7AC-4EBA-825E-F8C416EF1214" cancelActivity="true" id="sid-157BD422-CD91-47CA-8988-DC2BDF2B6DDF" name="Cancelled" parallelMultiple="false">
         <outgoing>sid-68FE8644-696C-4517-9809-7670B01B492A</outgoing>
         <errorEventDefinition errorRef="sid-a9c448ba-555a-4672-afa8-eb1cb7cdc2cf" id="sid-075067a2-5169-42a6-bfcc-139ece4df8c3"/>
      </boundaryEvent>
      <boundaryEvent attachedToRef="sid-B1F2E7B4-0A1B-4CDD-AAAE-F7FD4FB9E6AD" cancelActivity="true" id="sid-0DC056AC-A036-4C56-9B2C-220DA30D7512" name="Cancelled" parallelMultiple="false">
         <outgoing>sid-476043C3-9D13-4660-A277-2F8B74A71B5E</outgoing>
         <errorEventDefinition errorRef="sid-a9c448ba-555a-4672-afa8-eb1cb7cdc2cf" id="sid-44f8c6e3-6fcd-4617-910f-57becf735f25"/>
      </boundaryEvent>
      <boundaryEvent attachedToRef="sid-83215F94-9144-4850-B780-CECCEED28AF3" cancelActivity="true" id="sid-3CB1DF7F-94AE-4BF1-B2D3-B2165CF9EF84" name="Cancelled" parallelMultiple="false">
         <outgoing>sid-77809966-9C2A-48B3-951D-01C146B9C5C9</outgoing>
         <errorEventDefinition errorRef="sid-a9c448ba-555a-4672-afa8-eb1cb7cdc2cf" id="sid-5405d157-48e3-40b3-845b-bc0cd5afdfbe"/>
      </boundaryEvent>
      <endEvent id="sid-16B735F4-7291-43CF-8A87-50E53D387A06" name="">
         <extensionElements>
            <signavio:signavioMetaData metaKey="bgcolor" metaValue="#ffffff"/>
            <signavio:signavioMetaData metaKey="bordercolor" metaValue="#000000"/>
         </extensionElements>
         <incoming>sid-338080B8-14FA-46F9-B953-43AA6139C318</incoming>
         <incoming>sid-A838EC68-3797-4828-A2CE-C45AEA011C5F</incoming>
         <incoming>sid-4F90F79F-7C20-4651-B3D5-7C267AAB0DE7</incoming>
         <incoming>sid-476043C3-9D13-4660-A277-2F8B74A71B5E</incoming>
         <incoming>sid-77809966-9C2A-48B3-951D-01C146B9C5C9</incoming>
         <incoming>sid-68FE8644-696C-4517-9809-7670B01B492A</incoming>
      </endEvent>
      <boundaryEvent attachedToRef="sid-482A77D0-19FC-435C-81C0-58B1A7C8C2AD" cancelActivity="true" id="sid-3EFD2651-B862-4775-A0CB-8F30A7360888" name="Cancelled" parallelMultiple="false">
         <outgoing>sid-338080B8-14FA-46F9-B953-43AA6139C318</outgoing>
         <errorEventDefinition errorRef="sid-a9c448ba-555a-4672-afa8-eb1cb7cdc2cf" id="sid-1ee16434-0c06-4a16-a39e-915d566b8aed"/>
      </boundaryEvent>
      <sequenceFlow id="sid-4C002033-50E2-4941-9EE5-A4980507DB54" name="" sourceRef="sid-6FF066F3-7632-450D-AB5D-D8861C3D72CE" targetRef="sid-1FFDAB39-D132-4B8A-8FC3-C370471BF5A2">
         <extensionElements>
            <signavio:signavioMetaData metaKey="bordercolor" metaValue="#000000"/>
         </extensionElements>
      </sequenceFlow>
      <sequenceFlow id="sid-F725DF5A-8772-499B-A06D-E2D622927C15" name="" sourceRef="sid-1FFDAB39-D132-4B8A-8FC3-C370471BF5A2" targetRef="sid-482A77D0-19FC-435C-81C0-58B1A7C8C2AD">
         <extensionElements>
            <signavio:signavioMetaData metaKey="bordercolor" metaValue="#000000"/>
         </extensionElements>
      </sequenceFlow>
      <sequenceFlow id="sid-09AEABA7-C9C9-42E3-8F4C-285F7DE89618" name="" sourceRef="sid-1FFDAB39-D132-4B8A-8FC3-C370471BF5A2" targetRef="sid-7E5BF639-8DE2-450D-A2C9-6B1E7D3746E3">
         <extensionElements>
            <signavio:signavioMetaData metaKey="bordercolor" metaValue="#000000"/>
         </extensionElements>
      </sequenceFlow>
      <sequenceFlow id="sid-11334716-DA7B-4E57-8CF2-1CC87E03970C" name="" sourceRef="sid-7E5BF639-8DE2-450D-A2C9-6B1E7D3746E3" targetRef="sid-C94FF387-35A7-4529-99A9-37BCE7FD4395">
         <extensionElements>
            <signavio:signavioMetaData metaKey="bordercolor" metaValue="#000000"/>
         </extensionElements>
      </sequenceFlow>
      <sequenceFlow id="sid-43E3521C-F3F7-4F0E-80C4-85DBB7B6CFA1" name="" sourceRef="sid-C94FF387-35A7-4529-99A9-37BCE7FD4395" targetRef="sid-B1F2E7B4-0A1B-4CDD-AAAE-F7FD4FB9E6AD">
         <extensionElements>
            <signavio:signavioMetaData metaKey="bordercolor" metaValue="#000000"/>
         </extensionElements>
      </sequenceFlow>
      <sequenceFlow id="sid-98E008EC-A929-425C-BE9C-E3753F828263" name="" sourceRef="sid-C94FF387-35A7-4529-99A9-37BCE7FD4395" targetRef="sid-83215F94-9144-4850-B780-CECCEED28AF3">
         <extensionElements>
            <signavio:signavioMetaData metaKey="bordercolor" metaValue="#000000"/>
         </extensionElements>
      </sequenceFlow>
      <sequenceFlow id="sid-7E8D7FB3-E09D-4039-BF0A-63F7C32A83ED" name="" sourceRef="sid-482A77D0-19FC-435C-81C0-58B1A7C8C2AD" targetRef="sid-5AEF14D0-518B-40C2-94AD-39D333C82723">
         <extensionElements>
            <signavio:signavioMetaData metaKey="bordercolor" metaValue="#000000"/>
         </extensionElements>
      </sequenceFlow>
      <sequenceFlow id="sid-3EC89EE8-3126-4A36-A1A2-3AF0B5903608" name="" sourceRef="sid-5AEF14D0-518B-40C2-94AD-39D333C82723" targetRef="sid-E5B0A76F-8C76-4EB4-8675-F10654728684">
         <extensionElements>
            <signavio:signavioMetaData metaKey="bordercolor" metaValue="#000000"/>
         </extensionElements>
      </sequenceFlow>
      <sequenceFlow id="sid-CF720605-354B-4A66-9E79-1CA56BF55CB7" name="" sourceRef="sid-5AEF14D0-518B-40C2-94AD-39D333C82723" targetRef="sid-6ADA72A5-D7AC-4EBA-825E-F8C416EF1214">
         <extensionElements>
            <signavio:signavioMetaData metaKey="bordercolor" metaValue="#000000"/>
         </extensionElements>
      </sequenceFlow>
      <sequenceFlow id="sid-B1058C7A-5B1D-49BA-AD9F-B7BC812F80FF" name="" sourceRef="sid-E5B0A76F-8C76-4EB4-8675-F10654728684" targetRef="sid-F08E9EE5-A50A-42A7-888C-F4375110E4E1">
         <extensionElements>
            <signavio:signavioMetaData metaKey="bordercolor" metaValue="#000000"/>
         </extensionElements>
      </sequenceFlow>
      <sequenceFlow id="sid-538C0107-C48D-45C3-B229-6B71A0EE135A" name="" sourceRef="sid-6ADA72A5-D7AC-4EBA-825E-F8C416EF1214" targetRef="sid-F08E9EE5-A50A-42A7-888C-F4375110E4E1">
         <extensionElements>
            <signavio:signavioMetaData metaKey="bordercolor" metaValue="#000000"/>
         </extensionElements>
      </sequenceFlow>
      <sequenceFlow id="sid-5B16C063-DBE8-4161-A6EE-1FE050D89917" name="" sourceRef="sid-83215F94-9144-4850-B780-CECCEED28AF3" targetRef="sid-F08E9EE5-A50A-42A7-888C-F4375110E4E1">
         <extensionElements>
            <signavio:signavioMetaData metaKey="bordercolor" metaValue="#000000"/>
         </extensionElements>
      </sequenceFlow>
      <sequenceFlow id="sid-2C74EF6E-B6FB-4D8B-BDAD-7F58531E7593" name="" sourceRef="sid-B1F2E7B4-0A1B-4CDD-AAAE-F7FD4FB9E6AD" targetRef="sid-F08E9EE5-A50A-42A7-888C-F4375110E4E1">
         <extensionElements>
            <signavio:signavioMetaData metaKey="bordercolor" metaValue="#000000"/>
         </extensionElements>
      </sequenceFlow>
      <sequenceFlow id="sid-338080B8-14FA-46F9-B953-43AA6139C318" name="" sourceRef="sid-3EFD2651-B862-4775-A0CB-8F30A7360888" targetRef="sid-16B735F4-7291-43CF-8A87-50E53D387A06">
         <extensionElements>
            <signavio:signavioMetaData metaKey="bordercolor" metaValue="#FF6600"/>
         </extensionElements>
      </sequenceFlow>
      <sequenceFlow id="sid-A838EC68-3797-4828-A2CE-C45AEA011C5F" name="" sourceRef="sid-BC9D1391-1772-421C-BCAB-E7666F32556B" targetRef="sid-16B735F4-7291-43CF-8A87-50E53D387A06">
         <extensionElements>
            <signavio:signavioMetaData metaKey="bordercolor" metaValue="#FF6600"/>
         </extensionElements>
      </sequenceFlow>
      <sequenceFlow id="sid-4F90F79F-7C20-4651-B3D5-7C267AAB0DE7" name="" sourceRef="sid-40E681E0-F6FA-451B-9442-C97D69CF33D1" targetRef="sid-16B735F4-7291-43CF-8A87-50E53D387A06">
         <extensionElements>
            <signavio:signavioMetaData metaKey="bordercolor" metaValue="#FF6600"/>
         </extensionElements>
      </sequenceFlow>
      <sequenceFlow id="sid-476043C3-9D13-4660-A277-2F8B74A71B5E" name="" sourceRef="sid-0DC056AC-A036-4C56-9B2C-220DA30D7512" targetRef="sid-16B735F4-7291-43CF-8A87-50E53D387A06">
         <extensionElements>
            <signavio:signavioMetaData metaKey="bordercolor" metaValue="#FF6600"/>
         </extensionElements>
      </sequenceFlow>
      <sequenceFlow id="sid-77809966-9C2A-48B3-951D-01C146B9C5C9" name="" sourceRef="sid-3CB1DF7F-94AE-4BF1-B2D3-B2165CF9EF84" targetRef="sid-16B735F4-7291-43CF-8A87-50E53D387A06">
         <extensionElements>
            <signavio:signavioMetaData metaKey="bordercolor" metaValue="#FF6600"/>
         </extensionElements>
      </sequenceFlow>
      <sequenceFlow id="sid-68FE8644-696C-4517-9809-7670B01B492A" name="" sourceRef="sid-157BD422-CD91-47CA-8988-DC2BDF2B6DDF" targetRef="sid-16B735F4-7291-43CF-8A87-50E53D387A06">
         <extensionElements>
            <signavio:signavioMetaData metaKey="bordercolor" metaValue="#FF6600"/>
         </extensionElements>
      </sequenceFlow>
      <dataStoreReference dataStoreRef="sid-1e4a777c-1ea0-4b35-b4b5-76889d29ea04" id="sid-4C7A3787-16EF-4405-A961-7D70C8613E27" name="Weather resource">
         <extensionElements>
            <signavio:signavioMetaData metaKey="bgcolor" metaValue="#ffffff"/>
            <signavio:signavioMetaData metaKey="bordercolor" metaValue="#000000"/>
         </extensionElements>
      </dataStoreReference>
   </process>
   <bpmndi:BPMNDiagram id="sid-bbadae76-93b2-4038-98d5-ffa3f9699bdf">
      <bpmndi:BPMNPlane bpmnElement="sid-bd76d234-2f79-4da5-aa20-0e42f7ac2c61" id="sid-95fe632d-64d5-42d4-aecd-1b923f5685b2">
         <bpmndi:BPMNShape bpmnElement="sid-6FF066F3-7632-450D-AB5D-D8861C3D72CE" id="sid-6FF066F3-7632-450D-AB5D-D8861C3D72CE_gui">
            <omgdc:Bounds height="30.0" width="30.0" x="30.0" y="120.0"/>
         </bpmndi:BPMNShape>
         <bpmndi:BPMNShape bpmnElement="sid-F08E9EE5-A50A-42A7-888C-F4375110E4E1" id="sid-F08E9EE5-A50A-42A7-888C-F4375110E4E1_gui">
            <omgdc:Bounds height="28.0" width="28.0" x="705.0" y="121.0"/>
         </bpmndi:BPMNShape>
         <bpmndi:BPMNShape bpmnElement="sid-1FFDAB39-D132-4B8A-8FC3-C370471BF5A2" id="sid-1FFDAB39-D132-4B8A-8FC3-C370471BF5A2_gui" isMarkerVisible="true">
            <omgdc:Bounds height="40.0" width="40.0" x="105.0" y="115.0"/>
         </bpmndi:BPMNShape>
         <bpmndi:BPMNShape bpmnElement="sid-482A77D0-19FC-435C-81C0-58B1A7C8C2AD" id="sid-482A77D0-19FC-435C-81C0-58B1A7C8C2AD_gui">
            <omgdc:Bounds height="51.0" width="100.0" x="191.0" y="21.0"/>
            <bpmndi:BPMNLabel labelStyle="sid-5e2eba95-ad39-4927-85f3-751d3488e384">
               <omgdc:Bounds height="24.0" width="65.57142639160156" x="208.21428680419922" y="32.5"/>
            </bpmndi:BPMNLabel>
         </bpmndi:BPMNShape>
         <bpmndi:BPMNShape bpmnElement="sid-7E5BF639-8DE2-450D-A2C9-6B1E7D3746E3" id="sid-7E5BF639-8DE2-450D-A2C9-6B1E7D3746E3_gui">
            <omgdc:Bounds height="80.0" width="100.0" x="190.0" y="150.0"/>
            <bpmndi:BPMNLabel labelStyle="sid-5e2eba95-ad39-4927-85f3-751d3488e384">
               <omgdc:Bounds height="24.0" width="75.5999984741211" x="202.20000076293945" y="176.0"/>
            </bpmndi:BPMNLabel>
         </bpmndi:BPMNShape>
         <bpmndi:BPMNShape bpmnElement="sid-C94FF387-35A7-4529-99A9-37BCE7FD4395" id="sid-C94FF387-35A7-4529-99A9-37BCE7FD4395_gui" isMarkerVisible="true">
            <omgdc:Bounds height="40.0" width="40.0" x="335.0" y="170.0"/>
         </bpmndi:BPMNShape>
         <bpmndi:BPMNShape bpmnElement="sid-B1F2E7B4-0A1B-4CDD-AAAE-F7FD4FB9E6AD" id="sid-B1F2E7B4-0A1B-4CDD-AAAE-F7FD4FB9E6AD_gui">
            <omgdc:Bounds height="51.0" width="100.0" x="420.0" y="164.0"/>
            <bpmndi:BPMNLabel labelStyle="sid-5e2eba95-ad39-4927-85f3-751d3488e384">
               <omgdc:Bounds height="12.0" width="43.19999694824219" x="448.4000015258789" y="181.5"/>
            </bpmndi:BPMNLabel>
         </bpmndi:BPMNShape>
         <bpmndi:BPMNShape bpmnElement="sid-83215F94-9144-4850-B780-CECCEED28AF3" id="sid-83215F94-9144-4850-B780-CECCEED28AF3_gui">
            <omgdc:Bounds height="51.0" width="100.0" x="420.0" y="249.0"/>
            <bpmndi:BPMNLabel labelStyle="sid-5e2eba95-ad39-4927-85f3-751d3488e384">
               <omgdc:Bounds height="12.0" width="88.71429443359375" x="425.6428527832031" y="266.5"/>
            </bpmndi:BPMNLabel>
         </bpmndi:BPMNShape>
         <bpmndi:BPMNShape bpmnElement="sid-5AEF14D0-518B-40C2-94AD-39D333C82723" id="sid-5AEF14D0-518B-40C2-94AD-39D333C82723_gui" isMarkerVisible="true">
            <omgdc:Bounds height="40.0" width="40.0" x="336.0" y="26.5"/>
         </bpmndi:BPMNShape>
         <bpmndi:BPMNShape bpmnElement="sid-E5B0A76F-8C76-4EB4-8675-F10654728684" id="sid-E5B0A76F-8C76-4EB4-8675-F10654728684_gui">
            <omgdc:Bounds height="51.0" width="100.0" x="420.0" y="7.0"/>
            <bpmndi:BPMNLabel labelStyle="sid-5e2eba95-ad39-4927-85f3-751d3488e384">
               <omgdc:Bounds height="24.0" width="64.02857208251953" x="437.98571395874023" y="18.5"/>
            </bpmndi:BPMNLabel>
         </bpmndi:BPMNShape>
         <bpmndi:BPMNShape bpmnElement="sid-6ADA72A5-D7AC-4EBA-825E-F8C416EF1214" id="sid-6ADA72A5-D7AC-4EBA-825E-F8C416EF1214_gui">
            <omgdc:Bounds height="51.0" width="100.0" x="420.0" y="74.0"/>
            <bpmndi:BPMNLabel labelStyle="sid-5e2eba95-ad39-4927-85f3-751d3488e384">
               <omgdc:Bounds height="24.0" width="65.57142639160156" x="437.2142868041992" y="85.5"/>
            </bpmndi:BPMNLabel>
         </bpmndi:BPMNShape>
         <bpmndi:BPMNShape bpmnElement="sid-40E681E0-F6FA-451B-9442-C97D69CF33D1" id="sid-40E681E0-F6FA-451B-9442-C97D69CF33D1_gui">
            <omgdc:Bounds height="30.0" width="30.0" x="175.0" y="210.71428571428572"/>
            <bpmndi:BPMNLabel labelStyle="sid-4451d5cc-fb81-45e2-b08b-52bff8fcd7b1">
               <omgdc:Bounds height="11.0" width="45.96428680419922" x="167.0178565979004" y="242.71428571428572"/>
            </bpmndi:BPMNLabel>
         </bpmndi:BPMNShape>
         <bpmndi:BPMNShape bpmnElement="sid-BC9D1391-1772-421C-BCAB-E7666F32556B" id="sid-BC9D1391-1772-421C-BCAB-E7666F32556B_gui">
            <omgdc:Bounds height="30.0" width="30.0" x="405.0" y="38.21428571428572"/>
            <bpmndi:BPMNLabel labelStyle="sid-4451d5cc-fb81-45e2-b08b-52bff8fcd7b1">
               <omgdc:Bounds height="11.0" width="45.96428680419922" x="397.0178565979004" y="70.21428571428572"/>
            </bpmndi:BPMNLabel>
         </bpmndi:BPMNShape>
         <bpmndi:BPMNShape bpmnElement="sid-157BD422-CD91-47CA-8988-DC2BDF2B6DDF" id="sid-157BD422-CD91-47CA-8988-DC2BDF2B6DDF_gui">
            <omgdc:Bounds height="30.0" width="30.0" x="420.0" y="110.0"/>
            <bpmndi:BPMNLabel labelStyle="sid-4451d5cc-fb81-45e2-b08b-52bff8fcd7b1">
               <omgdc:Bounds height="11.0" width="45.96428680419922" x="412.0178565979004" y="142.0"/>
            </bpmndi:BPMNLabel>
         </bpmndi:BPMNShape>
         <bpmndi:BPMNShape bpmnElement="sid-0DC056AC-A036-4C56-9B2C-220DA30D7512" id="sid-0DC056AC-A036-4C56-9B2C-220DA30D7512_gui">
            <omgdc:Bounds height="30.0" width="30.0" x="419.19176350377165" y="200.0"/>
            <bpmndi:BPMNLabel labelStyle="sid-4451d5cc-fb81-45e2-b08b-52bff8fcd7b1">
               <omgdc:Bounds height="11.0" width="45.96428680419922" x="411.20962010167204" y="232.0"/>
            </bpmndi:BPMNLabel>
         </bpmndi:BPMNShape>
         <bpmndi:BPMNShape bpmnElement="sid-3CB1DF7F-94AE-4BF1-B2D3-B2165CF9EF84" id="sid-3CB1DF7F-94AE-4BF1-B2D3-B2165CF9EF84_gui">
            <omgdc:Bounds height="30.0" width="30.0" x="405.0" y="281.1430652786163"/>
            <bpmndi:BPMNLabel labelStyle="sid-4451d5cc-fb81-45e2-b08b-52bff8fcd7b1">
               <omgdc:Bounds height="11.0" width="45.96428680419922" x="397.0178565979004" y="313.1430652786163"/>
            </bpmndi:BPMNLabel>
         </bpmndi:BPMNShape>
         <bpmndi:BPMNShape bpmnElement="sid-16B735F4-7291-43CF-8A87-50E53D387A06" id="sid-16B735F4-7291-43CF-8A87-50E53D387A06_gui">
            <omgdc:Bounds height="28.0" width="28.0" x="250.83482609910573" y="345.0"/>
         </bpmndi:BPMNShape>
         <bpmndi:BPMNShape bpmnElement="sid-3EFD2651-B862-4775-A0CB-8F30A7360888" id="sid-3EFD2651-B862-4775-A0CB-8F30A7360888_gui">
            <omgdc:Bounds height="30.0" width="30.0" x="210.30769230769232" y="57.0"/>
            <bpmndi:BPMNLabel labelStyle="sid-4451d5cc-fb81-45e2-b08b-52bff8fcd7b1">
               <omgdc:Bounds height="11.0" width="45.96428680419922" x="202.3255489055927" y="89.0"/>
            </bpmndi:BPMNLabel>
         </bpmndi:BPMNShape>
         <bpmndi:BPMNShape bpmnElement="sid-4C7A3787-16EF-4405-A961-7D70C8613E27" id="sid-4C7A3787-16EF-4405-A961-7D70C8613E27_gui">
            <omgdc:Bounds height="60.173" width="62.000999999999976" x="650.0" y="17.0"/>
            <bpmndi:BPMNLabel labelStyle="sid-5e2eba95-ad39-4927-85f3-751d3488e384">
               <omgdc:Bounds height="12.0" width="97.19999313354492" x="631.475004196167" y="82.33799743652344"/>
            </bpmndi:BPMNLabel>
         </bpmndi:BPMNShape>
         <bpmndi:BPMNEdge bpmnElement="sid-4C002033-50E2-4941-9EE5-A4980507DB54" id="sid-4C002033-50E2-4941-9EE5-A4980507DB54_gui">
            <omgdi:waypoint x="60.0" y="135.09316770186336"/>
            <omgdi:waypoint x="105.0" y="135.37267080745343"/>
         </bpmndi:BPMNEdge>
         <bpmndi:BPMNEdge bpmnElement="sid-F725DF5A-8772-499B-A06D-E2D622927C15" id="sid-F725DF5A-8772-499B-A06D-E2D622927C15_gui">
            <omgdi:waypoint x="125.5" y="115.0"/>
            <omgdi:waypoint x="125.5" y="46.5"/>
            <omgdi:waypoint x="191.0" y="46.5"/>
         </bpmndi:BPMNEdge>
         <bpmndi:BPMNEdge bpmnElement="sid-09AEABA7-C9C9-42E3-8F4C-285F7DE89618" id="sid-09AEABA7-C9C9-42E3-8F4C-285F7DE89618_gui">
            <omgdi:waypoint x="125.5" y="155.0"/>
            <omgdi:waypoint x="125.5" y="190.0"/>
            <omgdi:waypoint x="190.0" y="190.0"/>
         </bpmndi:BPMNEdge>
         <bpmndi:BPMNEdge bpmnElement="sid-11334716-DA7B-4E57-8CF2-1CC87E03970C" id="sid-11334716-DA7B-4E57-8CF2-1CC87E03970C_gui">
            <omgdi:waypoint x="290.0" y="190.21645021645023"/>
            <omgdi:waypoint x="335.0" y="190.4112554112554"/>
         </bpmndi:BPMNEdge>
         <bpmndi:BPMNEdge bpmnElement="sid-43E3521C-F3F7-4F0E-80C4-85DBB7B6CFA1" id="sid-43E3521C-F3F7-4F0E-80C4-85DBB7B6CFA1_gui">
            <omgdi:waypoint x="375.0" y="190.3296943231441"/>
            <omgdi:waypoint x="420.0" y="189.93668122270742"/>
         </bpmndi:BPMNEdge>
         <bpmndi:BPMNEdge bpmnElement="sid-98E008EC-A929-425C-BE9C-E3753F828263" id="sid-98E008EC-A929-425C-BE9C-E3753F828263_gui">
            <omgdi:waypoint x="355.5" y="210.0"/>
            <omgdi:waypoint x="355.5" y="274.5"/>
            <omgdi:waypoint x="420.0" y="274.5"/>
         </bpmndi:BPMNEdge>
         <bpmndi:BPMNEdge bpmnElement="sid-7E8D7FB3-E09D-4039-BF0A-63F7C32A83ED" id="sid-7E8D7FB3-E09D-4039-BF0A-63F7C32A83ED_gui">
            <omgdi:waypoint x="291.0" y="46.71645021645022"/>
            <omgdi:waypoint x="336.0" y="46.91125541125541"/>
         </bpmndi:BPMNEdge>
         <bpmndi:BPMNEdge bpmnElement="sid-3EC89EE8-3126-4A36-A1A2-3AF0B5903608" id="sid-3EC89EE8-3126-4A36-A1A2-3AF0B5903608_gui">
            <omgdi:waypoint x="376.0" y="47.0"/>
            <omgdi:waypoint x="398.0" y="47.0"/>
            <omgdi:waypoint x="398.0" y="32.5"/>
            <omgdi:waypoint x="420.0" y="32.5"/>
         </bpmndi:BPMNEdge>
         <bpmndi:BPMNEdge bpmnElement="sid-CF720605-354B-4A66-9E79-1CA56BF55CB7" id="sid-CF720605-354B-4A66-9E79-1CA56BF55CB7_gui">
            <omgdi:waypoint x="356.5" y="66.5"/>
            <omgdi:waypoint x="356.5" y="99.5"/>
            <omgdi:waypoint x="420.0" y="99.5"/>
         </bpmndi:BPMNEdge>
         <bpmndi:BPMNEdge bpmnElement="sid-B1058C7A-5B1D-49BA-AD9F-B7BC812F80FF" id="sid-B1058C7A-5B1D-49BA-AD9F-B7BC812F80FF_gui">
            <omgdi:waypoint x="520.0" y="32.5"/>
            <omgdi:waypoint x="612.5" y="32.5"/>
            <omgdi:waypoint x="612.5" y="135.0"/>
            <omgdi:waypoint x="705.0" y="135.0"/>
         </bpmndi:BPMNEdge>
         <bpmndi:BPMNEdge bpmnElement="sid-538C0107-C48D-45C3-B229-6B71A0EE135A" id="sid-538C0107-C48D-45C3-B229-6B71A0EE135A_gui">
            <omgdi:waypoint x="520.0" y="99.5"/>
            <omgdi:waypoint x="612.5" y="99.5"/>
            <omgdi:waypoint x="612.5" y="135.0"/>
            <omgdi:waypoint x="705.0" y="135.0"/>
         </bpmndi:BPMNEdge>
         <bpmndi:BPMNEdge bpmnElement="sid-2E4D4ADF-C89D-44BF-BB53-D2BFC56162BB" id="sid-2E4D4ADF-C89D-44BF-BB53-D2BFC56162BB_gui">
            <omgdi:waypoint x="650.0" y="46.9245"/>
            <omgdi:waypoint x="584.0" y="46.9245"/>
            <omgdi:waypoint x="584.0" y="64.0"/>
            <omgdi:waypoint x="470.0" y="64.0"/>
            <omgdi:waypoint x="470.0" y="74.0"/>
         </bpmndi:BPMNEdge>
         <bpmndi:BPMNEdge bpmnElement="sid-44B8DC2D-0384-4D8D-BFAE-74365E1D968D" id="sid-44B8DC2D-0384-4D8D-BFAE-74365E1D968D_gui">
            <omgdi:waypoint x="650.0" y="46.9245"/>
            <omgdi:waypoint x="582.0" y="46.9245"/>
            <omgdi:waypoint x="582.0" y="234.0"/>
            <omgdi:waypoint x="470.0" y="234.0"/>
            <omgdi:waypoint x="470.0" y="249.0"/>
         </bpmndi:BPMNEdge>
         <bpmndi:BPMNEdge bpmnElement="sid-5B16C063-DBE8-4161-A6EE-1FE050D89917" id="sid-5B16C063-DBE8-4161-A6EE-1FE050D89917_gui">
            <omgdi:waypoint x="520.0" y="274.5"/>
            <omgdi:waypoint x="612.5" y="274.5"/>
            <omgdi:waypoint x="612.5" y="135.0"/>
            <omgdi:waypoint x="705.0" y="135.0"/>
         </bpmndi:BPMNEdge>
         <bpmndi:BPMNEdge bpmnElement="sid-2C74EF6E-B6FB-4D8B-BDAD-7F58531E7593" id="sid-2C74EF6E-B6FB-4D8B-BDAD-7F58531E7593_gui">
            <omgdi:waypoint x="520.0" y="189.5"/>
            <omgdi:waypoint x="612.5" y="189.5"/>
            <omgdi:waypoint x="612.5" y="135.0"/>
            <omgdi:waypoint x="705.0" y="135.0"/>
         </bpmndi:BPMNEdge>
         <bpmndi:BPMNEdge bpmnElement="sid-338080B8-14FA-46F9-B953-43AA6139C318" id="sid-338080B8-14FA-46F9-B953-43AA6139C318_gui">
            <omgdi:waypoint x="225.27570645113568" y="87.0"/>
            <omgdi:waypoint x="225.20746995714816" y="119.0"/>
            <omgdi:waypoint x="143.0" y="119.0"/>
            <omgdi:waypoint x="143.0" y="359.0"/>
            <omgdi:waypoint x="250.83482609910573" y="359.0"/>
         </bpmndi:BPMNEdge>
         <bpmndi:BPMNEdge bpmnElement="sid-A838EC68-3797-4828-A2CE-C45AEA011C5F" id="sid-A838EC68-3797-4828-A2CE-C45AEA011C5F_gui">
            <omgdi:waypoint x="420.2159813654014" y="68.21428571428572"/>
            <omgdi:waypoint x="420.4576747981124" y="85.0"/>
            <omgdi:waypoint x="314.0" y="85.0"/>
            <omgdi:waypoint x="314.0" y="359.0"/>
            <omgdi:waypoint x="278.8348260991057" y="359.0"/>
         </bpmndi:BPMNEdge>
         <bpmndi:BPMNEdge bpmnElement="sid-4F90F79F-7C20-4651-B3D5-7C267AAB0DE7" id="sid-4F90F79F-7C20-4651-B3D5-7C267AAB0DE7_gui">
            <omgdi:waypoint x="190.09395149025306" y="240.71428571428572"/>
            <omgdi:waypoint x="190.83482609910575" y="359.0"/>
            <omgdi:waypoint x="250.83482609910573" y="359.0"/>
         </bpmndi:BPMNEdge>
         <bpmndi:BPMNEdge bpmnElement="sid-476043C3-9D13-4660-A277-2F8B74A71B5E" id="sid-476043C3-9D13-4660-A277-2F8B74A71B5E_gui">
            <omgdi:waypoint x="433.7030248345639" y="230.0"/>
            <omgdi:waypoint x="433.3771990550921" y="240.0"/>
            <omgdi:waypoint x="314.0" y="240.0"/>
            <omgdi:waypoint x="314.0" y="359.0"/>
            <omgdi:waypoint x="278.8348260991057" y="359.0"/>
         </bpmndi:BPMNEdge>
         <bpmndi:BPMNEdge bpmnElement="sid-77809966-9C2A-48B3-951D-01C146B9C5C9" id="sid-77809966-9C2A-48B3-951D-01C146B9C5C9_gui">
            <omgdi:waypoint x="420.1752531926097" y="311.1430652786163"/>
            <omgdi:waypoint x="420.7343918991722" y="359.0"/>
            <omgdi:waypoint x="278.8348260991057" y="359.0"/>
         </bpmndi:BPMNEdge>
         <bpmndi:BPMNEdge bpmnElement="sid-68FE8644-696C-4517-9809-7670B01B492A" id="sid-68FE8644-696C-4517-9809-7670B01B492A_gui">
            <omgdi:waypoint x="434.5958817518858" y="140.0"/>
            <omgdi:waypoint x="434.19176350377165" y="155.0"/>
            <omgdi:waypoint x="314.0" y="155.0"/>
            <omgdi:waypoint x="314.0" y="359.0"/>
            <omgdi:waypoint x="278.8348260991057" y="359.0"/>
         </bpmndi:BPMNEdge>
      </bpmndi:BPMNPlane>
      <bpmndi:BPMNLabelStyle id="sid-4451d5cc-fb81-45e2-b08b-52bff8fcd7b1">
         <omgdc:Font isBold="false" isItalic="false" isStrikeThrough="false" isUnderline="false" name="Arial" size="11.0"/>
      </bpmndi:BPMNLabelStyle>
      <bpmndi:BPMNLabelStyle id="sid-5e2eba95-ad39-4927-85f3-751d3488e384">
         <omgdc:Font isBold="false" isItalic="false" isStrikeThrough="false" isUnderline="false" name="Arial" size="12.0"/>
      </bpmndi:BPMNLabelStyle>
   </bpmndi:BPMNDiagram>
</definitions>
