<?xml version="1.0" encoding="UTF-8"?><definitions xmlns="http://www.omg.org/spec/BPMN/20100524/MODEL" xmlns:bpmndi="http://www.omg.org/spec/BPMN/20100524/DI" xmlns:omgdc="http://www.omg.org/spec/DD/20100524/DC" xmlns:omgdi="http://www.omg.org/spec/DD/20100524/DI" xmlns:signavio="http://www.signavio.com" xmlns:xsi="http://www.w3.org/2001/XMLSchema-instance" exporter="Signavio Process Editor, http://www.signavio.com" exporterVersion="11.10.0" expressionLanguage="http://www.w3.org/TR/XPath" id="sid-67099784-7738-4c76-a180-58450b9e48f8" targetNamespace="http://www.signavio.com" typeLanguage="http://www.w3.org/2001/XMLSchema" xsi:schemaLocation="http://www.omg.org/spec/BPMN/20100524/MODEL http://www.omg.org/spec/BPMN/2.0/20100501/BPMN20.xsd">
   <error id="sid-0b26dfc4-c860-4d30-b8cf-70fae0911166"/>
   <dataStore capacity="0" id="sid-84ea0d2e-7013-42de-9597-1d077caea150" isUnlimited="false" name="Road rules"/>
   <process id="sid-d02eee9f-7dbe-4693-bb0a-8c0aa0c87811" isClosed="false" isExecutable="false" processType="None">
      <extensionElements>
         <signavio:signavioDiagramMetaData metaKey="businessunit" metaValue=""/>
         <signavio:signavioDiagramMetaData metaKey="iso9000ff" metaValue=""/>
         <signavio:signavioDiagramMetaData metaKey="processowner" metaValue=""/>
         <signavio:signavioDiagramMetaData metaKey="processgoal" metaValue=""/>
         <signavio:signavioDiagramMetaData metaKey="soxrelevant" metaValue=""/>
         <signavio:signavioDiagramMetaData metaKey="revisionid" metaValue="4d4eae2931084cf4bf4658979f958402"/>
      </extensionElements>
      <exclusiveGateway gatewayDirection="Diverging" id="sid-BED1BC5C-B306-4308-8F0C-7BBAFC01E8E0" name="">
         <extensionElements>
            <signavio:signavioMetaData metaKey="bgcolor" metaValue="#ffffff"/>
            <signavio:signavioMetaData metaKey="bordercolor" metaValue="#000000"/>
         </extensionElements>
         <incoming>sid-ADCE5C9C-AF13-4F75-914D-844C04DFE459</incoming>
         <outgoing>sid-78875FCB-F756-49E0-99DC-C642B9201505</outgoing>
         <outgoing>sid-33FF1AD3-156B-4DA1-9514-306650B039A2</outgoing>
         <outgoing>sid-C7E002CC-FBD4-4B0B-B9B3-97A98C694CD1</outgoing>
         <outgoing>sid-09442E4F-41CB-41AA-8A88-BC41D338D92D</outgoing>
         <outgoing>sid-797EE27A-A3DD-4AB2-A25B-87F8D892BCF8</outgoing>
         <outgoing>sid-80E491F3-C283-411D-9282-8AE2FB349AB7</outgoing>
         <outgoing>sid-E9A42D6D-6865-49C1-8B08-FAF8DD7D6B7B</outgoing>
         <outgoing>sid-0E6BBF37-3AF1-4D7A-A763-8BA3991E51CD</outgoing>
         <outgoing>sid-BCE50C1D-9184-4737-80FC-5309271A8734</outgoing>
         <outgoing>sid-0A2FF058-8395-4FB8-96BC-C6F9DE2C07C8</outgoing>
         <outgoing>sid-42204023-7C65-426E-8B9F-E2A30E707FFB</outgoing>
      </exclusiveGateway>
      <task completionQuantity="1" id="sid-D9A829F2-C2E0-421C-AA7A-72FD8A558E91" isForCompensation="false" name="Add a stop sign" startQuantity="1">
         <extensionElements>
            <signavio:signavioMetaData metaKey="bgcolor" metaValue="#ffffcc"/>
            <signavio:signavioMetaData metaKey="bordercolor" metaValue="#000000"/>
            <signavio:signavioMetaData metaKey="risklevel" metaValue=""/>
            <signavio:signavioMetaData metaKey="externaldocuments" metaValue="[]"/>
         </extensionElements>
         <incoming>sid-78875FCB-F756-49E0-99DC-C642B9201505</incoming>
         <outgoing>sid-A04B7F72-D2A2-42CD-AF27-94C2FD027ADA</outgoing>
      </task>
      <task completionQuantity="1" id="sid-72A169A1-10E5-494E-9970-286436B568D7" isForCompensation="false" name="Add a right of way street sign" startQuantity="1">
         <extensionElements>
            <signavio:signavioMetaData metaKey="bgcolor" metaValue="#ffffcc"/>
            <signavio:signavioMetaData metaKey="bordercolor" metaValue="#000000"/>
            <signavio:signavioMetaData metaKey="risklevel" metaValue=""/>
            <signavio:signavioMetaData metaKey="externaldocuments" metaValue="[]"/>
         </extensionElements>
         <incoming>sid-33FF1AD3-156B-4DA1-9514-306650B039A2</incoming>
         <outgoing>sid-70BF503A-F01F-4271-AAB1-6D6FB233A337</outgoing>
      </task>
      <task completionQuantity="1" id="sid-B1E4C1E2-EE46-4BCD-832D-ED88D67F3999" isForCompensation="false" name="Add a crosswalk sign" startQuantity="1">
         <extensionElements>
            <signavio:signavioMetaData metaKey="bgcolor" metaValue="#ffffcc"/>
            <signavio:signavioMetaData metaKey="bordercolor" metaValue="#000000"/>
            <signavio:signavioMetaData metaKey="risklevel" metaValue=""/>
            <signavio:signavioMetaData metaKey="externaldocuments" metaValue="[]"/>
         </extensionElements>
         <incoming>sid-C7E002CC-FBD4-4B0B-B9B3-97A98C694CD1</incoming>
         <outgoing>sid-2A03DC1F-C986-4CEB-8ECC-C31078EEA7B1</outgoing>
      </task>
      <task completionQuantity="1" id="sid-295281D9-6C47-4A7B-8E98-0C03D5F07EE5" isForCompensation="false" name="Add an one way street sign" startQuantity="1">
         <extensionElements>
            <signavio:signavioMetaData metaKey="bgcolor" metaValue="#ffffcc"/>
            <signavio:signavioMetaData metaKey="bordercolor" metaValue="#000000"/>
            <signavio:signavioMetaData metaKey="risklevel" metaValue=""/>
            <signavio:signavioMetaData metaKey="externaldocuments" metaValue="[]"/>
         </extensionElements>
         <incoming>sid-09442E4F-41CB-41AA-8A88-BC41D338D92D</incoming>
         <outgoing>sid-E598734C-E6F8-4687-ADF9-3EC093605678</outgoing>
      </task>
      <task completionQuantity="1" id="sid-52CF7CF9-2EE7-40E4-AC9D-6DD65AEF6903" isForCompensation="false" name="Add an entrance forbidden sign" startQuantity="1">
         <extensionElements>
            <signavio:signavioMetaData metaKey="bgcolor" metaValue="#ffffcc"/>
            <signavio:signavioMetaData metaKey="bordercolor" metaValue="#000000"/>
            <signavio:signavioMetaData metaKey="risklevel" metaValue=""/>
            <signavio:signavioMetaData metaKey="externaldocuments" metaValue="[]"/>
         </extensionElements>
         <incoming>sid-797EE27A-A3DD-4AB2-A25B-87F8D892BCF8</incoming>
         <outgoing>sid-7364C021-4940-4AF6-86FD-F4953FBFFB95</outgoing>
      </task>
      <task completionQuantity="1" id="sid-571EB8CB-FEDB-40F6-9F5E-483A4E405707" isForCompensation="false" name="Add a parking forbidden sign" startQuantity="1">
         <extensionElements>
            <signavio:signavioMetaData metaKey="bgcolor" metaValue="#ffffcc"/>
            <signavio:signavioMetaData metaKey="bordercolor" metaValue="#000000"/>
            <signavio:signavioMetaData metaKey="risklevel" metaValue=""/>
            <signavio:signavioMetaData metaKey="externaldocuments" metaValue="[]"/>
         </extensionElements>
         <incoming>sid-80E491F3-C283-411D-9282-8AE2FB349AB7</incoming>
         <outgoing>sid-272CF7DF-D775-4421-B836-4FB62AA88D9D</outgoing>
      </task>
      <task completionQuantity="1" id="sid-A34EF0B6-76A2-4F9F-B97C-D03D90C1159B" isForCompensation="false" name="Add a speed limit  sign" startQuantity="1">
         <extensionElements>
            <signavio:signavioMetaData metaKey="bgcolor" metaValue="#ffffcc"/>
            <signavio:signavioMetaData metaKey="bordercolor" metaValue="#000000"/>
            <signavio:signavioMetaData metaKey="risklevel" metaValue=""/>
            <signavio:signavioMetaData metaKey="externaldocuments" metaValue="[]"/>
         </extensionElements>
         <incoming>sid-E9A42D6D-6865-49C1-8B08-FAF8DD7D6B7B</incoming>
         <outgoing>sid-3C58CF0A-91FC-4DD9-B175-E1F7D4836DEE</outgoing>
      </task>
      <task completionQuantity="1" id="sid-45206282-1DB0-4316-ABE7-43ADA82972C9" isForCompensation="false" name="Add a roundabout  sign" startQuantity="1">
         <extensionElements>
            <signavio:signavioMetaData metaKey="bgcolor" metaValue="#ffffcc"/>
            <signavio:signavioMetaData metaKey="bordercolor" metaValue="#000000"/>
            <signavio:signavioMetaData metaKey="risklevel" metaValue=""/>
            <signavio:signavioMetaData metaKey="externaldocuments" metaValue="[]"/>
         </extensionElements>
         <incoming>sid-0E6BBF37-3AF1-4D7A-A763-8BA3991E51CD</incoming>
         <outgoing>sid-AACDE152-CF5D-401B-B3EF-F1222CB40538</outgoing>
      </task>
      <task completionQuantity="1" id="sid-0D49CB2F-8F39-4A48-B067-EBA6781993E6" isForCompensation="false" name="Add a crossing  sign" startQuantity="1">
         <extensionElements>
            <signavio:signavioMetaData metaKey="bgcolor" metaValue="#ffffcc"/>
            <signavio:signavioMetaData metaKey="bordercolor" metaValue="#000000"/>
            <signavio:signavioMetaData metaKey="risklevel" metaValue=""/>
            <signavio:signavioMetaData metaKey="externaldocuments" metaValue="[]"/>
         </extensionElements>
         <incoming>sid-BCE50C1D-9184-4737-80FC-5309271A8734</incoming>
         <outgoing>sid-DFF0F7B9-4773-4207-90D4-FD5464B15849</outgoing>
      </task>
      <task completionQuantity="1" id="sid-4D739F86-95F9-4478-B2B9-42F8A62CD812" isForCompensation="false" name="Add a special sign" startQuantity="1">
         <extensionElements>
            <signavio:signavioMetaData metaKey="bgcolor" metaValue="#ffffcc"/>
            <signavio:signavioMetaData metaKey="bordercolor" metaValue="#000000"/>
            <signavio:signavioMetaData metaKey="risklevel" metaValue=""/>
            <signavio:signavioMetaData metaKey="externaldocuments" metaValue="[]"/>
         </extensionElements>
         <incoming>sid-0A2FF058-8395-4FB8-96BC-C6F9DE2C07C8</incoming>
         <outgoing>sid-421F83FE-6CB8-4121-87B9-33881B665E89</outgoing>
      </task>
      <endEvent id="sid-A807B2B5-B431-4700-9A53-7FDBA914EE38" name="">
         <extensionElements>
            <signavio:signavioMetaData metaKey="bgcolor" metaValue="#ffffff"/>
            <signavio:signavioMetaData metaKey="bordercolor" metaValue="#000000"/>
         </extensionElements>
         <incoming>sid-70BF503A-F01F-4271-AAB1-6D6FB233A337</incoming>
         <incoming>sid-2A03DC1F-C986-4CEB-8ECC-C31078EEA7B1</incoming>
         <incoming>sid-E598734C-E6F8-4687-ADF9-3EC093605678</incoming>
         <incoming>sid-7364C021-4940-4AF6-86FD-F4953FBFFB95</incoming>
         <incoming>sid-57F5B2E3-25EC-4146-B987-61F1B3934C98</incoming>
         <incoming>sid-87AFD844-A4DE-454C-9E8F-23647795A768</incoming>
         <incoming>sid-06919E40-DBC5-446E-9C5B-B743FB994B42</incoming>
         <incoming>sid-E203A7F2-9705-408A-BC1D-786B258203E9</incoming>
         <incoming>sid-AACDE152-CF5D-401B-B3EF-F1222CB40538</incoming>
         <incoming>sid-45B8B024-EF7C-4B6E-BEEB-4E297CC36710</incoming>
         <incoming>sid-282CF6DC-2358-4FA4-ACFE-2D3EEEE980E8</incoming>
         <incoming>sid-421F83FE-6CB8-4121-87B9-33881B665E89</incoming>
         <incoming>sid-A04B7F72-D2A2-42CD-AF27-94C2FD027ADA</incoming>
         <incoming>sid-02AE51D7-DCB8-43AD-B9AB-00C29D0D313C</incoming>
         <incoming>sid-A1C42C36-B3C3-4AEB-B64D-019AFB426104</incoming>
         <incoming>sid-A04B677D-73C8-4EDE-B91E-E75DDFA26E61</incoming>
         <incoming>sid-8243AA3D-1AF8-4450-B1F1-D6E0EBB51292</incoming>
         <incoming>sid-4CE8AAD8-2AB1-4650-902E-6D2689127C46</incoming>
         <incoming>sid-4EFB5026-0C39-4EB8-BA57-7A3C73307BFC</incoming>
      </endEvent>
      <task completionQuantity="1" id="sid-75A7CA2E-FB3F-4F13-B712-9F9BB0C283DD" isForCompensation="false" name="Set regions" startQuantity="1">
         <extensionElements>
            <signavio:signavioMetaData metaKey="bgcolor" metaValue="#ffffcc"/>
            <signavio:signavioMetaData metaKey="bordercolor" metaValue="#000000"/>
            <signavio:signavioMetaData metaKey="risklevel" metaValue=""/>
            <signavio:signavioMetaData metaKey="externaldocuments" metaValue="[]"/>
         </extensionElements>
         <incoming>sid-DFD0D1A5-2EB0-464A-BD74-04AF2EC5F698</incoming>
         <outgoing>sid-F8CE48E1-5762-4325-9F24-0B85A4C175DC</outgoing>
         <dataInputAssociation id="sid-22179B0D-B849-4DA2-BE6F-3F7B0A45AFA2">
            <extensionElements>
               <signavio:signavioMetaData metaKey="bordercolor" metaValue="#000000"/>
            </extensionElements>
            <sourceRef>sid-C911DA82-71A7-4F94-BFED-D7C6CB438B8A</sourceRef>
            <targetRef>sid-75A7CA2E-FB3F-4F13-B712-9F9BB0C283DD</targetRef>
         </dataInputAssociation>
      </task>
      <task completionQuantity="1" id="sid-8DDDBDD1-E7D4-4A26-A5B8-8C991F84700B" isForCompensation="false" name="Set special rules" startQuantity="1">
         <extensionElements>
            <signavio:signavioMetaData metaKey="bgcolor" metaValue="#ffffcc"/>
            <signavio:signavioMetaData metaKey="bordercolor" metaValue="#000000"/>
            <signavio:signavioMetaData metaKey="risklevel" metaValue=""/>
            <signavio:signavioMetaData metaKey="externaldocuments" metaValue="[]"/>
         </extensionElements>
         <incoming>sid-2803DC21-D5F3-4EF2-B745-3FA34E268C9F</incoming>
         <outgoing>sid-F3575B58-BA0C-48CA-BB0D-0FFAC2358F45</outgoing>
      </task>
      <startEvent id="sid-F199CDA1-38B3-40A4-A042-FFDC7FF51A1D" name="">
         <extensionElements>
            <signavio:signavioMetaData metaKey="bgcolor" metaValue="#ffffff"/>
            <signavio:signavioMetaData metaKey="bordercolor" metaValue="#000000"/>
         </extensionElements>
         <outgoing>sid-77EA9045-3A97-41F9-9DFA-E816BC361408</outgoing>
      </startEvent>
      <exclusiveGateway gatewayDirection="Diverging" id="sid-9B2D2370-13FF-457E-AB30-6587C504C534" name="">
         <extensionElements>
            <signavio:signavioMetaData metaKey="bgcolor" metaValue="#ffffff"/>
            <signavio:signavioMetaData metaKey="bordercolor" metaValue="#000000"/>
         </extensionElements>
         <incoming>sid-77EA9045-3A97-41F9-9DFA-E816BC361408</incoming>
         <outgoing>sid-DFD0D1A5-2EB0-464A-BD74-04AF2EC5F698</outgoing>
         <outgoing>sid-2803DC21-D5F3-4EF2-B745-3FA34E268C9F</outgoing>
      </exclusiveGateway>
      <task completionQuantity="1" id="sid-B1DB1D47-D236-4599-9522-A1BA7E95B29C" isForCompensation="false" name="Set sign parameters" startQuantity="1">
         <extensionElements>
            <signavio:signavioMetaData metaKey="bgcolor" metaValue="#ffffcc"/>
            <signavio:signavioMetaData metaKey="bordercolor" metaValue="#000000"/>
            <signavio:signavioMetaData metaKey="risklevel" metaValue=""/>
            <signavio:signavioMetaData metaKey="externaldocuments" metaValue="[]"/>
         </extensionElements>
         <incoming>sid-A215229D-CDB4-4554-96C5-17B764399A98</incoming>
         <outgoing>sid-57F5B2E3-25EC-4146-B987-61F1B3934C98</outgoing>
      </task>
      <exclusiveGateway gatewayDirection="Diverging" id="sid-C8740378-C8E8-4F05-9987-1CF8ADC71E6B" name="">
         <extensionElements>
            <signavio:signavioMetaData metaKey="bgcolor" metaValue="#ffffff"/>
            <signavio:signavioMetaData metaKey="bordercolor" metaValue="#000000"/>
         </extensionElements>
         <incoming>sid-272CF7DF-D775-4421-B836-4FB62AA88D9D</incoming>
         <outgoing>sid-A215229D-CDB4-4554-96C5-17B764399A98</outgoing>
         <outgoing>sid-06919E40-DBC5-446E-9C5B-B743FB994B42</outgoing>
      </exclusiveGateway>
      <task completionQuantity="1" id="sid-F2C88570-43A9-432E-9D68-0402632E6802" isForCompensation="false" name="Set limit" startQuantity="1">
         <extensionElements>
            <signavio:signavioMetaData metaKey="bgcolor" metaValue="#ffffcc"/>
            <signavio:signavioMetaData metaKey="bordercolor" metaValue="#000000"/>
            <signavio:signavioMetaData metaKey="risklevel" metaValue=""/>
            <signavio:signavioMetaData metaKey="externaldocuments" metaValue="[]"/>
         </extensionElements>
         <incoming>sid-36C88ED3-0860-4381-B153-805D989C00CE</incoming>
         <outgoing>sid-87AFD844-A4DE-454C-9E8F-23647795A768</outgoing>
      </task>
      <exclusiveGateway gatewayDirection="Diverging" id="sid-DF4E7954-9D4D-42DC-80F0-D9E8DFB854C4" name="">
         <extensionElements>
            <signavio:signavioMetaData metaKey="bgcolor" metaValue="#ffffff"/>
            <signavio:signavioMetaData metaKey="bordercolor" metaValue="#000000"/>
         </extensionElements>
         <incoming>sid-3C58CF0A-91FC-4DD9-B175-E1F7D4836DEE</incoming>
         <outgoing>sid-36C88ED3-0860-4381-B153-805D989C00CE</outgoing>
         <outgoing>sid-E203A7F2-9705-408A-BC1D-786B258203E9</outgoing>
      </exclusiveGateway>
      <task completionQuantity="1" id="sid-D764C0A3-2BAD-4AA0-877E-FDBF6CBAA121" isForCompensation="false" name="Set cross type" startQuantity="1">
         <extensionElements>
            <signavio:signavioMetaData metaKey="bgcolor" metaValue="#ffffcc"/>
            <signavio:signavioMetaData metaKey="bordercolor" metaValue="#000000"/>
            <signavio:signavioMetaData metaKey="risklevel" metaValue=""/>
            <signavio:signavioMetaData metaKey="externaldocuments" metaValue="[]"/>
         </extensionElements>
         <incoming>sid-3EAD8199-B18C-4E3D-B940-B3D9B60FDA1F</incoming>
         <outgoing>sid-282CF6DC-2358-4FA4-ACFE-2D3EEEE980E8</outgoing>
      </task>
      <exclusiveGateway gatewayDirection="Diverging" id="sid-6B5A52AE-E9B0-46C2-B0FC-783CC09432BC" name="">
         <extensionElements>
            <signavio:signavioMetaData metaKey="bgcolor" metaValue="#ffffff"/>
            <signavio:signavioMetaData metaKey="bordercolor" metaValue="#000000"/>
         </extensionElements>
         <incoming>sid-DFF0F7B9-4773-4207-90D4-FD5464B15849</incoming>
         <outgoing>sid-3EAD8199-B18C-4E3D-B940-B3D9B60FDA1F</outgoing>
         <outgoing>sid-45B8B024-EF7C-4B6E-BEEB-4E297CC36710</outgoing>
      </exclusiveGateway>
      <boundaryEvent attachedToRef="sid-75A7CA2E-FB3F-4F13-B712-9F9BB0C283DD" cancelActivity="true" id="sid-0DCFCE30-0962-4EAF-A2A9-24B2538302D9" name="" parallelMultiple="false">
         <outgoing>sid-095222E5-EE29-4211-A457-F2BAAF36D794</outgoing>
         <errorEventDefinition errorRef="sid-0b26dfc4-c860-4d30-b8cf-70fae0911166" id="sid-54d95dc8-7d85-4716-8c84-dfb62de76409"/>
      </boundaryEvent>
      <boundaryEvent attachedToRef="sid-8DDDBDD1-E7D4-4A26-A5B8-8C991F84700B" cancelActivity="true" id="sid-51E9B3B9-0F1C-44D5-A1D4-4BB5FD20F4DC" name="" parallelMultiple="false">
         <outgoing>sid-32FDB9D2-6398-426A-A63A-ECB8C90FAC62</outgoing>
         <errorEventDefinition errorRef="sid-0b26dfc4-c860-4d30-b8cf-70fae0911166" id="sid-7c3e6522-67ec-45a6-bf1d-c4f2ae33c4e8"/>
      </boundaryEvent>
      <boundaryEvent attachedToRef="sid-D9A829F2-C2E0-421C-AA7A-72FD8A558E91" cancelActivity="true" id="sid-38F077D2-A80C-4DBB-96B8-C9C96FDDC822" name="Cancelled" parallelMultiple="false">
         <outgoing>sid-EF5833C3-C8EA-4E4D-9A35-FC1062CD0437</outgoing>
         <errorEventDefinition errorRef="sid-0b26dfc4-c860-4d30-b8cf-70fae0911166" id="sid-208cfe8a-5464-4658-87c8-243a26a99672"/>
      </boundaryEvent>
      <boundaryEvent attachedToRef="sid-72A169A1-10E5-494E-9970-286436B568D7" cancelActivity="true" id="sid-CFB614CB-06FE-4FE8-9C00-8C932DAEA855" name="Cancelled" parallelMultiple="false">
         <outgoing>sid-B314C686-4566-4F21-9DB8-8DD8679B49B4</outgoing>
         <errorEventDefinition errorRef="sid-0b26dfc4-c860-4d30-b8cf-70fae0911166" id="sid-418f7ef6-8c8e-4807-90af-ff07a9b9f13e"/>
      </boundaryEvent>
      <boundaryEvent attachedToRef="sid-B1E4C1E2-EE46-4BCD-832D-ED88D67F3999" cancelActivity="true" id="sid-21EB5FB2-5343-4959-8922-67371FFBBBFE" name="Cancelled" parallelMultiple="false">
         <outgoing>sid-4D3A1865-D19C-4174-B2FB-C911C0049E86</outgoing>
         <errorEventDefinition errorRef="sid-0b26dfc4-c860-4d30-b8cf-70fae0911166" id="sid-14c540fa-b193-45ff-8c92-d771f9325486"/>
      </boundaryEvent>
      <boundaryEvent attachedToRef="sid-295281D9-6C47-4A7B-8E98-0C03D5F07EE5" cancelActivity="true" id="sid-542F3D2E-4F4C-4D6C-8DE0-9312A802179D" name="Cancelled" parallelMultiple="false">
         <outgoing>sid-993DDF25-0C10-4ACE-A652-82D85BE60D08</outgoing>
         <errorEventDefinition errorRef="sid-0b26dfc4-c860-4d30-b8cf-70fae0911166" id="sid-af14063a-b583-436c-864b-80f2709d1c81"/>
      </boundaryEvent>
      <boundaryEvent attachedToRef="sid-52CF7CF9-2EE7-40E4-AC9D-6DD65AEF6903" cancelActivity="true" id="sid-21C8583F-4CB6-4265-B383-42FE71959BD9" name="Cancelled" parallelMultiple="false">
         <outgoing>sid-9BA1A718-7F8D-4FB3-B5BB-2E85BC7BCFF2</outgoing>
         <errorEventDefinition errorRef="sid-0b26dfc4-c860-4d30-b8cf-70fae0911166" id="sid-3c8e4842-994d-4166-8125-0aaaff760b08"/>
      </boundaryEvent>
      <boundaryEvent attachedToRef="sid-571EB8CB-FEDB-40F6-9F5E-483A4E405707" cancelActivity="true" id="sid-DA4AF118-0F69-4D52-9B51-FB74C36D18BD" name="Cancelled" parallelMultiple="false">
         <outgoing>sid-8F58756A-AFCC-450D-8A88-95CF226048D5</outgoing>
         <errorEventDefinition errorRef="sid-0b26dfc4-c860-4d30-b8cf-70fae0911166" id="sid-f8a84bea-014f-4865-9ffa-670f1d7d44bb"/>
      </boundaryEvent>
      <boundaryEvent attachedToRef="sid-A34EF0B6-76A2-4F9F-B97C-D03D90C1159B" cancelActivity="true" id="sid-536B5A91-1173-498A-A630-724328077A89" name="Cancelled" parallelMultiple="false">
         <outgoing>sid-696FBBB1-45B6-4FC4-ABAE-E54E0D431CA4</outgoing>
         <errorEventDefinition errorRef="sid-0b26dfc4-c860-4d30-b8cf-70fae0911166" id="sid-4803f85a-369f-4bc1-80f4-50606d1987e0"/>
      </boundaryEvent>
      <boundaryEvent attachedToRef="sid-45206282-1DB0-4316-ABE7-43ADA82972C9" cancelActivity="true" id="sid-20AFAAC8-8AEB-4C92-B351-1DD1D571E08A" name="Cancelled" parallelMultiple="false">
         <outgoing>sid-3EF5C720-BCFA-4A12-B902-C6E87DBD836A</outgoing>
         <errorEventDefinition errorRef="sid-0b26dfc4-c860-4d30-b8cf-70fae0911166" id="sid-fcdbe875-15c6-4834-8af6-49bb9c1bd40c"/>
      </boundaryEvent>
      <boundaryEvent attachedToRef="sid-0D49CB2F-8F39-4A48-B067-EBA6781993E6" cancelActivity="true" id="sid-B8A26A73-3345-446E-B222-E82F2B63A170" name="Cancelled" parallelMultiple="false">
         <outgoing>sid-1C4809EB-7A19-469B-9F4A-828E968CB65F</outgoing>
         <errorEventDefinition errorRef="sid-0b26dfc4-c860-4d30-b8cf-70fae0911166" id="sid-6164100a-7ff5-40e1-9d47-3c6ae938d6c1"/>
      </boundaryEvent>
      <boundaryEvent attachedToRef="sid-4D739F86-95F9-4478-B2B9-42F8A62CD812" cancelActivity="true" id="sid-6405067A-2DCE-4B1B-A03F-07700A919D96" name="Cancelled" parallelMultiple="false">
         <outgoing>sid-4E9F7F32-9B38-4147-B64E-BCE0A9370AB0</outgoing>
         <errorEventDefinition errorRef="sid-0b26dfc4-c860-4d30-b8cf-70fae0911166" id="sid-3f98a1f1-5a1c-450b-a429-dc8b566c5e07"/>
      </boundaryEvent>
      <boundaryEvent attachedToRef="sid-B1DB1D47-D236-4599-9522-A1BA7E95B29C" cancelActivity="true" id="sid-C819A717-5079-4CBD-8A3E-2B1E6D27DDC1" name="Cancelled" parallelMultiple="false">
         <outgoing>sid-A1C42C36-B3C3-4AEB-B64D-019AFB426104</outgoing>
         <errorEventDefinition errorRef="sid-0b26dfc4-c860-4d30-b8cf-70fae0911166" id="sid-a4cb14f5-2b4c-48b0-bb83-6effc693eb1c"/>
      </boundaryEvent>
      <boundaryEvent attachedToRef="sid-F2C88570-43A9-432E-9D68-0402632E6802" cancelActivity="true" id="sid-626E1544-0323-4AA5-AC1B-97A12519DD7D" name="Cancelled" parallelMultiple="false">
         <outgoing>sid-A04B677D-73C8-4EDE-B91E-E75DDFA26E61</outgoing>
         <errorEventDefinition errorRef="sid-0b26dfc4-c860-4d30-b8cf-70fae0911166" id="sid-ef243a76-5bad-4c30-8694-fd59f1b01fca"/>
      </boundaryEvent>
      <boundaryEvent attachedToRef="sid-D764C0A3-2BAD-4AA0-877E-FDBF6CBAA121" cancelActivity="true" id="sid-94AF269D-164D-4446-89E2-31822BB6AC3B" name="Cancelled" parallelMultiple="false">
         <outgoing>sid-8243AA3D-1AF8-4450-B1F1-D6E0EBB51292</outgoing>
         <errorEventDefinition errorRef="sid-0b26dfc4-c860-4d30-b8cf-70fae0911166" id="sid-1102093d-6539-487b-8a62-b215977a9184"/>
      </boundaryEvent>
      <endEvent id="sid-1DD3558F-4768-4009-81C8-9EB9C77FCC1F" name="">
         <extensionElements>
            <signavio:signavioMetaData metaKey="bgcolor" metaValue="#ffffff"/>
            <signavio:signavioMetaData metaKey="bordercolor" metaValue="#000000"/>
         </extensionElements>
         <incoming>sid-32FDB9D2-6398-426A-A63A-ECB8C90FAC62</incoming>
         <incoming>sid-3EF5C720-BCFA-4A12-B902-C6E87DBD836A</incoming>
         <incoming>sid-8F58756A-AFCC-450D-8A88-95CF226048D5</incoming>
         <incoming>sid-1C4809EB-7A19-469B-9F4A-828E968CB65F</incoming>
         <incoming>sid-696FBBB1-45B6-4FC4-ABAE-E54E0D431CA4</incoming>
         <incoming>sid-993DDF25-0C10-4ACE-A652-82D85BE60D08</incoming>
         <incoming>sid-4D3A1865-D19C-4174-B2FB-C911C0049E86</incoming>
         <incoming>sid-B314C686-4566-4F21-9DB8-8DD8679B49B4</incoming>
         <incoming>sid-EF5833C3-C8EA-4E4D-9A35-FC1062CD0437</incoming>
         <incoming>sid-4E9F7F32-9B38-4147-B64E-BCE0A9370AB0</incoming>
         <incoming>sid-9BA1A718-7F8D-4FB3-B5BB-2E85BC7BCFF2</incoming>
         <incoming>sid-095222E5-EE29-4211-A457-F2BAAF36D794</incoming>
         <incoming>sid-AA339563-44D4-49A7-ABC0-DDE478233592</incoming>
         <incoming>sid-C2210B9A-7095-4813-9366-EFD1E6355F99</incoming>
      </endEvent>
      <task completionQuantity="1" id="sid-93E666E2-81F4-44C7-9789-305FC15419C4" isForCompensation="false" name="Add traffic light" startQuantity="1">
         <extensionElements>
            <signavio:signavioMetaData metaKey="bgcolor" metaValue="#ffffcc"/>
            <signavio:signavioMetaData metaKey="bordercolor" metaValue="#000000"/>
            <signavio:signavioMetaData metaKey="risklevel" metaValue=""/>
            <signavio:signavioMetaData metaKey="externaldocuments" metaValue="[]"/>
         </extensionElements>
         <incoming>sid-42204023-7C65-426E-8B9F-E2A30E707FFB</incoming>
         <outgoing>sid-23EE5DFA-76C1-4A92-B5B3-73451F1F1788</outgoing>
      </task>
      <exclusiveGateway gatewayDirection="Diverging" id="sid-E86A2FEA-03BC-43DF-A3CF-F109DC148C48" name="">
         <extensionElements>
            <signavio:signavioMetaData metaKey="bgcolor" metaValue="#ffffff"/>
            <signavio:signavioMetaData metaKey="bordercolor" metaValue="#000000"/>
         </extensionElements>
         <incoming>sid-23EE5DFA-76C1-4A92-B5B3-73451F1F1788</incoming>
         <outgoing>sid-E2753B79-2591-407F-97CA-C01DA26376DE</outgoing>
         <outgoing>sid-4EFB5026-0C39-4EB8-BA57-7A3C73307BFC</outgoing>
      </exclusiveGateway>
      <task completionQuantity="1" id="sid-6F4B18D3-AF3E-4EFC-B992-5258EA3AFBAF" isForCompensation="false" name="Set traffic light type" startQuantity="1">
         <extensionElements>
            <signavio:signavioMetaData metaKey="bgcolor" metaValue="#ffffcc"/>
            <signavio:signavioMetaData metaKey="bordercolor" metaValue="#000000"/>
            <signavio:signavioMetaData metaKey="risklevel" metaValue=""/>
            <signavio:signavioMetaData metaKey="externaldocuments" metaValue="[]"/>
         </extensionElements>
         <incoming>sid-E2753B79-2591-407F-97CA-C01DA26376DE</incoming>
         <outgoing>sid-02AE51D7-DCB8-43AD-B9AB-00C29D0D313C</outgoing>
      </task>
      <boundaryEvent attachedToRef="sid-93E666E2-81F4-44C7-9789-305FC15419C4" cancelActivity="true" id="sid-7FBDA509-6E37-4731-9F6A-C176791060F6" name="" parallelMultiple="false">
         <outgoing>sid-AA339563-44D4-49A7-ABC0-DDE478233592</outgoing>
         <errorEventDefinition errorRef="sid-0b26dfc4-c860-4d30-b8cf-70fae0911166" id="sid-158f1cda-6983-4d66-891d-833dbb7be80b"/>
      </boundaryEvent>
      <boundaryEvent attachedToRef="sid-6F4B18D3-AF3E-4EFC-B992-5258EA3AFBAF" cancelActivity="true" id="sid-F4B52AA2-1FB0-4F05-B9FA-219DCE0B2FDB" name="" parallelMultiple="false">
         <outgoing>sid-4CE8AAD8-2AB1-4650-902E-6D2689127C46</outgoing>
         <errorEventDefinition errorRef="sid-0b26dfc4-c860-4d30-b8cf-70fae0911166" id="sid-7dd0da52-ef59-4447-b46f-1ed3f55293d9"/>
      </boundaryEvent>
      <task completionQuantity="1" id="sid-BDB726D4-4607-4620-95C7-6377C340D9BA" isForCompensation="false" name="Select the location" startQuantity="1">
         <extensionElements>
            <signavio:signavioMetaData metaKey="bgcolor" metaValue="#ffffcc"/>
            <signavio:signavioMetaData metaKey="bordercolor" metaValue="#000000"/>
            <signavio:signavioMetaData metaKey="risklevel" metaValue=""/>
            <signavio:signavioMetaData metaKey="externaldocuments" metaValue=""/>
         </extensionElements>
         <incoming>sid-F8CE48E1-5762-4325-9F24-0B85A4C175DC</incoming>
         <incoming>sid-F3575B58-BA0C-48CA-BB0D-0FFAC2358F45</incoming>
         <outgoing>sid-ADCE5C9C-AF13-4F75-914D-844C04DFE459</outgoing>
      </task>
      <boundaryEvent attachedToRef="sid-BDB726D4-4607-4620-95C7-6377C340D9BA" cancelActivity="true" id="sid-5E75A3C5-A759-43D0-A44D-A0330B3DF1CB" name="" parallelMultiple="false">
         <outgoing>sid-C2210B9A-7095-4813-9366-EFD1E6355F99</outgoing>
         <errorEventDefinition errorRef="sid-0b26dfc4-c860-4d30-b8cf-70fae0911166" id="sid-826c4edc-0250-467e-850e-7d1cbbe84bf3"/>
      </boundaryEvent>
      <sequenceFlow id="sid-78875FCB-F756-49E0-99DC-C642B9201505" name="" sourceRef="sid-BED1BC5C-B306-4308-8F0C-7BBAFC01E8E0" targetRef="sid-D9A829F2-C2E0-421C-AA7A-72FD8A558E91">
         <extensionElements>
            <signavio:signavioMetaData metaKey="bordercolor" metaValue="#000000"/>
         </extensionElements>
      </sequenceFlow>
      <sequenceFlow id="sid-33FF1AD3-156B-4DA1-9514-306650B039A2" name="" sourceRef="sid-BED1BC5C-B306-4308-8F0C-7BBAFC01E8E0" targetRef="sid-72A169A1-10E5-494E-9970-286436B568D7">
         <extensionElements>
            <signavio:signavioMetaData metaKey="bordercolor" metaValue="#000000"/>
         </extensionElements>
      </sequenceFlow>
      <sequenceFlow id="sid-C7E002CC-FBD4-4B0B-B9B3-97A98C694CD1" name="" sourceRef="sid-BED1BC5C-B306-4308-8F0C-7BBAFC01E8E0" targetRef="sid-B1E4C1E2-EE46-4BCD-832D-ED88D67F3999">
         <extensionElements>
            <signavio:signavioMetaData metaKey="bordercolor" metaValue="#000000"/>
         </extensionElements>
      </sequenceFlow>
      <sequenceFlow id="sid-09442E4F-41CB-41AA-8A88-BC41D338D92D" name="" sourceRef="sid-BED1BC5C-B306-4308-8F0C-7BBAFC01E8E0" targetRef="sid-295281D9-6C47-4A7B-8E98-0C03D5F07EE5">
         <extensionElements>
            <signavio:signavioMetaData metaKey="bordercolor" metaValue="#000000"/>
         </extensionElements>
      </sequenceFlow>
      <sequenceFlow id="sid-797EE27A-A3DD-4AB2-A25B-87F8D892BCF8" name="" sourceRef="sid-BED1BC5C-B306-4308-8F0C-7BBAFC01E8E0" targetRef="sid-52CF7CF9-2EE7-40E4-AC9D-6DD65AEF6903">
         <extensionElements>
            <signavio:signavioMetaData metaKey="bordercolor" metaValue="#000000"/>
         </extensionElements>
      </sequenceFlow>
      <sequenceFlow id="sid-80E491F3-C283-411D-9282-8AE2FB349AB7" name="" sourceRef="sid-BED1BC5C-B306-4308-8F0C-7BBAFC01E8E0" targetRef="sid-571EB8CB-FEDB-40F6-9F5E-483A4E405707">
         <extensionElements>
            <signavio:signavioMetaData metaKey="bordercolor" metaValue="#000000"/>
         </extensionElements>
      </sequenceFlow>
      <sequenceFlow id="sid-E9A42D6D-6865-49C1-8B08-FAF8DD7D6B7B" name="" sourceRef="sid-BED1BC5C-B306-4308-8F0C-7BBAFC01E8E0" targetRef="sid-A34EF0B6-76A2-4F9F-B97C-D03D90C1159B">
         <extensionElements>
            <signavio:signavioMetaData metaKey="bordercolor" metaValue="#000000"/>
         </extensionElements>
      </sequenceFlow>
      <sequenceFlow id="sid-0E6BBF37-3AF1-4D7A-A763-8BA3991E51CD" name="" sourceRef="sid-BED1BC5C-B306-4308-8F0C-7BBAFC01E8E0" targetRef="sid-45206282-1DB0-4316-ABE7-43ADA82972C9">
         <extensionElements>
            <signavio:signavioMetaData metaKey="bordercolor" metaValue="#000000"/>
         </extensionElements>
      </sequenceFlow>
      <sequenceFlow id="sid-BCE50C1D-9184-4737-80FC-5309271A8734" name="" sourceRef="sid-BED1BC5C-B306-4308-8F0C-7BBAFC01E8E0" targetRef="sid-0D49CB2F-8F39-4A48-B067-EBA6781993E6">
         <extensionElements>
            <signavio:signavioMetaData metaKey="bordercolor" metaValue="#000000"/>
         </extensionElements>
      </sequenceFlow>
      <sequenceFlow id="sid-0A2FF058-8395-4FB8-96BC-C6F9DE2C07C8" name="" sourceRef="sid-BED1BC5C-B306-4308-8F0C-7BBAFC01E8E0" targetRef="sid-4D739F86-95F9-4478-B2B9-42F8A62CD812">
         <extensionElements>
            <signavio:signavioMetaData metaKey="bordercolor" metaValue="#000000"/>
         </extensionElements>
      </sequenceFlow>
      <sequenceFlow id="sid-77EA9045-3A97-41F9-9DFA-E816BC361408" name="" sourceRef="sid-F199CDA1-38B3-40A4-A042-FFDC7FF51A1D" targetRef="sid-9B2D2370-13FF-457E-AB30-6587C504C534">
         <extensionElements>
            <signavio:signavioMetaData metaKey="bordercolor" metaValue="#000000"/>
         </extensionElements>
      </sequenceFlow>
      <sequenceFlow id="sid-DFD0D1A5-2EB0-464A-BD74-04AF2EC5F698" name="" sourceRef="sid-9B2D2370-13FF-457E-AB30-6587C504C534" targetRef="sid-75A7CA2E-FB3F-4F13-B712-9F9BB0C283DD">
         <extensionElements>
            <signavio:signavioMetaData metaKey="bordercolor" metaValue="#000000"/>
         </extensionElements>
      </sequenceFlow>
      <sequenceFlow id="sid-2803DC21-D5F3-4EF2-B745-3FA34E268C9F" name="" sourceRef="sid-9B2D2370-13FF-457E-AB30-6587C504C534" targetRef="sid-8DDDBDD1-E7D4-4A26-A5B8-8C991F84700B">
         <extensionElements>
            <signavio:signavioMetaData metaKey="bordercolor" metaValue="#000000"/>
         </extensionElements>
      </sequenceFlow>
      <sequenceFlow id="sid-70BF503A-F01F-4271-AAB1-6D6FB233A337" name="" sourceRef="sid-72A169A1-10E5-494E-9970-286436B568D7" targetRef="sid-A807B2B5-B431-4700-9A53-7FDBA914EE38">
         <extensionElements>
            <signavio:signavioMetaData metaKey="bordercolor" metaValue="#000000"/>
         </extensionElements>
      </sequenceFlow>
      <sequenceFlow id="sid-2A03DC1F-C986-4CEB-8ECC-C31078EEA7B1" name="" sourceRef="sid-B1E4C1E2-EE46-4BCD-832D-ED88D67F3999" targetRef="sid-A807B2B5-B431-4700-9A53-7FDBA914EE38">
         <extensionElements>
            <signavio:signavioMetaData metaKey="bordercolor" metaValue="#000000"/>
         </extensionElements>
      </sequenceFlow>
      <sequenceFlow id="sid-E598734C-E6F8-4687-ADF9-3EC093605678" name="" sourceRef="sid-295281D9-6C47-4A7B-8E98-0C03D5F07EE5" targetRef="sid-A807B2B5-B431-4700-9A53-7FDBA914EE38">
         <extensionElements>
            <signavio:signavioMetaData metaKey="bordercolor" metaValue="#000000"/>
         </extensionElements>
      </sequenceFlow>
      <sequenceFlow id="sid-7364C021-4940-4AF6-86FD-F4953FBFFB95" name="" sourceRef="sid-52CF7CF9-2EE7-40E4-AC9D-6DD65AEF6903" targetRef="sid-A807B2B5-B431-4700-9A53-7FDBA914EE38">
         <extensionElements>
            <signavio:signavioMetaData metaKey="bordercolor" metaValue="#000000"/>
         </extensionElements>
      </sequenceFlow>
      <sequenceFlow id="sid-272CF7DF-D775-4421-B836-4FB62AA88D9D" name="" sourceRef="sid-571EB8CB-FEDB-40F6-9F5E-483A4E405707" targetRef="sid-C8740378-C8E8-4F05-9987-1CF8ADC71E6B">
         <extensionElements>
            <signavio:signavioMetaData metaKey="bordercolor" metaValue="#000000"/>
         </extensionElements>
      </sequenceFlow>
      <sequenceFlow id="sid-A215229D-CDB4-4554-96C5-17B764399A98" name="" sourceRef="sid-C8740378-C8E8-4F05-9987-1CF8ADC71E6B" targetRef="sid-B1DB1D47-D236-4599-9522-A1BA7E95B29C">
         <extensionElements>
            <signavio:signavioMetaData metaKey="bordercolor" metaValue="#000000"/>
         </extensionElements>
      </sequenceFlow>
      <sequenceFlow id="sid-57F5B2E3-25EC-4146-B987-61F1B3934C98" name="" sourceRef="sid-B1DB1D47-D236-4599-9522-A1BA7E95B29C" targetRef="sid-A807B2B5-B431-4700-9A53-7FDBA914EE38">
         <extensionElements>
            <signavio:signavioMetaData metaKey="bordercolor" metaValue="#000000"/>
         </extensionElements>
      </sequenceFlow>
      <sequenceFlow id="sid-3C58CF0A-91FC-4DD9-B175-E1F7D4836DEE" name="" sourceRef="sid-A34EF0B6-76A2-4F9F-B97C-D03D90C1159B" targetRef="sid-DF4E7954-9D4D-42DC-80F0-D9E8DFB854C4">
         <extensionElements>
            <signavio:signavioMetaData metaKey="bordercolor" metaValue="#000000"/>
         </extensionElements>
      </sequenceFlow>
      <sequenceFlow id="sid-36C88ED3-0860-4381-B153-805D989C00CE" name="" sourceRef="sid-DF4E7954-9D4D-42DC-80F0-D9E8DFB854C4" targetRef="sid-F2C88570-43A9-432E-9D68-0402632E6802">
         <extensionElements>
            <signavio:signavioMetaData metaKey="bordercolor" metaValue="#000000"/>
         </extensionElements>
      </sequenceFlow>
      <sequenceFlow id="sid-87AFD844-A4DE-454C-9E8F-23647795A768" name="" sourceRef="sid-F2C88570-43A9-432E-9D68-0402632E6802" targetRef="sid-A807B2B5-B431-4700-9A53-7FDBA914EE38">
         <extensionElements>
            <signavio:signavioMetaData metaKey="bordercolor" metaValue="#000000"/>
         </extensionElements>
      </sequenceFlow>
      <sequenceFlow id="sid-06919E40-DBC5-446E-9C5B-B743FB994B42" name="General parking sign" sourceRef="sid-C8740378-C8E8-4F05-9987-1CF8ADC71E6B" targetRef="sid-A807B2B5-B431-4700-9A53-7FDBA914EE38">
         <extensionElements>
            <signavio:signavioMetaData metaKey="bordercolor" metaValue="#000000"/>
         </extensionElements>
      </sequenceFlow>
      <sequenceFlow id="sid-E203A7F2-9705-408A-BC1D-786B258203E9" name="Set default country limit" sourceRef="sid-DF4E7954-9D4D-42DC-80F0-D9E8DFB854C4" targetRef="sid-A807B2B5-B431-4700-9A53-7FDBA914EE38">
         <extensionElements>
            <signavio:signavioMetaData metaKey="bordercolor" metaValue="#000000"/>
         </extensionElements>
      </sequenceFlow>
      <sequenceFlow id="sid-AACDE152-CF5D-401B-B3EF-F1222CB40538" name="" sourceRef="sid-45206282-1DB0-4316-ABE7-43ADA82972C9" targetRef="sid-A807B2B5-B431-4700-9A53-7FDBA914EE38">
         <extensionElements>
            <signavio:signavioMetaData metaKey="bordercolor" metaValue="#000000"/>
         </extensionElements>
      </sequenceFlow>
      <sequenceFlow id="sid-DFF0F7B9-4773-4207-90D4-FD5464B15849" name="" sourceRef="sid-0D49CB2F-8F39-4A48-B067-EBA6781993E6" targetRef="sid-6B5A52AE-E9B0-46C2-B0FC-783CC09432BC">
         <extensionElements>
            <signavio:signavioMetaData metaKey="bordercolor" metaValue="#000000"/>
         </extensionElements>
      </sequenceFlow>
      <sequenceFlow id="sid-3EAD8199-B18C-4E3D-B940-B3D9B60FDA1F" name="" sourceRef="sid-6B5A52AE-E9B0-46C2-B0FC-783CC09432BC" targetRef="sid-D764C0A3-2BAD-4AA0-877E-FDBF6CBAA121">
         <extensionElements>
            <signavio:signavioMetaData metaKey="bordercolor" metaValue="#000000"/>
         </extensionElements>
      </sequenceFlow>
      <sequenceFlow id="sid-45B8B024-EF7C-4B6E-BEEB-4E297CC36710" name="" sourceRef="sid-6B5A52AE-E9B0-46C2-B0FC-783CC09432BC" targetRef="sid-A807B2B5-B431-4700-9A53-7FDBA914EE38">
         <extensionElements>
            <signavio:signavioMetaData metaKey="bordercolor" metaValue="#000000"/>
         </extensionElements>
      </sequenceFlow>
      <sequenceFlow id="sid-282CF6DC-2358-4FA4-ACFE-2D3EEEE980E8" name="" sourceRef="sid-D764C0A3-2BAD-4AA0-877E-FDBF6CBAA121" targetRef="sid-A807B2B5-B431-4700-9A53-7FDBA914EE38">
         <extensionElements>
            <signavio:signavioMetaData metaKey="bordercolor" metaValue="#000000"/>
         </extensionElements>
      </sequenceFlow>
      <sequenceFlow id="sid-421F83FE-6CB8-4121-87B9-33881B665E89" name="" sourceRef="sid-4D739F86-95F9-4478-B2B9-42F8A62CD812" targetRef="sid-A807B2B5-B431-4700-9A53-7FDBA914EE38">
         <extensionElements>
            <signavio:signavioMetaData metaKey="bordercolor" metaValue="#000000"/>
         </extensionElements>
      </sequenceFlow>
      <sequenceFlow id="sid-A04B7F72-D2A2-42CD-AF27-94C2FD027ADA" name="" sourceRef="sid-D9A829F2-C2E0-421C-AA7A-72FD8A558E91" targetRef="sid-A807B2B5-B431-4700-9A53-7FDBA914EE38">
         <extensionElements>
            <signavio:signavioMetaData metaKey="bordercolor" metaValue="#000000"/>
         </extensionElements>
      </sequenceFlow>
      <sequenceFlow id="sid-32FDB9D2-6398-426A-A63A-ECB8C90FAC62" name="" sourceRef="sid-51E9B3B9-0F1C-44D5-A1D4-4BB5FD20F4DC" targetRef="sid-1DD3558F-4768-4009-81C8-9EB9C77FCC1F">
         <extensionElements>
            <signavio:signavioMetaData metaKey="bordercolor" metaValue="#FF6600"/>
         </extensionElements>
      </sequenceFlow>
      <sequenceFlow id="sid-3EF5C720-BCFA-4A12-B902-C6E87DBD836A" name="" sourceRef="sid-20AFAAC8-8AEB-4C92-B351-1DD1D571E08A" targetRef="sid-1DD3558F-4768-4009-81C8-9EB9C77FCC1F">
         <extensionElements>
            <signavio:signavioMetaData metaKey="bordercolor" metaValue="#FF6600"/>
         </extensionElements>
      </sequenceFlow>
      <sequenceFlow id="sid-8F58756A-AFCC-450D-8A88-95CF226048D5" name="" sourceRef="sid-DA4AF118-0F69-4D52-9B51-FB74C36D18BD" targetRef="sid-1DD3558F-4768-4009-81C8-9EB9C77FCC1F">
         <extensionElements>
            <signavio:signavioMetaData metaKey="bordercolor" metaValue="#FF6600"/>
         </extensionElements>
      </sequenceFlow>
      <sequenceFlow id="sid-1C4809EB-7A19-469B-9F4A-828E968CB65F" name="" sourceRef="sid-B8A26A73-3345-446E-B222-E82F2B63A170" targetRef="sid-1DD3558F-4768-4009-81C8-9EB9C77FCC1F">
         <extensionElements>
            <signavio:signavioMetaData metaKey="bordercolor" metaValue="#FF6600"/>
         </extensionElements>
      </sequenceFlow>
      <sequenceFlow id="sid-696FBBB1-45B6-4FC4-ABAE-E54E0D431CA4" name="" sourceRef="sid-536B5A91-1173-498A-A630-724328077A89" targetRef="sid-1DD3558F-4768-4009-81C8-9EB9C77FCC1F">
         <extensionElements>
            <signavio:signavioMetaData metaKey="bordercolor" metaValue="#FF6600"/>
         </extensionElements>
      </sequenceFlow>
      <sequenceFlow id="sid-993DDF25-0C10-4ACE-A652-82D85BE60D08" name="" sourceRef="sid-542F3D2E-4F4C-4D6C-8DE0-9312A802179D" targetRef="sid-1DD3558F-4768-4009-81C8-9EB9C77FCC1F">
         <extensionElements>
            <signavio:signavioMetaData metaKey="bordercolor" metaValue="#000000"/>
         </extensionElements>
      </sequenceFlow>
      <sequenceFlow id="sid-4D3A1865-D19C-4174-B2FB-C911C0049E86" name="" sourceRef="sid-21EB5FB2-5343-4959-8922-67371FFBBBFE" targetRef="sid-1DD3558F-4768-4009-81C8-9EB9C77FCC1F">
         <extensionElements>
            <signavio:signavioMetaData metaKey="bordercolor" metaValue="#FF6600"/>
         </extensionElements>
      </sequenceFlow>
      <sequenceFlow id="sid-B314C686-4566-4F21-9DB8-8DD8679B49B4" name="" sourceRef="sid-CFB614CB-06FE-4FE8-9C00-8C932DAEA855" targetRef="sid-1DD3558F-4768-4009-81C8-9EB9C77FCC1F">
         <extensionElements>
            <signavio:signavioMetaData metaKey="bordercolor" metaValue="#FF6600"/>
         </extensionElements>
      </sequenceFlow>
      <sequenceFlow id="sid-EF5833C3-C8EA-4E4D-9A35-FC1062CD0437" name="" sourceRef="sid-38F077D2-A80C-4DBB-96B8-C9C96FDDC822" targetRef="sid-1DD3558F-4768-4009-81C8-9EB9C77FCC1F">
         <extensionElements>
            <signavio:signavioMetaData metaKey="bordercolor" metaValue="#FF6600"/>
         </extensionElements>
      </sequenceFlow>
      <sequenceFlow id="sid-4E9F7F32-9B38-4147-B64E-BCE0A9370AB0" name="" sourceRef="sid-6405067A-2DCE-4B1B-A03F-07700A919D96" targetRef="sid-1DD3558F-4768-4009-81C8-9EB9C77FCC1F">
         <extensionElements>
            <signavio:signavioMetaData metaKey="bordercolor" metaValue="#FF6600"/>
         </extensionElements>
      </sequenceFlow>
      <sequenceFlow id="sid-9BA1A718-7F8D-4FB3-B5BB-2E85BC7BCFF2" name="" sourceRef="sid-21C8583F-4CB6-4265-B383-42FE71959BD9" targetRef="sid-1DD3558F-4768-4009-81C8-9EB9C77FCC1F">
         <extensionElements>
            <signavio:signavioMetaData metaKey="bordercolor" metaValue="#FF6600"/>
         </extensionElements>
      </sequenceFlow>
      <sequenceFlow id="sid-095222E5-EE29-4211-A457-F2BAAF36D794" name="" sourceRef="sid-0DCFCE30-0962-4EAF-A2A9-24B2538302D9" targetRef="sid-1DD3558F-4768-4009-81C8-9EB9C77FCC1F">
         <extensionElements>
            <signavio:signavioMetaData metaKey="bordercolor" metaValue="#FF6600"/>
         </extensionElements>
      </sequenceFlow>
      <sequenceFlow id="sid-23EE5DFA-76C1-4A92-B5B3-73451F1F1788" name="" sourceRef="sid-93E666E2-81F4-44C7-9789-305FC15419C4" targetRef="sid-E86A2FEA-03BC-43DF-A3CF-F109DC148C48">
         <extensionElements>
            <signavio:signavioMetaData metaKey="bordercolor" metaValue="#000000"/>
         </extensionElements>
      </sequenceFlow>
      <sequenceFlow id="sid-E2753B79-2591-407F-97CA-C01DA26376DE" name="" sourceRef="sid-E86A2FEA-03BC-43DF-A3CF-F109DC148C48" targetRef="sid-6F4B18D3-AF3E-4EFC-B992-5258EA3AFBAF">
         <extensionElements>
            <signavio:signavioMetaData metaKey="bordercolor" metaValue="#000000"/>
         </extensionElements>
      </sequenceFlow>
      <sequenceFlow id="sid-02AE51D7-DCB8-43AD-B9AB-00C29D0D313C" name="" sourceRef="sid-6F4B18D3-AF3E-4EFC-B992-5258EA3AFBAF" targetRef="sid-A807B2B5-B431-4700-9A53-7FDBA914EE38">
         <extensionElements>
            <signavio:signavioMetaData metaKey="bordercolor" metaValue="#000000"/>
         </extensionElements>
      </sequenceFlow>
      <sequenceFlow id="sid-A1C42C36-B3C3-4AEB-B64D-019AFB426104" name="" sourceRef="sid-C819A717-5079-4CBD-8A3E-2B1E6D27DDC1" targetRef="sid-A807B2B5-B431-4700-9A53-7FDBA914EE38">
         <extensionElements>
            <signavio:signavioMetaData metaKey="bordercolor" metaValue="#FF6600"/>
         </extensionElements>
      </sequenceFlow>
      <sequenceFlow id="sid-A04B677D-73C8-4EDE-B91E-E75DDFA26E61" name="" sourceRef="sid-626E1544-0323-4AA5-AC1B-97A12519DD7D" targetRef="sid-A807B2B5-B431-4700-9A53-7FDBA914EE38">
         <extensionElements>
            <signavio:signavioMetaData metaKey="bordercolor" metaValue="#FF6600"/>
         </extensionElements>
      </sequenceFlow>
      <sequenceFlow id="sid-8243AA3D-1AF8-4450-B1F1-D6E0EBB51292" name="" sourceRef="sid-94AF269D-164D-4446-89E2-31822BB6AC3B" targetRef="sid-A807B2B5-B431-4700-9A53-7FDBA914EE38">
         <extensionElements>
            <signavio:signavioMetaData metaKey="bordercolor" metaValue="#FF6600"/>
         </extensionElements>
      </sequenceFlow>
      <sequenceFlow id="sid-42204023-7C65-426E-8B9F-E2A30E707FFB" name="" sourceRef="sid-BED1BC5C-B306-4308-8F0C-7BBAFC01E8E0" targetRef="sid-93E666E2-81F4-44C7-9789-305FC15419C4">
         <extensionElements>
            <signavio:signavioMetaData metaKey="bordercolor" metaValue="#000000"/>
         </extensionElements>
      </sequenceFlow>
      <sequenceFlow id="sid-4CE8AAD8-2AB1-4650-902E-6D2689127C46" name="" sourceRef="sid-F4B52AA2-1FB0-4F05-B9FA-219DCE0B2FDB" targetRef="sid-A807B2B5-B431-4700-9A53-7FDBA914EE38">
         <extensionElements>
            <signavio:signavioMetaData metaKey="bordercolor" metaValue="#FF6600"/>
         </extensionElements>
      </sequenceFlow>
      <sequenceFlow id="sid-4EFB5026-0C39-4EB8-BA57-7A3C73307BFC" name="Set default" sourceRef="sid-E86A2FEA-03BC-43DF-A3CF-F109DC148C48" targetRef="sid-A807B2B5-B431-4700-9A53-7FDBA914EE38">
         <extensionElements>
            <signavio:signavioMetaData metaKey="bordercolor" metaValue="#000000"/>
         </extensionElements>
      </sequenceFlow>
      <sequenceFlow id="sid-AA339563-44D4-49A7-ABC0-DDE478233592" name="" sourceRef="sid-7FBDA509-6E37-4731-9F6A-C176791060F6" targetRef="sid-1DD3558F-4768-4009-81C8-9EB9C77FCC1F">
         <extensionElements>
            <signavio:signavioMetaData metaKey="bordercolor" metaValue="#FF6600"/>
         </extensionElements>
      </sequenceFlow>
      <sequenceFlow id="sid-F8CE48E1-5762-4325-9F24-0B85A4C175DC" name="" sourceRef="sid-75A7CA2E-FB3F-4F13-B712-9F9BB0C283DD" targetRef="sid-BDB726D4-4607-4620-95C7-6377C340D9BA">
         <extensionElements>
            <signavio:signavioMetaData metaKey="bordercolor" metaValue="#000000"/>
         </extensionElements>
      </sequenceFlow>
      <sequenceFlow id="sid-ADCE5C9C-AF13-4F75-914D-844C04DFE459" name="" sourceRef="sid-BDB726D4-4607-4620-95C7-6377C340D9BA" targetRef="sid-BED1BC5C-B306-4308-8F0C-7BBAFC01E8E0">
         <extensionElements>
            <signavio:signavioMetaData metaKey="bordercolor" metaValue="#000000"/>
         </extensionElements>
      </sequenceFlow>
      <sequenceFlow id="sid-F3575B58-BA0C-48CA-BB0D-0FFAC2358F45" name="" sourceRef="sid-8DDDBDD1-E7D4-4A26-A5B8-8C991F84700B" targetRef="sid-BDB726D4-4607-4620-95C7-6377C340D9BA">
         <extensionElements>
            <signavio:signavioMetaData metaKey="bordercolor" metaValue="#000000"/>
         </extensionElements>
      </sequenceFlow>
      <sequenceFlow id="sid-C2210B9A-7095-4813-9366-EFD1E6355F99" name="" sourceRef="sid-5E75A3C5-A759-43D0-A44D-A0330B3DF1CB" targetRef="sid-1DD3558F-4768-4009-81C8-9EB9C77FCC1F">
         <extensionElements>
            <signavio:signavioMetaData metaKey="bordercolor" metaValue="#FF6600"/>
         </extensionElements>
      </sequenceFlow>
      <dataStoreReference dataStoreRef="sid-84ea0d2e-7013-42de-9597-1d077caea150" id="sid-C911DA82-71A7-4F94-BFED-D7C6CB438B8A" name="Road rules">
         <extensionElements>
            <signavio:signavioMetaData metaKey="bgcolor" metaValue="#ffffff"/>
            <signavio:signavioMetaData metaKey="bordercolor" metaValue="#000000"/>
         </extensionElements>
      </dataStoreReference>
   </process>
   <bpmndi:BPMNDiagram id="sid-acd3a79f-585f-48ec-a13b-b944d6b24e28">
      <bpmndi:BPMNPlane bpmnElement="sid-d02eee9f-7dbe-4693-bb0a-8c0aa0c87811" id="sid-70c850d5-8bf6-4e66-a76f-97af13fbb57b">
         <bpmndi:BPMNShape bpmnElement="sid-BED1BC5C-B306-4308-8F0C-7BBAFC01E8E0" id="sid-BED1BC5C-B306-4308-8F0C-7BBAFC01E8E0_gui" isMarkerVisible="true">
            <omgdc:Bounds height="40.0" width="40.0" x="390.0" y="250.0"/>
         </bpmndi:BPMNShape>
         <bpmndi:BPMNShape bpmnElement="sid-D9A829F2-C2E0-421C-AA7A-72FD8A558E91" id="sid-D9A829F2-C2E0-421C-AA7A-72FD8A558E91_gui">
            <omgdc:Bounds height="43.0" width="100.0" x="495.0" y="30.0"/>
            <bpmndi:BPMNLabel labelStyle="sid-682dbf96-650e-45f4-a07d-94277046ef25">
               <omgdc:Bounds height="12.0" width="86.39999389648438" x="501.8000030517578" y="43.5"/>
            </bpmndi:BPMNLabel>
         </bpmndi:BPMNShape>
         <bpmndi:BPMNShape bpmnElement="sid-72A169A1-10E5-494E-9970-286436B568D7" id="sid-72A169A1-10E5-494E-9970-286436B568D7_gui">
            <omgdc:Bounds height="43.0" width="100.0" x="495.0" y="100.0"/>
            <bpmndi:BPMNLabel labelStyle="sid-682dbf96-650e-45f4-a07d-94277046ef25">
               <omgdc:Bounds height="24.0" width="83.31428527832031" x="503.34285736083984" y="107.5"/>
            </bpmndi:BPMNLabel>
         </bpmndi:BPMNShape>
         <bpmndi:BPMNShape bpmnElement="sid-B1E4C1E2-EE46-4BCD-832D-ED88D67F3999" id="sid-B1E4C1E2-EE46-4BCD-832D-ED88D67F3999_gui">
            <omgdc:Bounds height="43.0" width="100.0" x="495.0" y="167.0"/>
            <bpmndi:BPMNLabel labelStyle="sid-682dbf96-650e-45f4-a07d-94277046ef25">
               <omgdc:Bounds height="24.0" width="87.94285583496094" x="501.02857208251953" y="174.5"/>
            </bpmndi:BPMNLabel>
         </bpmndi:BPMNShape>
         <bpmndi:BPMNShape bpmnElement="sid-295281D9-6C47-4A7B-8E98-0C03D5F07EE5" id="sid-295281D9-6C47-4A7B-8E98-0C03D5F07EE5_gui">
            <omgdc:Bounds height="43.0" width="100.0" x="495.0" y="248.0"/>
            <bpmndi:BPMNLabel labelStyle="sid-682dbf96-650e-45f4-a07d-94277046ef25">
               <omgdc:Bounds height="24.0" width="87.17141723632812" x="501.41429138183594" y="255.5"/>
            </bpmndi:BPMNLabel>
         </bpmndi:BPMNShape>
         <bpmndi:BPMNShape bpmnElement="sid-52CF7CF9-2EE7-40E4-AC9D-6DD65AEF6903" id="sid-52CF7CF9-2EE7-40E4-AC9D-6DD65AEF6903_gui">
            <omgdc:Bounds height="43.0" width="100.0" x="495.0" y="330.0"/>
            <bpmndi:BPMNLabel labelStyle="sid-682dbf96-650e-45f4-a07d-94277046ef25">
               <omgdc:Bounds height="24.0" width="89.4857177734375" x="500.25714111328125" y="337.5"/>
            </bpmndi:BPMNLabel>
         </bpmndi:BPMNShape>
         <bpmndi:BPMNShape bpmnElement="sid-571EB8CB-FEDB-40F6-9F5E-483A4E405707" id="sid-571EB8CB-FEDB-40F6-9F5E-483A4E405707_gui">
            <omgdc:Bounds height="43.0" width="100.0" x="495.0" y="404.0"/>
            <bpmndi:BPMNLabel labelStyle="sid-682dbf96-650e-45f4-a07d-94277046ef25">
               <omgdc:Bounds height="24.0" width="77.9142837524414" x="506.0428581237793" y="411.5"/>
            </bpmndi:BPMNLabel>
         </bpmndi:BPMNShape>
         <bpmndi:BPMNShape bpmnElement="sid-A34EF0B6-76A2-4F9F-B97C-D03D90C1159B" id="sid-A34EF0B6-76A2-4F9F-B97C-D03D90C1159B_gui">
            <omgdc:Bounds height="43.0" width="100.0" x="496.0" y="467.0"/>
            <bpmndi:BPMNLabel labelStyle="sid-682dbf96-650e-45f4-a07d-94277046ef25">
               <omgdc:Bounds height="24.0" width="67.88571166992188" x="512.0571441650391" y="474.5"/>
            </bpmndi:BPMNLabel>
         </bpmndi:BPMNShape>
         <bpmndi:BPMNShape bpmnElement="sid-45206282-1DB0-4316-ABE7-43ADA82972C9" id="sid-45206282-1DB0-4316-ABE7-43ADA82972C9_gui">
            <omgdc:Bounds height="43.0" width="100.0" x="495.0" y="538.0"/>
            <bpmndi:BPMNLabel labelStyle="sid-682dbf96-650e-45f4-a07d-94277046ef25">
               <omgdc:Bounds height="36.0" width="64.02857208251953" x="512.9857139587402" y="539.5"/>
            </bpmndi:BPMNLabel>
         </bpmndi:BPMNShape>
         <bpmndi:BPMNShape bpmnElement="sid-0D49CB2F-8F39-4A48-B067-EBA6781993E6" id="sid-0D49CB2F-8F39-4A48-B067-EBA6781993E6_gui">
            <omgdc:Bounds height="43.0" width="100.0" x="496.0" y="603.0"/>
            <bpmndi:BPMNLabel labelStyle="sid-682dbf96-650e-45f4-a07d-94277046ef25">
               <omgdc:Bounds height="24.0" width="81.0" x="505.5" y="610.5"/>
            </bpmndi:BPMNLabel>
         </bpmndi:BPMNShape>
         <bpmndi:BPMNShape bpmnElement="sid-4D739F86-95F9-4478-B2B9-42F8A62CD812" id="sid-4D739F86-95F9-4478-B2B9-42F8A62CD812_gui">
            <omgdc:Bounds height="43.0" width="100.0" x="496.0" y="668.0"/>
            <bpmndi:BPMNLabel labelStyle="sid-682dbf96-650e-45f4-a07d-94277046ef25">
               <omgdc:Bounds height="24.0" width="70.97142791748047" x="510.51428604125977" y="675.5"/>
            </bpmndi:BPMNLabel>
         </bpmndi:BPMNShape>
         <bpmndi:BPMNShape bpmnElement="sid-A807B2B5-B431-4700-9A53-7FDBA914EE38" id="sid-A807B2B5-B431-4700-9A53-7FDBA914EE38_gui">
            <omgdc:Bounds height="28.0" width="28.0" x="1005.0" y="256.0"/>
         </bpmndi:BPMNShape>
         <bpmndi:BPMNShape bpmnElement="sid-75A7CA2E-FB3F-4F13-B712-9F9BB0C283DD" id="sid-75A7CA2E-FB3F-4F13-B712-9F9BB0C283DD_gui">
            <omgdc:Bounds height="80.0" width="100.0" x="115.0" y="168.610728121392"/>
            <bpmndi:BPMNLabel labelStyle="sid-682dbf96-650e-45f4-a07d-94277046ef25">
               <omgdc:Bounds height="12.0" width="62.4857177734375" x="133.75714111328125" y="200.610728121392"/>
            </bpmndi:BPMNLabel>
         </bpmndi:BPMNShape>
         <bpmndi:BPMNShape bpmnElement="sid-8DDDBDD1-E7D4-4A26-A5B8-8C991F84700B" id="sid-8DDDBDD1-E7D4-4A26-A5B8-8C991F84700B_gui">
            <omgdc:Bounds height="80.0" width="100.0" x="115.0" y="312.0"/>
            <bpmndi:BPMNLabel labelStyle="sid-682dbf96-650e-45f4-a07d-94277046ef25">
               <omgdc:Bounds height="12.0" width="87.94285583496094" x="121.02857208251953" y="344.0"/>
            </bpmndi:BPMNLabel>
         </bpmndi:BPMNShape>
         <bpmndi:BPMNShape bpmnElement="sid-F199CDA1-38B3-40A4-A042-FFDC7FF51A1D" id="sid-F199CDA1-38B3-40A4-A042-FFDC7FF51A1D_gui">
            <omgdc:Bounds height="30.0" width="30.0" x="15.0" y="255.0"/>
         </bpmndi:BPMNShape>
         <bpmndi:BPMNShape bpmnElement="sid-9B2D2370-13FF-457E-AB30-6587C504C534" id="sid-9B2D2370-13FF-457E-AB30-6587C504C534_gui" isMarkerVisible="true">
            <omgdc:Bounds height="40.0" width="40.0" x="60.0" y="250.0"/>
         </bpmndi:BPMNShape>
         <bpmndi:BPMNShape bpmnElement="sid-B1DB1D47-D236-4599-9522-A1BA7E95B29C" id="sid-B1DB1D47-D236-4599-9522-A1BA7E95B29C_gui">
            <omgdc:Bounds height="43.0" width="100.0" x="729.0" y="404.0"/>
            <bpmndi:BPMNLabel labelStyle="sid-682dbf96-650e-45f4-a07d-94277046ef25">
               <omgdc:Bounds height="24.0" width="61.71428680419922" x="748.1428565979004" y="411.5"/>
            </bpmndi:BPMNLabel>
         </bpmndi:BPMNShape>
         <bpmndi:BPMNShape bpmnElement="sid-C8740378-C8E8-4F05-9987-1CF8ADC71E6B" id="sid-C8740378-C8E8-4F05-9987-1CF8ADC71E6B_gui" isMarkerVisible="true">
            <omgdc:Bounds height="40.0" width="40.0" x="640.0" y="405.5"/>
         </bpmndi:BPMNShape>
         <bpmndi:BPMNShape bpmnElement="sid-F2C88570-43A9-432E-9D68-0402632E6802" id="sid-F2C88570-43A9-432E-9D68-0402632E6802_gui">
            <omgdc:Bounds height="43.0" width="100.0" x="729.0" y="467.0"/>
            <bpmndi:BPMNLabel labelStyle="sid-682dbf96-650e-45f4-a07d-94277046ef25">
               <omgdc:Bounds height="12.0" width="43.97142791748047" x="757.0142860412598" y="480.5"/>
            </bpmndi:BPMNLabel>
         </bpmndi:BPMNShape>
         <bpmndi:BPMNShape bpmnElement="sid-DF4E7954-9D4D-42DC-80F0-D9E8DFB854C4" id="sid-DF4E7954-9D4D-42DC-80F0-D9E8DFB854C4_gui" isMarkerVisible="true">
            <omgdc:Bounds height="40.0" width="40.0" x="640.0" y="469.0"/>
         </bpmndi:BPMNShape>
         <bpmndi:BPMNShape bpmnElement="sid-D764C0A3-2BAD-4AA0-877E-FDBF6CBAA121" id="sid-D764C0A3-2BAD-4AA0-877E-FDBF6CBAA121_gui">
            <omgdc:Bounds height="43.0" width="115.0" x="721.0" y="603.0"/>
            <bpmndi:BPMNLabel labelStyle="sid-682dbf96-650e-45f4-a07d-94277046ef25">
               <omgdc:Bounds height="12.0" width="79.4571533203125" x="738.7714233398438" y="616.5"/>
            </bpmndi:BPMNLabel>
         </bpmndi:BPMNShape>
         <bpmndi:BPMNShape bpmnElement="sid-6B5A52AE-E9B0-46C2-B0FC-783CC09432BC" id="sid-6B5A52AE-E9B0-46C2-B0FC-783CC09432BC_gui" isMarkerVisible="true">
            <omgdc:Bounds height="40.0" width="40.0" x="641.0" y="604.5"/>
         </bpmndi:BPMNShape>
         <bpmndi:BPMNShape bpmnElement="sid-0DCFCE30-0962-4EAF-A2A9-24B2538302D9" id="sid-0DCFCE30-0962-4EAF-A2A9-24B2538302D9_gui">
            <omgdc:Bounds height="29.999999999999943" width="30.0" x="110.0" y="233.61072812139201"/>
         </bpmndi:BPMNShape>
         <bpmndi:BPMNShape bpmnElement="sid-51E9B3B9-0F1C-44D5-A1D4-4BB5FD20F4DC" id="sid-51E9B3B9-0F1C-44D5-A1D4-4BB5FD20F4DC_gui">
            <omgdc:Bounds height="30.0" width="30.0" x="112.35294117647058" y="377.0"/>
         </bpmndi:BPMNShape>
         <bpmndi:BPMNShape bpmnElement="sid-38F077D2-A80C-4DBB-96B8-C9C96FDDC822" id="sid-38F077D2-A80C-4DBB-96B8-C9C96FDDC822_gui">
            <omgdc:Bounds height="30.0" width="30.0" x="487.0" y="58.0"/>
            <bpmndi:BPMNLabel labelStyle="sid-16a7d520-3c4f-4c43-991e-17592a325256">
               <omgdc:Bounds height="11.0" width="45.96428680419922" x="479.0178565979004" y="90.0"/>
            </bpmndi:BPMNLabel>
         </bpmndi:BPMNShape>
         <bpmndi:BPMNShape bpmnElement="sid-CFB614CB-06FE-4FE8-9C00-8C932DAEA855" id="sid-CFB614CB-06FE-4FE8-9C00-8C932DAEA855_gui">
            <omgdc:Bounds height="30.0" width="30.0" x="480.0" y="119.93967569748077"/>
            <bpmndi:BPMNLabel labelStyle="sid-16a7d520-3c4f-4c43-991e-17592a325256">
               <omgdc:Bounds height="11.0" width="45.96428680419922" x="472.0178565979004" y="151.93967569748077"/>
            </bpmndi:BPMNLabel>
         </bpmndi:BPMNShape>
         <bpmndi:BPMNShape bpmnElement="sid-21EB5FB2-5343-4959-8922-67371FFBBBFE" id="sid-21EB5FB2-5343-4959-8922-67371FFBBBFE_gui">
            <omgdc:Bounds height="30.0" width="30.0" x="480.27832082521877" y="195.0"/>
            <bpmndi:BPMNLabel labelStyle="sid-16a7d520-3c4f-4c43-991e-17592a325256">
               <omgdc:Bounds height="11.0" width="45.96428680419922" x="472.29617742311916" y="227.0"/>
            </bpmndi:BPMNLabel>
         </bpmndi:BPMNShape>
         <bpmndi:BPMNShape bpmnElement="sid-542F3D2E-4F4C-4D6C-8DE0-9312A802179D" id="sid-542F3D2E-4F4C-4D6C-8DE0-9312A802179D_gui">
            <omgdc:Bounds height="30.0" width="30.0" x="480.0" y="270.9907486788548"/>
            <bpmndi:BPMNLabel labelStyle="sid-16a7d520-3c4f-4c43-991e-17592a325256">
               <omgdc:Bounds height="11.0" width="45.96428680419922" x="472.0178565979004" y="302.9907486788548"/>
            </bpmndi:BPMNLabel>
         </bpmndi:BPMNShape>
         <bpmndi:BPMNShape bpmnElement="sid-21C8583F-4CB6-4265-B383-42FE71959BD9" id="sid-21C8583F-4CB6-4265-B383-42FE71959BD9_gui">
            <omgdc:Bounds height="30.0" width="30.0" x="480.0" y="347.34013351210444"/>
            <bpmndi:BPMNLabel labelStyle="sid-16a7d520-3c4f-4c43-991e-17592a325256">
               <omgdc:Bounds height="11.0" width="45.96428680419922" x="472.0178565979004" y="379.34013351210444"/>
            </bpmndi:BPMNLabel>
         </bpmndi:BPMNShape>
         <bpmndi:BPMNShape bpmnElement="sid-DA4AF118-0F69-4D52-9B51-FB74C36D18BD" id="sid-DA4AF118-0F69-4D52-9B51-FB74C36D18BD_gui">
            <omgdc:Bounds height="30.0" width="30.0" x="480.0" y="419.2650058896614"/>
            <bpmndi:BPMNLabel labelStyle="sid-16a7d520-3c4f-4c43-991e-17592a325256">
               <omgdc:Bounds height="11.0" width="45.96428680419922" x="472.0178565979004" y="451.2650058896614"/>
            </bpmndi:BPMNLabel>
         </bpmndi:BPMNShape>
         <bpmndi:BPMNShape bpmnElement="sid-536B5A91-1173-498A-A630-724328077A89" id="sid-536B5A91-1173-498A-A630-724328077A89_gui">
            <omgdc:Bounds height="29.999999999999943" width="30.0" x="481.0" y="492.91358615786413"/>
            <bpmndi:BPMNLabel labelStyle="sid-16a7d520-3c4f-4c43-991e-17592a325256">
               <omgdc:Bounds height="11.0" width="45.96428680419922" x="473.0178565979004" y="524.9135861578641"/>
            </bpmndi:BPMNLabel>
         </bpmndi:BPMNShape>
         <bpmndi:BPMNShape bpmnElement="sid-20AFAAC8-8AEB-4C92-B351-1DD1D571E08A" id="sid-20AFAAC8-8AEB-4C92-B351-1DD1D571E08A_gui">
            <omgdc:Bounds height="30.0" width="30.0" x="480.0" y="555.6023407935711"/>
            <bpmndi:BPMNLabel labelStyle="sid-16a7d520-3c4f-4c43-991e-17592a325256">
               <omgdc:Bounds height="11.0" width="45.96428680419922" x="472.0178565979004" y="587.6023407935711"/>
            </bpmndi:BPMNLabel>
         </bpmndi:BPMNShape>
         <bpmndi:BPMNShape bpmnElement="sid-B8A26A73-3345-446E-B222-E82F2B63A170" id="sid-B8A26A73-3345-446E-B222-E82F2B63A170_gui">
            <omgdc:Bounds height="30.0" width="30.0" x="481.0" y="628.3425983296917"/>
            <bpmndi:BPMNLabel labelStyle="sid-16a7d520-3c4f-4c43-991e-17592a325256">
               <omgdc:Bounds height="11.0" width="45.96428680419922" x="473.0178565979004" y="660.3425983296917"/>
            </bpmndi:BPMNLabel>
         </bpmndi:BPMNShape>
         <bpmndi:BPMNShape bpmnElement="sid-6405067A-2DCE-4B1B-A03F-07700A919D96" id="sid-6405067A-2DCE-4B1B-A03F-07700A919D96_gui">
            <omgdc:Bounds height="30.0" width="30.0" x="481.0" y="691.6296348451742"/>
            <bpmndi:BPMNLabel labelStyle="sid-16a7d520-3c4f-4c43-991e-17592a325256">
               <omgdc:Bounds height="11.0" width="45.96428680419922" x="473.0178565979004" y="723.6296348451742"/>
            </bpmndi:BPMNLabel>
         </bpmndi:BPMNShape>
         <bpmndi:BPMNShape bpmnElement="sid-C819A717-5079-4CBD-8A3E-2B1E6D27DDC1" id="sid-C819A717-5079-4CBD-8A3E-2B1E6D27DDC1_gui">
            <omgdc:Bounds height="30.0" width="30.0" x="814.0" y="420.9718402955157"/>
            <bpmndi:BPMNLabel labelStyle="sid-16a7d520-3c4f-4c43-991e-17592a325256">
               <omgdc:Bounds height="11.0" width="45.96428680419922" x="806.0178565979004" y="452.9718402955157"/>
            </bpmndi:BPMNLabel>
         </bpmndi:BPMNShape>
         <bpmndi:BPMNShape bpmnElement="sid-626E1544-0323-4AA5-AC1B-97A12519DD7D" id="sid-626E1544-0323-4AA5-AC1B-97A12519DD7D_gui">
            <omgdc:Bounds height="30.0" width="30.0" x="814.0" y="491.9773639467037"/>
            <bpmndi:BPMNLabel labelStyle="sid-16a7d520-3c4f-4c43-991e-17592a325256">
               <omgdc:Bounds height="11.0" width="45.96428680419922" x="806.0178565979004" y="523.9773639467037"/>
            </bpmndi:BPMNLabel>
         </bpmndi:BPMNShape>
         <bpmndi:BPMNShape bpmnElement="sid-94AF269D-164D-4446-89E2-31822BB6AC3B" id="sid-94AF269D-164D-4446-89E2-31822BB6AC3B_gui">
            <omgdc:Bounds height="30.0" width="30.0" x="821.0" y="630.0422311268369"/>
            <bpmndi:BPMNLabel labelStyle="sid-16a7d520-3c4f-4c43-991e-17592a325256">
               <omgdc:Bounds height="11.0" width="45.96428680419922" x="813.0178565979004" y="662.0422311268369"/>
            </bpmndi:BPMNLabel>
         </bpmndi:BPMNShape>
         <bpmndi:BPMNShape bpmnElement="sid-1DD3558F-4768-4009-81C8-9EB9C77FCC1F" id="sid-1DD3558F-4768-4009-81C8-9EB9C77FCC1F_gui">
            <omgdc:Bounds height="28.0" width="28.0" x="177.943541550995" y="766.3003882998173"/>
         </bpmndi:BPMNShape>
         <bpmndi:BPMNShape bpmnElement="sid-93E666E2-81F4-44C7-9789-305FC15419C4" id="sid-93E666E2-81F4-44C7-9789-305FC15419C4_gui">
            <omgdc:Bounds height="43.0" width="100.0" x="496.0" y="758.3003882998173"/>
            <bpmndi:BPMNLabel labelStyle="sid-682dbf96-650e-45f4-a07d-94277046ef25">
               <omgdc:Bounds height="12.0" width="83.31428527832031" x="504.34285736083984" y="771.8003882998173"/>
            </bpmndi:BPMNLabel>
         </bpmndi:BPMNShape>
         <bpmndi:BPMNShape bpmnElement="sid-E86A2FEA-03BC-43DF-A3CF-F109DC148C48" id="sid-E86A2FEA-03BC-43DF-A3CF-F109DC148C48_gui" isMarkerVisible="true">
            <omgdc:Bounds height="40.0" width="40.0" x="641.0" y="759.8003882998173"/>
         </bpmndi:BPMNShape>
         <bpmndi:BPMNShape bpmnElement="sid-6F4B18D3-AF3E-4EFC-B992-5258EA3AFBAF" id="sid-6F4B18D3-AF3E-4EFC-B992-5258EA3AFBAF_gui">
            <omgdc:Bounds height="43.0" width="100.0" x="726.0" y="758.3003882998173"/>
            <bpmndi:BPMNLabel labelStyle="sid-682dbf96-650e-45f4-a07d-94277046ef25">
               <omgdc:Bounds height="24.0" width="80.22857666015625" x="735.8857116699219" y="765.8003882998173"/>
            </bpmndi:BPMNLabel>
         </bpmndi:BPMNShape>
         <bpmndi:BPMNShape bpmnElement="sid-7FBDA509-6E37-4731-9F6A-C176791060F6" id="sid-7FBDA509-6E37-4731-9F6A-C176791060F6_gui">
            <omgdc:Bounds height="30.0" width="30.0" x="495.0" y="786.3003882998173"/>
         </bpmndi:BPMNShape>
         <bpmndi:BPMNShape bpmnElement="sid-F4B52AA2-1FB0-4F05-B9FA-219DCE0B2FDB" id="sid-F4B52AA2-1FB0-4F05-B9FA-219DCE0B2FDB_gui">
            <omgdc:Bounds height="30.0" width="30.0" x="811.0" y="786.3003882998173"/>
         </bpmndi:BPMNShape>
         <bpmndi:BPMNShape bpmnElement="sid-BDB726D4-4607-4620-95C7-6377C340D9BA" id="sid-BDB726D4-4607-4620-95C7-6377C340D9BA_gui">
            <omgdc:Bounds height="42.99999999999997" width="100.0" x="260.0" y="248.00000000000003"/>
            <bpmndi:BPMNLabel labelStyle="sid-682dbf96-650e-45f4-a07d-94277046ef25">
               <omgdc:Bounds height="23.99999999999997" width="54.0" x="283.0" y="255.50000000000003"/>
            </bpmndi:BPMNLabel>
         </bpmndi:BPMNShape>
         <bpmndi:BPMNShape bpmnElement="sid-5E75A3C5-A759-43D0-A44D-A0330B3DF1CB" id="sid-5E75A3C5-A759-43D0-A44D-A0330B3DF1CB_gui">
            <omgdc:Bounds height="30.0" width="30.0" x="274.1142857142857" y="276.0"/>
         </bpmndi:BPMNShape>
         <bpmndi:BPMNShape bpmnElement="sid-C911DA82-71A7-4F94-BFED-D7C6CB438B8A" id="sid-C911DA82-71A7-4F94-BFED-D7C6CB438B8A_gui">
            <omgdc:Bounds height="60.173" width="62.000999999999976" x="160.943541550995" y="42.891885226359335"/>
            <bpmndi:BPMNLabel labelStyle="sid-682dbf96-650e-45f4-a07d-94277046ef25">
               <omgdc:Bounds height="12.0" width="57.85714340209961" x="162.08997061288466" y="108.22988266288277"/>
            </bpmndi:BPMNLabel>
         </bpmndi:BPMNShape>
         <bpmndi:BPMNEdge bpmnElement="sid-78875FCB-F756-49E0-99DC-C642B9201505" id="sid-78875FCB-F756-49E0-99DC-C642B9201505_gui">
            <omgdi:waypoint x="410.5" y="250.0"/>
            <omgdi:waypoint x="410.5" y="51.5"/>
            <omgdi:waypoint x="495.0" y="51.5"/>
         </bpmndi:BPMNEdge>
         <bpmndi:BPMNEdge bpmnElement="sid-33FF1AD3-156B-4DA1-9514-306650B039A2" id="sid-33FF1AD3-156B-4DA1-9514-306650B039A2_gui">
            <omgdi:waypoint x="410.5" y="250.0"/>
            <omgdi:waypoint x="410.5" y="121.5"/>
            <omgdi:waypoint x="495.0" y="121.5"/>
         </bpmndi:BPMNEdge>
         <bpmndi:BPMNEdge bpmnElement="sid-C7E002CC-FBD4-4B0B-B9B3-97A98C694CD1" id="sid-C7E002CC-FBD4-4B0B-B9B3-97A98C694CD1_gui">
            <omgdi:waypoint x="410.5" y="250.0"/>
            <omgdi:waypoint x="410.5" y="188.5"/>
            <omgdi:waypoint x="495.0" y="188.5"/>
         </bpmndi:BPMNEdge>
         <bpmndi:BPMNEdge bpmnElement="sid-09442E4F-41CB-41AA-8A88-BC41D338D92D" id="sid-09442E4F-41CB-41AA-8A88-BC41D338D92D_gui">
            <omgdi:waypoint x="430.0" y="270.3550185873606"/>
            <omgdi:waypoint x="495.0" y="269.8717472118959"/>
         </bpmndi:BPMNEdge>
         <bpmndi:BPMNEdge bpmnElement="sid-797EE27A-A3DD-4AB2-A25B-87F8D892BCF8" id="sid-797EE27A-A3DD-4AB2-A25B-87F8D892BCF8_gui">
            <omgdi:waypoint x="410.5" y="290.0"/>
            <omgdi:waypoint x="410.5" y="351.5"/>
            <omgdi:waypoint x="495.0" y="351.5"/>
         </bpmndi:BPMNEdge>
         <bpmndi:BPMNEdge bpmnElement="sid-80E491F3-C283-411D-9282-8AE2FB349AB7" id="sid-80E491F3-C283-411D-9282-8AE2FB349AB7_gui">
            <omgdi:waypoint x="410.5" y="290.0"/>
            <omgdi:waypoint x="410.5" y="425.5"/>
            <omgdi:waypoint x="495.0" y="425.5"/>
         </bpmndi:BPMNEdge>
         <bpmndi:BPMNEdge bpmnElement="sid-E9A42D6D-6865-49C1-8B08-FAF8DD7D6B7B" id="sid-E9A42D6D-6865-49C1-8B08-FAF8DD7D6B7B_gui">
            <omgdi:waypoint x="410.5" y="290.0"/>
            <omgdi:waypoint x="410.5" y="488.5"/>
            <omgdi:waypoint x="496.0" y="488.5"/>
         </bpmndi:BPMNEdge>
         <bpmndi:BPMNEdge bpmnElement="sid-0E6BBF37-3AF1-4D7A-A763-8BA3991E51CD" id="sid-0E6BBF37-3AF1-4D7A-A763-8BA3991E51CD_gui">
            <omgdi:waypoint x="410.5" y="290.0"/>
            <omgdi:waypoint x="410.5" y="559.5"/>
            <omgdi:waypoint x="495.0" y="559.5"/>
         </bpmndi:BPMNEdge>
         <bpmndi:BPMNEdge bpmnElement="sid-BCE50C1D-9184-4737-80FC-5309271A8734" id="sid-BCE50C1D-9184-4737-80FC-5309271A8734_gui">
            <omgdi:waypoint x="410.5" y="290.0"/>
            <omgdi:waypoint x="410.5" y="624.5"/>
            <omgdi:waypoint x="496.0" y="624.5"/>
         </bpmndi:BPMNEdge>
         <bpmndi:BPMNEdge bpmnElement="sid-0A2FF058-8395-4FB8-96BC-C6F9DE2C07C8" id="sid-0A2FF058-8395-4FB8-96BC-C6F9DE2C07C8_gui">
            <omgdi:waypoint x="410.5" y="290.0"/>
            <omgdi:waypoint x="410.5" y="689.5"/>
            <omgdi:waypoint x="496.0" y="689.5"/>
         </bpmndi:BPMNEdge>
         <bpmndi:BPMNEdge bpmnElement="sid-77EA9045-3A97-41F9-9DFA-E816BC361408" id="sid-77EA9045-3A97-41F9-9DFA-E816BC361408_gui">
            <omgdi:waypoint x="45.0" y="270.1485148514852"/>
            <omgdi:waypoint x="60.0" y="270.2970297029703"/>
         </bpmndi:BPMNEdge>
         <bpmndi:BPMNEdge bpmnElement="sid-DFD0D1A5-2EB0-464A-BD74-04AF2EC5F698" id="sid-DFD0D1A5-2EB0-464A-BD74-04AF2EC5F698_gui">
            <omgdi:waypoint x="80.5" y="250.0"/>
            <omgdi:waypoint x="80.5" y="208.610728121392"/>
            <omgdi:waypoint x="115.0" y="208.610728121392"/>
         </bpmndi:BPMNEdge>
         <bpmndi:BPMNEdge bpmnElement="sid-2803DC21-D5F3-4EF2-B745-3FA34E268C9F" id="sid-2803DC21-D5F3-4EF2-B745-3FA34E268C9F_gui">
            <omgdi:waypoint x="80.5" y="290.0"/>
            <omgdi:waypoint x="80.5" y="352.0"/>
            <omgdi:waypoint x="115.0" y="352.0"/>
         </bpmndi:BPMNEdge>
         <bpmndi:BPMNEdge bpmnElement="sid-70BF503A-F01F-4271-AAB1-6D6FB233A337" id="sid-70BF503A-F01F-4271-AAB1-6D6FB233A337_gui">
            <omgdi:waypoint x="595.0" y="121.5"/>
            <omgdi:waypoint x="680.0" y="121.5"/>
            <omgdi:waypoint x="680.0" y="270.0"/>
            <omgdi:waypoint x="1005.0" y="270.0"/>
         </bpmndi:BPMNEdge>
         <bpmndi:BPMNEdge bpmnElement="sid-2A03DC1F-C986-4CEB-8ECC-C31078EEA7B1" id="sid-2A03DC1F-C986-4CEB-8ECC-C31078EEA7B1_gui">
            <omgdi:waypoint x="595.0" y="188.5"/>
            <omgdi:waypoint x="680.0" y="188.5"/>
            <omgdi:waypoint x="680.0" y="270.0"/>
            <omgdi:waypoint x="1005.0" y="270.0"/>
         </bpmndi:BPMNEdge>
         <bpmndi:BPMNEdge bpmnElement="sid-E598734C-E6F8-4687-ADF9-3EC093605678" id="sid-E598734C-E6F8-4687-ADF9-3EC093605678_gui">
            <omgdi:waypoint x="595.0" y="269.55274261603375"/>
            <omgdi:waypoint x="1005.0" y="269.98523206751054"/>
         </bpmndi:BPMNEdge>
         <bpmndi:BPMNEdge bpmnElement="sid-7364C021-4940-4AF6-86FD-F4953FBFFB95" id="sid-7364C021-4940-4AF6-86FD-F4953FBFFB95_gui">
            <omgdi:waypoint x="595.0" y="351.5"/>
            <omgdi:waypoint x="680.0" y="351.5"/>
            <omgdi:waypoint x="680.0" y="270.0"/>
            <omgdi:waypoint x="1005.0" y="270.0"/>
         </bpmndi:BPMNEdge>
         <bpmndi:BPMNEdge bpmnElement="sid-272CF7DF-D775-4421-B836-4FB62AA88D9D" id="sid-272CF7DF-D775-4421-B836-4FB62AA88D9D_gui">
            <omgdi:waypoint x="595.0" y="425.7164502164502"/>
            <omgdi:waypoint x="640.0" y="425.9112554112554"/>
         </bpmndi:BPMNEdge>
         <bpmndi:BPMNEdge bpmnElement="sid-A215229D-CDB4-4554-96C5-17B764399A98" id="sid-A215229D-CDB4-4554-96C5-17B764399A98_gui">
            <omgdi:waypoint x="680.0" y="425.9177215189873"/>
            <omgdi:waypoint x="729.0" y="425.710970464135"/>
         </bpmndi:BPMNEdge>
         <bpmndi:BPMNEdge bpmnElement="sid-57F5B2E3-25EC-4146-B987-61F1B3934C98" id="sid-57F5B2E3-25EC-4146-B987-61F1B3934C98_gui">
            <omgdi:waypoint x="829.0" y="425.5"/>
            <omgdi:waypoint x="1019.0" y="425.5"/>
            <omgdi:waypoint x="1019.0" y="284.0"/>
         </bpmndi:BPMNEdge>
         <bpmndi:BPMNEdge bpmnElement="sid-3C58CF0A-91FC-4DD9-B175-E1F7D4836DEE" id="sid-3C58CF0A-91FC-4DD9-B175-E1F7D4836DEE_gui">
            <omgdi:waypoint x="596.0" y="488.9366812227074"/>
            <omgdi:waypoint x="640.0" y="489.32096069868993"/>
         </bpmndi:BPMNEdge>
         <bpmndi:BPMNEdge bpmnElement="sid-36C88ED3-0860-4381-B153-805D989C00CE" id="sid-36C88ED3-0860-4381-B153-805D989C00CE_gui">
            <omgdi:waypoint x="680.0" y="489.3354430379747"/>
            <omgdi:waypoint x="729.0" y="488.92194092827003"/>
         </bpmndi:BPMNEdge>
         <bpmndi:BPMNEdge bpmnElement="sid-87AFD844-A4DE-454C-9E8F-23647795A768" id="sid-87AFD844-A4DE-454C-9E8F-23647795A768_gui">
            <omgdi:waypoint x="829.0" y="488.5"/>
            <omgdi:waypoint x="1019.0" y="488.5"/>
            <omgdi:waypoint x="1019.0" y="284.0"/>
         </bpmndi:BPMNEdge>
         <bpmndi:BPMNEdge bpmnElement="sid-06919E40-DBC5-446E-9C5B-B743FB994B42" id="sid-06919E40-DBC5-446E-9C5B-B743FB994B42_gui">
            <omgdi:waypoint x="660.5" y="405.5"/>
            <omgdi:waypoint x="660.5" y="374.0"/>
            <omgdi:waypoint x="1019.0" y="374.0"/>
            <omgdi:waypoint x="1019.0" y="284.0"/>
            <bpmndi:BPMNLabel labelStyle="sid-16a7d520-3c4f-4c43-991e-17592a325256">
               <omgdc:Bounds height="111.085693359375" width="12.0" x="640.5" y="286.414306640625"/>
            </bpmndi:BPMNLabel>
         </bpmndi:BPMNEdge>
         <bpmndi:BPMNEdge bpmnElement="sid-E203A7F2-9705-408A-BC1D-786B258203E9" id="sid-E203A7F2-9705-408A-BC1D-786B258203E9_gui">
            <omgdi:waypoint x="660.5" y="509.0"/>
            <omgdi:waypoint x="660.5" y="541.0"/>
            <omgdi:waypoint x="1019.0" y="541.0"/>
            <omgdi:waypoint x="1019.0" y="284.0"/>
            <bpmndi:BPMNLabel labelStyle="sid-16a7d520-3c4f-4c43-991e-17592a325256">
               <omgdc:Bounds height="130.3714599609375" width="12.0" x="640.5" y="517.0"/>
            </bpmndi:BPMNLabel>
         </bpmndi:BPMNEdge>
         <bpmndi:BPMNEdge bpmnElement="sid-AACDE152-CF5D-401B-B3EF-F1222CB40538" id="sid-AACDE152-CF5D-401B-B3EF-F1222CB40538_gui">
            <omgdi:waypoint x="595.0" y="559.5"/>
            <omgdi:waypoint x="1019.0" y="559.5"/>
            <omgdi:waypoint x="1019.0" y="284.0"/>
         </bpmndi:BPMNEdge>
         <bpmndi:BPMNEdge bpmnElement="sid-DFF0F7B9-4773-4207-90D4-FD5464B15849" id="sid-DFF0F7B9-4773-4207-90D4-FD5464B15849_gui">
            <omgdi:waypoint x="596.0" y="624.7164502164502"/>
            <omgdi:waypoint x="641.0" y="624.9112554112554"/>
         </bpmndi:BPMNEdge>
         <bpmndi:BPMNEdge bpmnElement="sid-3EAD8199-B18C-4E3D-B940-B3D9B60FDA1F" id="sid-3EAD8199-B18C-4E3D-B940-B3D9B60FDA1F_gui">
            <omgdi:waypoint x="681.0" y="624.9166666666666"/>
            <omgdi:waypoint x="721.0" y="624.7457264957264"/>
         </bpmndi:BPMNEdge>
         <bpmndi:BPMNEdge bpmnElement="sid-45B8B024-EF7C-4B6E-BEEB-4E297CC36710" id="sid-45B8B024-EF7C-4B6E-BEEB-4E297CC36710_gui">
            <omgdi:waypoint x="661.5" y="604.5"/>
            <omgdi:waypoint x="661.5" y="582.0"/>
            <omgdi:waypoint x="1019.0" y="582.0"/>
            <omgdi:waypoint x="1019.0" y="284.0"/>
         </bpmndi:BPMNEdge>
         <bpmndi:BPMNEdge bpmnElement="sid-282CF6DC-2358-4FA4-ACFE-2D3EEEE980E8" id="sid-282CF6DC-2358-4FA4-ACFE-2D3EEEE980E8_gui">
            <omgdi:waypoint x="836.0" y="624.5"/>
            <omgdi:waypoint x="1019.0" y="624.5"/>
            <omgdi:waypoint x="1019.0" y="284.0"/>
         </bpmndi:BPMNEdge>
         <bpmndi:BPMNEdge bpmnElement="sid-421F83FE-6CB8-4121-87B9-33881B665E89" id="sid-421F83FE-6CB8-4121-87B9-33881B665E89_gui">
            <omgdi:waypoint x="596.0" y="689.5"/>
            <omgdi:waypoint x="1019.0" y="689.5"/>
            <omgdi:waypoint x="1019.0" y="284.0"/>
         </bpmndi:BPMNEdge>
         <bpmndi:BPMNEdge bpmnElement="sid-A04B7F72-D2A2-42CD-AF27-94C2FD027ADA" id="sid-A04B7F72-D2A2-42CD-AF27-94C2FD027ADA_gui">
            <omgdi:waypoint x="595.0" y="51.5"/>
            <omgdi:waypoint x="1019.0" y="51.5"/>
            <omgdi:waypoint x="1019.0" y="256.0"/>
         </bpmndi:BPMNEdge>
         <bpmndi:BPMNEdge bpmnElement="sid-32FDB9D2-6398-426A-A63A-ECB8C90FAC62" id="sid-32FDB9D2-6398-426A-A63A-ECB8C90FAC62_gui">
            <omgdi:waypoint x="142.35294117647058" y="392.10101789568733"/>
            <omgdi:waypoint x="191.943541550995" y="392.4349871020678"/>
            <omgdi:waypoint x="191.943541550995" y="766.3003882998173"/>
         </bpmndi:BPMNEdge>
         <bpmndi:BPMNEdge bpmnElement="sid-3EF5C720-BCFA-4A12-B902-C6E87DBD836A" id="sid-3EF5C720-BCFA-4A12-B902-C6E87DBD836A_gui">
            <omgdi:waypoint x="480.0" y="570.6169789559957"/>
            <omgdi:waypoint x="318.0" y="570.7750711101814"/>
            <omgdi:waypoint x="318.0" y="722.0"/>
            <omgdi:waypoint x="191.943541550995" y="722.0"/>
            <omgdi:waypoint x="191.943541550995" y="766.3003882998173"/>
         </bpmndi:BPMNEdge>
         <bpmndi:BPMNEdge bpmnElement="sid-8F58756A-AFCC-450D-8A88-95CF226048D5" id="sid-8F58756A-AFCC-450D-8A88-95CF226048D5_gui">
            <omgdi:waypoint x="480.0" y="434.27669242601667"/>
            <omgdi:waypoint x="318.0" y="434.402907018654"/>
            <omgdi:waypoint x="318.0" y="722.0"/>
            <omgdi:waypoint x="191.943541550995" y="722.0"/>
            <omgdi:waypoint x="191.943541550995" y="766.3003882998173"/>
         </bpmndi:BPMNEdge>
         <bpmndi:BPMNEdge bpmnElement="sid-1C4809EB-7A19-469B-9F4A-828E968CB65F" id="sid-1C4809EB-7A19-469B-9F4A-828E968CB65F_gui">
            <omgdi:waypoint x="481.0" y="643.2889444960578"/>
            <omgdi:waypoint x="318.0" y="642.7059061705688"/>
            <omgdi:waypoint x="318.0" y="722.0"/>
            <omgdi:waypoint x="191.943541550995" y="722.0"/>
            <omgdi:waypoint x="191.943541550995" y="766.3003882998173"/>
         </bpmndi:BPMNEdge>
         <bpmndi:BPMNEdge bpmnElement="sid-696FBBB1-45B6-4FC4-ABAE-E54E0D431CA4" id="sid-696FBBB1-45B6-4FC4-ABAE-E54E0D431CA4_gui">
            <omgdi:waypoint x="481.0" y="507.83469102771016"/>
            <omgdi:waypoint x="318.0" y="506.9773639467037"/>
            <omgdi:waypoint x="318.0" y="722.0"/>
            <omgdi:waypoint x="191.943541550995" y="722.0"/>
            <omgdi:waypoint x="191.943541550995" y="766.3003882998173"/>
         </bpmndi:BPMNEdge>
         <bpmndi:BPMNEdge bpmnElement="sid-993DDF25-0C10-4ACE-A652-82D85BE60D08" id="sid-993DDF25-0C10-4ACE-A652-82D85BE60D08_gui">
            <omgdi:waypoint x="480.0" y="285.97251876345814"/>
            <omgdi:waypoint x="318.0" y="285.775635677174"/>
            <omgdi:waypoint x="318.0" y="722.0"/>
            <omgdi:waypoint x="191.943541550995" y="722.0"/>
            <omgdi:waypoint x="191.943541550995" y="766.3003882998173"/>
         </bpmndi:BPMNEdge>
         <bpmndi:BPMNEdge bpmnElement="sid-4D3A1865-D19C-4174-B2FB-C911C0049E86" id="sid-4D3A1865-D19C-4174-B2FB-C911C0049E86_gui">
            <omgdi:waypoint x="480.27832082521877" y="209.8824499347573"/>
            <omgdi:waypoint x="318.0" y="208.610728121392"/>
            <omgdi:waypoint x="318.0" y="722.0"/>
            <omgdi:waypoint x="191.943541550995" y="722.0"/>
            <omgdi:waypoint x="191.943541550995" y="766.3003882998173"/>
         </bpmndi:BPMNEdge>
         <bpmndi:BPMNEdge bpmnElement="sid-B314C686-4566-4F21-9DB8-8DD8679B49B4" id="sid-B314C686-4566-4F21-9DB8-8DD8679B49B4_gui">
            <omgdi:waypoint x="480.0" y="134.95715636059265"/>
            <omgdi:waypoint x="318.0" y="135.14594752220103"/>
            <omgdi:waypoint x="318.0" y="722.0"/>
            <omgdi:waypoint x="191.943541550995" y="722.0"/>
            <omgdi:waypoint x="191.943541550995" y="766.3003882998173"/>
         </bpmndi:BPMNEdge>
         <bpmndi:BPMNEdge bpmnElement="sid-EF5833C3-C8EA-4E4D-9A35-FC1062CD0437" id="sid-EF5833C3-C8EA-4E4D-9A35-FC1062CD0437_gui">
            <omgdi:waypoint x="487.0" y="72.99118629562712"/>
            <omgdi:waypoint x="318.0" y="72.89188522635934"/>
            <omgdi:waypoint x="318.0" y="722.0"/>
            <omgdi:waypoint x="191.943541550995" y="722.0"/>
            <omgdi:waypoint x="191.943541550995" y="766.3003882998173"/>
         </bpmndi:BPMNEdge>
         <bpmndi:BPMNEdge bpmnElement="sid-4E9F7F32-9B38-4147-B64E-BCE0A9370AB0" id="sid-4E9F7F32-9B38-4147-B64E-BCE0A9370AB0_gui">
            <omgdi:waypoint x="481.0" y="706.601889349779"/>
            <omgdi:waypoint x="318.0" y="706.3003882998173"/>
            <omgdi:waypoint x="318.0" y="722.0"/>
            <omgdi:waypoint x="191.943541550995" y="722.0"/>
            <omgdi:waypoint x="191.943541550995" y="766.3003882998173"/>
         </bpmndi:BPMNEdge>
         <bpmndi:BPMNEdge bpmnElement="sid-9BA1A718-7F8D-4FB3-B5BB-2E85BC7BCFF2" id="sid-9BA1A718-7F8D-4FB3-B5BB-2E85BC7BCFF2_gui">
            <omgdi:waypoint x="480.0" y="362.354445662483"/>
            <omgdi:waypoint x="318.0" y="362.50901688657154"/>
            <omgdi:waypoint x="318.0" y="722.0"/>
            <omgdi:waypoint x="191.943541550995" y="722.0"/>
            <omgdi:waypoint x="191.943541550995" y="766.3003882998173"/>
         </bpmndi:BPMNEdge>
         <bpmndi:BPMNEdge bpmnElement="sid-095222E5-EE29-4211-A457-F2BAAF36D794" id="sid-095222E5-EE29-4211-A457-F2BAAF36D794_gui">
            <omgdi:waypoint x="140.0" y="248.610728121392"/>
            <omgdi:waypoint x="147.0" y="248.61072812139196"/>
            <omgdi:waypoint x="147.0" y="722.0"/>
            <omgdi:waypoint x="191.943541550995" y="722.0"/>
            <omgdi:waypoint x="191.943541550995" y="766.3003882998173"/>
         </bpmndi:BPMNEdge>
         <bpmndi:BPMNEdge bpmnElement="sid-23EE5DFA-76C1-4A92-B5B3-73451F1F1788" id="sid-23EE5DFA-76C1-4A92-B5B3-73451F1F1788_gui">
            <omgdi:waypoint x="596.0" y="780.0168385162675"/>
            <omgdi:waypoint x="641.0" y="780.2116437110727"/>
         </bpmndi:BPMNEdge>
         <bpmndi:BPMNEdge bpmnElement="sid-E2753B79-2591-407F-97CA-C01DA26376DE" id="sid-E2753B79-2591-407F-97CA-C01DA26376DE_gui">
            <omgdi:waypoint x="681.0" y="780.2152354613894"/>
            <omgdi:waypoint x="726.0" y="780.018728911171"/>
         </bpmndi:BPMNEdge>
         <bpmndi:BPMNEdge bpmnElement="sid-02AE51D7-DCB8-43AD-B9AB-00C29D0D313C" id="sid-02AE51D7-DCB8-43AD-B9AB-00C29D0D313C_gui">
            <omgdi:waypoint x="826.0" y="779.8003882998173"/>
            <omgdi:waypoint x="1019.0" y="779.8003882998173"/>
            <omgdi:waypoint x="1019.0" y="284.0"/>
         </bpmndi:BPMNEdge>
         <bpmndi:BPMNEdge bpmnElement="sid-A1C42C36-B3C3-4AEB-B64D-019AFB426104" id="sid-A1C42C36-B3C3-4AEB-B64D-019AFB426104_gui">
            <omgdi:waypoint x="829.2554921017994" y="450.9718402955157"/>
            <omgdi:waypoint x="829.4603654220446" y="463.0"/>
            <omgdi:waypoint x="944.0" y="463.0"/>
            <omgdi:waypoint x="944.0" y="324.0"/>
            <omgdi:waypoint x="1019.0" y="324.0"/>
            <omgdi:waypoint x="1019.0" y="284.0"/>
         </bpmndi:BPMNEdge>
         <bpmndi:BPMNEdge bpmnElement="sid-A04B677D-73C8-4EDE-B91E-E75DDFA26E61" id="sid-A04B677D-73C8-4EDE-B91E-E75DDFA26E61_gui">
            <omgdi:waypoint x="829.0" y="521.9773639467037"/>
            <omgdi:waypoint x="829.0" y="525.0"/>
            <omgdi:waypoint x="944.0" y="525.0"/>
            <omgdi:waypoint x="944.0" y="324.0"/>
            <omgdi:waypoint x="1019.0" y="324.0"/>
            <omgdi:waypoint x="1019.0" y="284.0"/>
         </bpmndi:BPMNEdge>
         <bpmndi:BPMNEdge bpmnElement="sid-8243AA3D-1AF8-4450-B1F1-D6E0EBB51292" id="sid-8243AA3D-1AF8-4450-B1F1-D6E0EBB51292_gui">
            <omgdi:waypoint x="834.2223992546523" y="660.0422311268369"/>
            <omgdi:waypoint x="832.8053233305435" y="672.0"/>
            <omgdi:waypoint x="944.0" y="672.0"/>
            <omgdi:waypoint x="944.0" y="324.0"/>
            <omgdi:waypoint x="1019.0" y="324.0"/>
            <omgdi:waypoint x="1019.0" y="284.0"/>
         </bpmndi:BPMNEdge>
         <bpmndi:BPMNEdge bpmnElement="sid-42204023-7C65-426E-8B9F-E2A30E707FFB" id="sid-42204023-7C65-426E-8B9F-E2A30E707FFB_gui">
            <omgdi:waypoint x="410.5" y="290.0"/>
            <omgdi:waypoint x="410.5" y="779.8003882998173"/>
            <omgdi:waypoint x="496.0" y="779.8003882998173"/>
         </bpmndi:BPMNEdge>
         <bpmndi:BPMNEdge bpmnElement="sid-4CE8AAD8-2AB1-4650-902E-6D2689127C46" id="sid-4CE8AAD8-2AB1-4650-902E-6D2689127C46_gui">
            <omgdi:waypoint x="841.0" y="801.3003882998173"/>
            <omgdi:waypoint x="944.0" y="801.3003882998173"/>
            <omgdi:waypoint x="944.0" y="324.0"/>
            <omgdi:waypoint x="1019.0" y="324.0"/>
            <omgdi:waypoint x="1019.0" y="284.0"/>
         </bpmndi:BPMNEdge>
         <bpmndi:BPMNEdge bpmnElement="sid-4EFB5026-0C39-4EB8-BA57-7A3C73307BFC" id="sid-4EFB5026-0C39-4EB8-BA57-7A3C73307BFC_gui">
            <omgdi:waypoint x="661.5" y="799.8003882998173"/>
            <omgdi:waypoint x="661.5" y="851.0"/>
            <omgdi:waypoint x="1019.0" y="851.0"/>
            <omgdi:waypoint x="1019.0" y="284.0"/>
            <bpmndi:BPMNLabel labelStyle="sid-16a7d520-3c4f-4c43-991e-17592a325256">
               <omgdc:Bounds height="59.4000244140625" width="12.0" x="641.4995994931514" y="807.8003882998173"/>
            </bpmndi:BPMNLabel>
         </bpmndi:BPMNEdge>
         <bpmndi:BPMNEdge bpmnElement="sid-AA339563-44D4-49A7-ABC0-DDE478233592" id="sid-AA339563-44D4-49A7-ABC0-DDE478233592_gui">
            <omgdi:waypoint x="495.0" y="801.3484705513159"/>
            <omgdi:waypoint x="350.0424991409641" y="801.8131294188433"/>
            <omgdi:waypoint x="350.0424991409641" y="780.3003882998173"/>
            <omgdi:waypoint x="205.943541550995" y="780.3003882998173"/>
         </bpmndi:BPMNEdge>
         <bpmndi:BPMNEdge bpmnElement="sid-F8CE48E1-5762-4325-9F24-0B85A4C175DC" id="sid-F8CE48E1-5762-4325-9F24-0B85A4C175DC_gui">
            <omgdi:waypoint x="215.0" y="208.610728121392"/>
            <omgdi:waypoint x="237.5" y="208.610728121392"/>
            <omgdi:waypoint x="237.5" y="269.5"/>
            <omgdi:waypoint x="260.0" y="269.5"/>
         </bpmndi:BPMNEdge>
         <bpmndi:BPMNEdge bpmnElement="sid-ADCE5C9C-AF13-4F75-914D-844C04DFE459" id="sid-ADCE5C9C-AF13-4F75-914D-844C04DFE459_gui">
            <omgdi:waypoint x="360.0" y="269.5"/>
            <omgdi:waypoint x="375.0" y="269.5"/>
            <omgdi:waypoint x="375.0" y="270.5"/>
            <omgdi:waypoint x="390.0" y="270.5"/>
         </bpmndi:BPMNEdge>
         <bpmndi:BPMNEdge bpmnElement="sid-F3575B58-BA0C-48CA-BB0D-0FFAC2358F45" id="sid-F3575B58-BA0C-48CA-BB0D-0FFAC2358F45_gui">
            <omgdi:waypoint x="215.0" y="352.0"/>
            <omgdi:waypoint x="237.5" y="352.0"/>
            <omgdi:waypoint x="237.5" y="269.5"/>
            <omgdi:waypoint x="260.0" y="269.5"/>
         </bpmndi:BPMNEdge>
         <bpmndi:BPMNEdge bpmnElement="sid-22179B0D-B849-4DA2-BE6F-3F7B0A45AFA2" id="sid-22179B0D-B849-4DA2-BE6F-3F7B0A45AFA2_gui">
            <omgdi:waypoint x="191.0443368628801" y="103.06488522635934"/>
            <omgdi:waypoint x="190.0156934951523" y="168.610728121392"/>
         </bpmndi:BPMNEdge>
         <bpmndi:BPMNEdge bpmnElement="sid-C2210B9A-7095-4813-9366-EFD1E6355F99" id="sid-C2210B9A-7095-4813-9366-EFD1E6355F99_gui">
            <omgdi:waypoint x="289.08128487464234" y="306.0"/>
            <omgdi:waypoint x="288.9569618743305" y="362.50901688657154"/>
            <omgdi:waypoint x="318.0" y="362.50901688657154"/>
            <omgdi:waypoint x="318.0" y="722.0"/>
            <omgdi:waypoint x="191.943541550995" y="722.0"/>
            <omgdi:waypoint x="191.943541550995" y="766.3003882998173"/>
         </bpmndi:BPMNEdge>
      </bpmndi:BPMNPlane>
      <bpmndi:BPMNLabelStyle id="sid-16a7d520-3c4f-4c43-991e-17592a325256">
         <omgdc:Font isBold="false" isItalic="false" isStrikeThrough="false" isUnderline="false" name="Arial" size="11.0"/>
      </bpmndi:BPMNLabelStyle>
      <bpmndi:BPMNLabelStyle id="sid-682dbf96-650e-45f4-a07d-94277046ef25">
         <omgdc:Font isBold="false" isItalic="false" isStrikeThrough="false" isUnderline="false" name="Arial" size="12.0"/>
      </bpmndi:BPMNLabelStyle>
   </bpmndi:BPMNDiagram>
</definitions>
