<?xml version="1.0" encoding="UTF-8"?><definitions xmlns="http://www.omg.org/spec/BPMN/20100524/MODEL" xmlns:bpmndi="http://www.omg.org/spec/BPMN/20100524/DI" xmlns:omgdc="http://www.omg.org/spec/DD/20100524/DC" xmlns:omgdi="http://www.omg.org/spec/DD/20100524/DI" xmlns:signavio="http://www.signavio.com" xmlns:xsi="http://www.w3.org/2001/XMLSchema-instance" exporter="Signavio Process Editor, http://www.signavio.com" exporterVersion="11.10.0" expressionLanguage="http://www.w3.org/TR/XPath" id="sid-fd7a9774-d486-40fb-8bb5-49f9662ffa4c" targetNamespace="http://www.signavio.com" typeLanguage="http://www.w3.org/2001/XMLSchema" xsi:schemaLocation="http://www.omg.org/spec/BPMN/20100524/MODEL http://www.omg.org/spec/BPMN/2.0/20100501/BPMN20.xsd">
   <error id="sid-083c79af-6978-4c07-b06d-ef8c5d526436"/>
   <dataStore capacity="0" id="sid-d8b332ff-d754-42eb-9322-7f45600e5dfd" isUnlimited="false" name="Event's data source"/>
   <process id="sid-19afcd79-e221-4c71-86bb-96be89b456ea" isClosed="false" isExecutable="false" processType="None">
      <extensionElements>
         <signavio:signavioDiagramMetaData metaKey="businessunit" metaValue=""/>
         <signavio:signavioDiagramMetaData metaKey="iso9000ff" metaValue=""/>
         <signavio:signavioDiagramMetaData metaKey="processowner" metaValue=""/>
         <signavio:signavioDiagramMetaData metaKey="processgoal" metaValue=""/>
         <signavio:signavioDiagramMetaData metaKey="soxrelevant" metaValue=""/>
         <signavio:signavioDiagramMetaData metaKey="revisionid" metaValue="9d5c2d074245484ca8fd8fc9d197e78b"/>
      </extensionElements>
      <startEvent id="sid-D048E5D3-63FD-4DCA-A14E-9FA125336FEE" name="">
         <extensionElements>
            <signavio:signavioMetaData metaKey="bgcolor" metaValue="#ffffff"/>
            <signavio:signavioMetaData metaKey="bordercolor" metaValue="#000000"/>
         </extensionElements>
         <outgoing>sid-B058F88E-FDFD-431B-8701-9D7B35C5E824</outgoing>
      </startEvent>
      <task completionQuantity="1" id="sid-183FCB2B-A0CB-42A6-9E24-5A8BAD2D4660" isForCompensation="false" name="Select the type of events to show" startQuantity="1">
         <extensionElements>
            <signavio:signavioMetaData metaKey="bgcolor" metaValue="#ffffcc"/>
            <signavio:signavioMetaData metaKey="bordercolor" metaValue="#000000"/>
            <signavio:signavioMetaData metaKey="risklevel" metaValue=""/>
            <signavio:signavioMetaData metaKey="externaldocuments" metaValue=""/>
         </extensionElements>
         <incoming>sid-B058F88E-FDFD-431B-8701-9D7B35C5E824</incoming>
         <outgoing>sid-3E67E98B-8C26-4FDD-9C46-A09135F62E17</outgoing>
      </task>
      <boundaryEvent attachedToRef="sid-183FCB2B-A0CB-42A6-9E24-5A8BAD2D4660" cancelActivity="true" id="sid-5D8056CB-20C4-464F-93E8-A78EDF2044A1" name="Selection is canceled" parallelMultiple="false">
         <outgoing>sid-E063F738-E6F2-4EF7-B36C-2C5D99D85D29</outgoing>
         <errorEventDefinition errorRef="sid-083c79af-6978-4c07-b06d-ef8c5d526436" id="sid-8d4eeac9-7ec4-4a41-9334-1498034375a4"/>
      </boundaryEvent>
      <task completionQuantity="1" id="sid-F63C5F22-A7FA-429B-B00C-8D9E9BF232B4" isForCompensation="false" name="Enable the hot spots and weaknesses on the map" startQuantity="1">
         <extensionElements>
            <signavio:signavioMetaData metaKey="bgcolor" metaValue="#ffffcc"/>
            <signavio:signavioMetaData metaKey="bordercolor" metaValue="#000000"/>
            <signavio:signavioMetaData metaKey="risklevel" metaValue=""/>
            <signavio:signavioMetaData metaKey="externaldocuments" metaValue=""/>
         </extensionElements>
         <incoming>sid-B3889DEB-5801-4491-994D-D783058A09D0</incoming>
         <outgoing>sid-61E42859-28D8-4CFA-803D-C2A2C127B021</outgoing>
      </task>
      <endEvent id="sid-714D4042-E499-433B-A80F-50ECCEAA0D9D" name="">
         <extensionElements>
            <signavio:signavioMetaData metaKey="bgcolor" metaValue="#ffffff"/>
            <signavio:signavioMetaData metaKey="bordercolor" metaValue="#000000"/>
         </extensionElements>
         <incoming>sid-E063F738-E6F2-4EF7-B36C-2C5D99D85D29</incoming>
         <incoming>sid-A515AF23-1B9C-4426-B171-EA671E564DCE</incoming>
         <incoming>sid-A699DB26-ADC1-4D84-8710-4AFF24301B84</incoming>
         <incoming>sid-15D2DAA4-20CE-40DF-855F-272F991D697B</incoming>
      </endEvent>
      <boundaryEvent attachedToRef="sid-F63C5F22-A7FA-429B-B00C-8D9E9BF232B4" cancelActivity="true" id="sid-7696D3C9-7FC0-4FCE-9EB8-E4913FE7A91F" name="Selection is canceled" parallelMultiple="false">
         <outgoing>sid-A515AF23-1B9C-4426-B171-EA671E564DCE</outgoing>
         <errorEventDefinition errorRef="sid-083c79af-6978-4c07-b06d-ef8c5d526436" id="sid-748aeaaf-b42e-4d3d-8040-9d76eb80e736"/>
      </boundaryEvent>
      <endEvent id="sid-BFB7FC6F-4323-4B59-A6BB-4F361838700B" name="">
         <extensionElements>
            <signavio:signavioMetaData metaKey="bgcolor" metaValue="#ffffff"/>
            <signavio:signavioMetaData metaKey="bordercolor" metaValue="#000000"/>
         </extensionElements>
         <incoming>sid-61E42859-28D8-4CFA-803D-C2A2C127B021</incoming>
      </endEvent>
      <exclusiveGateway gatewayDirection="Diverging" id="sid-D0BA20AC-0DA7-4286-BD75-823077C28B65" name="Data source exists?">
         <extensionElements>
            <signavio:signavioMetaData metaKey="bgcolor" metaValue="#ffffff"/>
            <signavio:signavioMetaData metaKey="bordercolor" metaValue="#000000"/>
            <signavio:signavioLabel align="center" ref="text_name" valign="middle" x="31.0" y="61.0"/>
         </extensionElements>
         <incoming>sid-3E67E98B-8C26-4FDD-9C46-A09135F62E17</incoming>
         <outgoing>sid-0DF9C444-3F43-4677-A10D-B63BEFA19DC2</outgoing>
         <outgoing>sid-88A323CF-A0A9-41ED-99FB-7BA345A6F332</outgoing>
      </exclusiveGateway>
      <task completionQuantity="1" id="sid-1682B431-FF77-4D50-AC3E-27600B2D3BF2" isForCompensation="false" name="Add the source" startQuantity="1">
         <extensionElements>
            <signavio:signavioMetaData metaKey="bgcolor" metaValue="#ffffcc"/>
            <signavio:signavioMetaData metaKey="bordercolor" metaValue="#000000"/>
            <signavio:signavioMetaData metaKey="risklevel" metaValue=""/>
            <signavio:signavioMetaData metaKey="externaldocuments" metaValue=""/>
         </extensionElements>
         <incoming>sid-0DF9C444-3F43-4677-A10D-B63BEFA19DC2</incoming>
         <outgoing>sid-08D7FCD5-43F3-4F63-8221-4A396FEC8C71</outgoing>
      </task>
      <task completionQuantity="1" id="sid-E0760A4B-197E-4967-9A3C-33DAE56D3616" isForCompensation="false" name="Select a data source" startQuantity="1">
         <extensionElements>
            <signavio:signavioMetaData metaKey="bgcolor" metaValue="#ffffcc"/>
            <signavio:signavioMetaData metaKey="bordercolor" metaValue="#000000"/>
            <signavio:signavioMetaData metaKey="risklevel" metaValue=""/>
            <signavio:signavioMetaData metaKey="externaldocuments" metaValue="[]"/>
         </extensionElements>
         <incoming>sid-88A323CF-A0A9-41ED-99FB-7BA345A6F332</incoming>
         <incoming>sid-08D7FCD5-43F3-4F63-8221-4A396FEC8C71</incoming>
         <outgoing>sid-B3889DEB-5801-4491-994D-D783058A09D0</outgoing>
         <dataInputAssociation id="sid-5D3B63B1-60A2-493F-BAA7-EC886DF6ECDA">
            <extensionElements>
               <signavio:signavioMetaData metaKey="bordercolor" metaValue="#000000"/>
            </extensionElements>
            <sourceRef>sid-3DA28519-B0D4-47B8-8E79-D76F14DA67EC</sourceRef>
            <targetRef>sid-E0760A4B-197E-4967-9A3C-33DAE56D3616</targetRef>
         </dataInputAssociation>
      </task>
      <boundaryEvent attachedToRef="sid-1682B431-FF77-4D50-AC3E-27600B2D3BF2" cancelActivity="true" id="sid-911A1486-75D5-4ACE-928A-C1A8B8860186" name="Selection is canceled" parallelMultiple="false">
         <outgoing>sid-15D2DAA4-20CE-40DF-855F-272F991D697B</outgoing>
         <errorEventDefinition errorRef="sid-083c79af-6978-4c07-b06d-ef8c5d526436" id="sid-11b40afe-58e5-40b0-962a-d6fdb749c66f"/>
      </boundaryEvent>
      <boundaryEvent attachedToRef="sid-E0760A4B-197E-4967-9A3C-33DAE56D3616" cancelActivity="true" id="sid-0AB626C7-9467-438A-AD21-755F26EC1FC2" name="Selection is canceled" parallelMultiple="false">
         <outgoing>sid-A699DB26-ADC1-4D84-8710-4AFF24301B84</outgoing>
         <errorEventDefinition errorRef="sid-083c79af-6978-4c07-b06d-ef8c5d526436" id="sid-cde47207-9444-4907-8d00-c33ae4e10284"/>
      </boundaryEvent>
      <sequenceFlow id="sid-B058F88E-FDFD-431B-8701-9D7B35C5E824" name="" sourceRef="sid-D048E5D3-63FD-4DCA-A14E-9FA125336FEE" targetRef="sid-183FCB2B-A0CB-42A6-9E24-5A8BAD2D4660">
         <extensionElements>
            <signavio:signavioMetaData metaKey="bordercolor" metaValue="#000000"/>
         </extensionElements>
      </sequenceFlow>
      <sequenceFlow id="sid-E063F738-E6F2-4EF7-B36C-2C5D99D85D29" name="" sourceRef="sid-5D8056CB-20C4-464F-93E8-A78EDF2044A1" targetRef="sid-714D4042-E499-433B-A80F-50ECCEAA0D9D">
         <extensionElements>
            <signavio:signavioMetaData metaKey="bordercolor" metaValue="#000000"/>
         </extensionElements>
      </sequenceFlow>
      <sequenceFlow id="sid-A515AF23-1B9C-4426-B171-EA671E564DCE" name="" sourceRef="sid-7696D3C9-7FC0-4FCE-9EB8-E4913FE7A91F" targetRef="sid-714D4042-E499-433B-A80F-50ECCEAA0D9D">
         <extensionElements>
            <signavio:signavioMetaData metaKey="bordercolor" metaValue="#000000"/>
         </extensionElements>
      </sequenceFlow>
      <sequenceFlow id="sid-61E42859-28D8-4CFA-803D-C2A2C127B021" name="" sourceRef="sid-F63C5F22-A7FA-429B-B00C-8D9E9BF232B4" targetRef="sid-BFB7FC6F-4323-4B59-A6BB-4F361838700B">
         <extensionElements>
            <signavio:signavioMetaData metaKey="bordercolor" metaValue="#000000"/>
         </extensionElements>
      </sequenceFlow>
      <sequenceFlow id="sid-0DF9C444-3F43-4677-A10D-B63BEFA19DC2" name="No" sourceRef="sid-D0BA20AC-0DA7-4286-BD75-823077C28B65" targetRef="sid-1682B431-FF77-4D50-AC3E-27600B2D3BF2">
         <extensionElements>
            <signavio:signavioMetaData metaKey="bordercolor" metaValue="#000000"/>
         </extensionElements>
      </sequenceFlow>
      <sequenceFlow id="sid-3E67E98B-8C26-4FDD-9C46-A09135F62E17" name="" sourceRef="sid-183FCB2B-A0CB-42A6-9E24-5A8BAD2D4660" targetRef="sid-D0BA20AC-0DA7-4286-BD75-823077C28B65">
         <extensionElements>
            <signavio:signavioMetaData metaKey="bordercolor" metaValue="#000000"/>
         </extensionElements>
      </sequenceFlow>
      <sequenceFlow id="sid-B3889DEB-5801-4491-994D-D783058A09D0" name="" sourceRef="sid-E0760A4B-197E-4967-9A3C-33DAE56D3616" targetRef="sid-F63C5F22-A7FA-429B-B00C-8D9E9BF232B4">
         <extensionElements>
            <signavio:signavioMetaData metaKey="bordercolor" metaValue="#000000"/>
         </extensionElements>
      </sequenceFlow>
      <sequenceFlow id="sid-88A323CF-A0A9-41ED-99FB-7BA345A6F332" name="Yes" sourceRef="sid-D0BA20AC-0DA7-4286-BD75-823077C28B65" targetRef="sid-E0760A4B-197E-4967-9A3C-33DAE56D3616">
         <extensionElements>
            <signavio:signavioMetaData metaKey="bordercolor" metaValue="#000000"/>
         </extensionElements>
      </sequenceFlow>
      <sequenceFlow id="sid-08D7FCD5-43F3-4F63-8221-4A396FEC8C71" name="" sourceRef="sid-1682B431-FF77-4D50-AC3E-27600B2D3BF2" targetRef="sid-E0760A4B-197E-4967-9A3C-33DAE56D3616">
         <extensionElements>
            <signavio:signavioMetaData metaKey="bordercolor" metaValue="#000000"/>
         </extensionElements>
      </sequenceFlow>
      <sequenceFlow id="sid-A699DB26-ADC1-4D84-8710-4AFF24301B84" name="" sourceRef="sid-0AB626C7-9467-438A-AD21-755F26EC1FC2" targetRef="sid-714D4042-E499-433B-A80F-50ECCEAA0D9D">
         <extensionElements>
            <signavio:signavioMetaData metaKey="bordercolor" metaValue="#000000"/>
         </extensionElements>
      </sequenceFlow>
      <sequenceFlow id="sid-15D2DAA4-20CE-40DF-855F-272F991D697B" name="" sourceRef="sid-911A1486-75D5-4ACE-928A-C1A8B8860186" targetRef="sid-714D4042-E499-433B-A80F-50ECCEAA0D9D">
         <extensionElements>
            <signavio:signavioMetaData metaKey="bordercolor" metaValue="#000000"/>
         </extensionElements>
      </sequenceFlow>
      <dataStoreReference dataStoreRef="sid-d8b332ff-d754-42eb-9322-7f45600e5dfd" id="sid-3DA28519-B0D4-47B8-8E79-D76F14DA67EC" name="Event's data source">
         <extensionElements>
            <signavio:signavioMetaData metaKey="bgcolor" metaValue="#ffffff"/>
            <signavio:signavioMetaData metaKey="bordercolor" metaValue="#000000"/>
         </extensionElements>
      </dataStoreReference>
   </process>
   <bpmndi:BPMNDiagram id="sid-23fd0a6a-f49d-4328-b9d9-70c52303022c">
      <bpmndi:BPMNPlane bpmnElement="sid-19afcd79-e221-4c71-86bb-96be89b456ea" id="sid-32690e1b-7e4a-451c-8e3d-61c1bac67914">
         <bpmndi:BPMNShape bpmnElement="sid-D048E5D3-63FD-4DCA-A14E-9FA125336FEE" id="sid-D048E5D3-63FD-4DCA-A14E-9FA125336FEE_gui">
            <omgdc:Bounds height="30.0" width="30.0" x="60.0" y="330.0"/>
         </bpmndi:BPMNShape>
         <bpmndi:BPMNShape bpmnElement="sid-183FCB2B-A0CB-42A6-9E24-5A8BAD2D4660" id="sid-183FCB2B-A0CB-42A6-9E24-5A8BAD2D4660_gui">
            <omgdc:Bounds height="80.0" width="100.0" x="135.0" y="305.0"/>
            <bpmndi:BPMNLabel labelStyle="sid-3c0141ce-bfb4-4a52-afa8-0ceeece0d9c0">
               <omgdc:Bounds height="36.0" width="81.77142333984375" x="144.11428833007812" y="325.0"/>
            </bpmndi:BPMNLabel>
         </bpmndi:BPMNShape>
         <bpmndi:BPMNShape bpmnElement="sid-5D8056CB-20C4-464F-93E8-A78EDF2044A1" id="sid-5D8056CB-20C4-464F-93E8-A78EDF2044A1_gui">
            <omgdc:Bounds height="30.0" width="30.0" x="183.33333333333334" y="370.0"/>
            <bpmndi:BPMNLabel labelStyle="sid-e294eea6-69c8-4bc8-b189-d1267e6c5243">
               <omgdc:Bounds height="11.0" width="101.12142944335938" x="147.77261861165366" y="402.0"/>
            </bpmndi:BPMNLabel>
         </bpmndi:BPMNShape>
         <bpmndi:BPMNShape bpmnElement="sid-F63C5F22-A7FA-429B-B00C-8D9E9BF232B4" id="sid-F63C5F22-A7FA-429B-B00C-8D9E9BF232B4_gui">
            <omgdc:Bounds height="80.0" width="100.0" x="585.0" y="305.0"/>
            <bpmndi:BPMNLabel labelStyle="sid-3c0141ce-bfb4-4a52-afa8-0ceeece0d9c0">
               <omgdc:Bounds height="48.0" width="82.5428466796875" x="593.7285766601562" y="319.0"/>
            </bpmndi:BPMNLabel>
         </bpmndi:BPMNShape>
         <bpmndi:BPMNShape bpmnElement="sid-714D4042-E499-433B-A80F-50ECCEAA0D9D" id="sid-714D4042-E499-433B-A80F-50ECCEAA0D9D_gui">
            <omgdc:Bounds height="28.0" width="28.0" x="184.36798557851685" y="510.0"/>
         </bpmndi:BPMNShape>
         <bpmndi:BPMNShape bpmnElement="sid-7696D3C9-7FC0-4FCE-9EB8-E4913FE7A91F" id="sid-7696D3C9-7FC0-4FCE-9EB8-E4913FE7A91F_gui">
            <omgdc:Bounds height="30.0" width="30.0" x="614.8114079693097" y="370.0"/>
            <bpmndi:BPMNLabel labelStyle="sid-e294eea6-69c8-4bc8-b189-d1267e6c5243">
               <omgdc:Bounds height="11.0" width="101.12142944335938" x="579.25069324763" y="402.0"/>
            </bpmndi:BPMNLabel>
         </bpmndi:BPMNShape>
         <bpmndi:BPMNShape bpmnElement="sid-BFB7FC6F-4323-4B59-A6BB-4F361838700B" id="sid-BFB7FC6F-4323-4B59-A6BB-4F361838700B_gui">
            <omgdc:Bounds height="28.0" width="28.0" x="765.0" y="331.0"/>
         </bpmndi:BPMNShape>
         <bpmndi:BPMNShape bpmnElement="sid-D0BA20AC-0DA7-4286-BD75-823077C28B65" id="sid-D0BA20AC-0DA7-4286-BD75-823077C28B65_gui" isMarkerVisible="true">
            <omgdc:Bounds height="40.0" width="40.0" x="306.7359711570337" y="325.0"/>
            <bpmndi:BPMNLabel labelStyle="sid-e294eea6-69c8-4bc8-b189-d1267e6c5243">
               <omgdc:Bounds height="12.0" width="108.0" x="283.7359711570337" y="378.0"/>
            </bpmndi:BPMNLabel>
         </bpmndi:BPMNShape>
         <bpmndi:BPMNShape bpmnElement="sid-1682B431-FF77-4D50-AC3E-27600B2D3BF2" id="sid-1682B431-FF77-4D50-AC3E-27600B2D3BF2_gui">
            <omgdc:Bounds height="80.0" width="100.0" x="360.0" y="180.0"/>
            <bpmndi:BPMNLabel labelStyle="sid-3c0141ce-bfb4-4a52-afa8-0ceeece0d9c0">
               <omgdc:Bounds height="12.0" width="83.31428527832031" x="368.34285736083984" y="212.0"/>
            </bpmndi:BPMNLabel>
         </bpmndi:BPMNShape>
         <bpmndi:BPMNShape bpmnElement="sid-E0760A4B-197E-4967-9A3C-33DAE56D3616" id="sid-E0760A4B-197E-4967-9A3C-33DAE56D3616_gui">
            <omgdc:Bounds height="80.0" width="100.0" x="440.0" y="305.0"/>
            <bpmndi:BPMNLabel labelStyle="sid-3c0141ce-bfb4-4a52-afa8-0ceeece0d9c0">
               <omgdc:Bounds height="24.0" width="70.19999694824219" x="454.9000015258789" y="331.0"/>
            </bpmndi:BPMNLabel>
         </bpmndi:BPMNShape>
         <bpmndi:BPMNShape bpmnElement="sid-911A1486-75D5-4ACE-928A-C1A8B8860186" id="sid-911A1486-75D5-4ACE-928A-C1A8B8860186_gui">
            <omgdc:Bounds height="30.0" width="30.0" x="382.5" y="245.0"/>
            <bpmndi:BPMNLabel labelStyle="sid-e294eea6-69c8-4bc8-b189-d1267e6c5243">
               <omgdc:Bounds height="11.0" width="101.12142944335938" x="346.9392852783203" y="277.0"/>
            </bpmndi:BPMNLabel>
         </bpmndi:BPMNShape>
         <bpmndi:BPMNShape bpmnElement="sid-0AB626C7-9467-438A-AD21-755F26EC1FC2" id="sid-0AB626C7-9467-438A-AD21-755F26EC1FC2_gui">
            <omgdc:Bounds height="30.0" width="30.0" x="471.7567567567568" y="370.0"/>
            <bpmndi:BPMNLabel labelStyle="sid-e294eea6-69c8-4bc8-b189-d1267e6c5243">
               <omgdc:Bounds height="11.0" width="101.12142944335938" x="436.1960420350771" y="402.0"/>
            </bpmndi:BPMNLabel>
         </bpmndi:BPMNShape>
         <bpmndi:BPMNShape bpmnElement="sid-3DA28519-B0D4-47B8-8E79-D76F14DA67EC" id="sid-3DA28519-B0D4-47B8-8E79-D76F14DA67EC_gui">
            <omgdc:Bounds height="60.173" width="62.000999999999976" x="505.0" y="156.36095995607002"/>
            <bpmndi:BPMNLabel labelStyle="sid-3c0141ce-bfb4-4a52-afa8-0ceeece0d9c0">
               <omgdc:Bounds height="12.0" width="107.99999618530273" x="481.0750026702881" y="221.69895739259346"/>
            </bpmndi:BPMNLabel>
         </bpmndi:BPMNShape>
         <bpmndi:BPMNEdge bpmnElement="sid-B058F88E-FDFD-431B-8701-9D7B35C5E824" id="sid-B058F88E-FDFD-431B-8701-9D7B35C5E824_gui">
            <omgdi:waypoint x="90.0" y="345.0"/>
            <omgdi:waypoint x="135.0" y="345.0"/>
         </bpmndi:BPMNEdge>
         <bpmndi:BPMNEdge bpmnElement="sid-E063F738-E6F2-4EF7-B36C-2C5D99D85D29" id="sid-E063F738-E6F2-4EF7-B36C-2C5D99D85D29_gui">
            <omgdi:waypoint x="198.33707278425243" y="400.0"/>
            <omgdi:waypoint x="198.3644954243257" y="510.0"/>
         </bpmndi:BPMNEdge>
         <bpmndi:BPMNEdge bpmnElement="sid-A515AF23-1B9C-4426-B171-EA671E564DCE" id="sid-A515AF23-1B9C-4426-B171-EA671E564DCE_gui">
            <omgdi:waypoint x="629.7828333245412" y="400.0"/>
            <omgdi:waypoint x="629.6875845086464" y="450.0"/>
            <omgdi:waypoint x="198.36798557851685" y="450.0"/>
            <omgdi:waypoint x="198.36798557851685" y="510.0"/>
         </bpmndi:BPMNEdge>
         <bpmndi:BPMNEdge bpmnElement="sid-61E42859-28D8-4CFA-803D-C2A2C127B021" id="sid-61E42859-28D8-4CFA-803D-C2A2C127B021_gui">
            <omgdi:waypoint x="685.0" y="345.0"/>
            <omgdi:waypoint x="765.0" y="345.0"/>
         </bpmndi:BPMNEdge>
         <bpmndi:BPMNEdge bpmnElement="sid-0DF9C444-3F43-4677-A10D-B63BEFA19DC2" id="sid-0DF9C444-3F43-4677-A10D-B63BEFA19DC2_gui">
            <omgdi:waypoint x="327.2359711570337" y="325.0"/>
            <omgdi:waypoint x="327.2359711570337" y="220.0"/>
            <omgdi:waypoint x="360.0" y="220.0"/>
            <bpmndi:BPMNLabel labelStyle="sid-e294eea6-69c8-4bc8-b189-d1267e6c5243">
               <omgdc:Bounds height="14.657135009765625" width="12.0" x="307.2359711570337" y="302.34284371562745"/>
            </bpmndi:BPMNLabel>
         </bpmndi:BPMNEdge>
         <bpmndi:BPMNEdge bpmnElement="sid-3E67E98B-8C26-4FDD-9C46-A09135F62E17" id="sid-3E67E98B-8C26-4FDD-9C46-A09135F62E17_gui">
            <omgdi:waypoint x="235.0" y="345.0"/>
            <omgdi:waypoint x="306.7359711570337" y="345.0"/>
         </bpmndi:BPMNEdge>
         <bpmndi:BPMNEdge bpmnElement="sid-B3889DEB-5801-4491-994D-D783058A09D0" id="sid-B3889DEB-5801-4491-994D-D783058A09D0_gui">
            <omgdi:waypoint x="540.0" y="345.0"/>
            <omgdi:waypoint x="585.0" y="345.0"/>
         </bpmndi:BPMNEdge>
         <bpmndi:BPMNEdge bpmnElement="sid-88A323CF-A0A9-41ED-99FB-7BA345A6F332" id="sid-88A323CF-A0A9-41ED-99FB-7BA345A6F332_gui">
            <omgdi:waypoint x="346.7359711570337" y="345.4400973294326"/>
            <omgdi:waypoint x="440.0" y="345.15359659119844"/>
            <bpmndi:BPMNLabel labelStyle="sid-e294eea6-69c8-4bc8-b189-d1267e6c5243">
               <omgdc:Bounds height="12.059183004166869" width="19.322474805518027" x="354.61751332443424" y="325.35628422345576"/>
            </bpmndi:BPMNLabel>
         </bpmndi:BPMNEdge>
         <bpmndi:BPMNEdge bpmnElement="sid-08D7FCD5-43F3-4F63-8221-4A396FEC8C71" id="sid-08D7FCD5-43F3-4F63-8221-4A396FEC8C71_gui">
            <omgdi:waypoint x="460.0" y="220.0"/>
            <omgdi:waypoint x="490.0" y="220.0"/>
            <omgdi:waypoint x="490.0" y="305.0"/>
         </bpmndi:BPMNEdge>
         <bpmndi:BPMNEdge bpmnElement="sid-A699DB26-ADC1-4D84-8710-4AFF24301B84" id="sid-A699DB26-ADC1-4D84-8710-4AFF24301B84_gui">
            <omgdi:waypoint x="486.75198488884763" y="400.0"/>
            <omgdi:waypoint x="486.7360786624839" y="450.0"/>
            <omgdi:waypoint x="198.36798557851685" y="450.0"/>
            <omgdi:waypoint x="198.36798557851685" y="510.0"/>
         </bpmndi:BPMNEdge>
         <bpmndi:BPMNEdge bpmnElement="sid-15D2DAA4-20CE-40DF-855F-272F991D697B" id="sid-15D2DAA4-20CE-40DF-855F-272F991D697B_gui">
            <omgdi:waypoint x="397.48107779659455" y="275.0"/>
            <omgdi:waypoint x="397.2603187568641" y="450.0"/>
            <omgdi:waypoint x="198.36798557851685" y="450.0"/>
            <omgdi:waypoint x="198.36798557851685" y="510.0"/>
         </bpmndi:BPMNEdge>
         <bpmndi:BPMNEdge bpmnElement="sid-5D3B63B1-60A2-493F-BAA7-EC886DF6ECDA" id="sid-5D3B63B1-60A2-493F-BAA7-EC886DF6ECDA_gui">
            <omgdi:waypoint x="535.5755" y="216.53395995607002"/>
            <omgdi:waypoint x="535.5755" y="261.0"/>
            <omgdi:waypoint x="490.0" y="261.0"/>
            <omgdi:waypoint x="490.0" y="305.0"/>
         </bpmndi:BPMNEdge>
      </bpmndi:BPMNPlane>
      <bpmndi:BPMNLabelStyle id="sid-e294eea6-69c8-4bc8-b189-d1267e6c5243">
         <omgdc:Font isBold="false" isItalic="false" isStrikeThrough="false" isUnderline="false" name="Arial" size="11.0"/>
      </bpmndi:BPMNLabelStyle>
      <bpmndi:BPMNLabelStyle id="sid-3c0141ce-bfb4-4a52-afa8-0ceeece0d9c0">
         <omgdc:Font isBold="false" isItalic="false" isStrikeThrough="false" isUnderline="false" name="Arial" size="12.0"/>
      </bpmndi:BPMNLabelStyle>
   </bpmndi:BPMNDiagram>
</definitions>
