<?xml version="1.0" encoding="UTF-8"?><definitions xmlns="http://www.omg.org/spec/BPMN/20100524/MODEL" xmlns:bpmndi="http://www.omg.org/spec/BPMN/20100524/DI" xmlns:omgdc="http://www.omg.org/spec/DD/20100524/DC" xmlns:omgdi="http://www.omg.org/spec/DD/20100524/DI" xmlns:signavio="http://www.signavio.com" xmlns:xsi="http://www.w3.org/2001/XMLSchema-instance" exporter="Signavio Process Editor, http://www.signavio.com" exporterVersion="11.10.0" expressionLanguage="http://www.w3.org/TR/XPath" id="sid-6a23862e-89d7-4563-9e4f-85f1c9fdb29a" targetNamespace="http://www.signavio.com" typeLanguage="http://www.w3.org/2001/XMLSchema" xsi:schemaLocation="http://www.omg.org/spec/BPMN/20100524/MODEL http://www.omg.org/spec/BPMN/2.0/20100501/BPMN20.xsd">
   <dataStore capacity="0" id="sid-dc1fcaea-f722-46be-b246-e75c8c8a4f94" isUnlimited="false" name="Weather resource"/>
   <error id="sid-83764f34-584e-4060-ab86-42d82cf52e77"/>
   <process id="sid-fa7ca46a-ffbe-4dd2-bd75-58b65f7ca749" isClosed="false" isExecutable="false" processType="None">
      <extensionElements>
         <signavio:signavioDiagramMetaData metaKey="businessunit" metaValue=""/>
         <signavio:signavioDiagramMetaData metaKey="iso9000ff" metaValue=""/>
         <signavio:signavioDiagramMetaData metaKey="processowner" metaValue=""/>
         <signavio:signavioDiagramMetaData metaKey="processgoal" metaValue=""/>
         <signavio:signavioDiagramMetaData metaKey="soxrelevant" metaValue=""/>
         <signavio:signavioDiagramMetaData metaKey="revisionid" metaValue="bc8634304cc04fff86397542ee104919"/>
      </extensionElements>
      <dataObject id="sid-e97b8842-a03b-4d50-b677-c411a5a3890a" isCollection="false" name="List of events"/>
      <startEvent id="sid-6FF066F3-7632-450D-AB5D-D8861C3D72CE" name="">
         <extensionElements>
            <signavio:signavioMetaData metaKey="bgcolor" metaValue="#ffffff"/>
            <signavio:signavioMetaData metaKey="bordercolor" metaValue="#000000"/>
         </extensionElements>
         <outgoing>sid-46E54203-3D1A-4D90-B6F7-C5AC733515CB</outgoing>
      </startEvent>
      <endEvent id="sid-F08E9EE5-A50A-42A7-888C-F4375110E4E1" name="Weather successfully set">
         <extensionElements>
            <signavio:signavioMetaData metaKey="bgcolor" metaValue="#ffffff"/>
            <signavio:signavioMetaData metaKey="bordercolor" metaValue="#000000"/>
         </extensionElements>
         <incoming>sid-2C74EF6E-B6FB-4D8B-BDAD-7F58531E7593</incoming>
         <incoming>sid-5B16C063-DBE8-4161-A6EE-1FE050D89917</incoming>
         <incoming>sid-B1058C7A-5B1D-49BA-AD9F-B7BC812F80FF</incoming>
         <incoming>sid-538C0107-C48D-45C3-B229-6B71A0EE135A</incoming>
      </endEvent>
      <exclusiveGateway gatewayDirection="Diverging" id="sid-1FFDAB39-D132-4B8A-8FC3-C370471BF5A2" name="">
         <extensionElements>
            <signavio:signavioMetaData metaKey="bgcolor" metaValue="#ffffff"/>
            <signavio:signavioMetaData metaKey="bordercolor" metaValue="#000000"/>
         </extensionElements>
         <incoming>sid-80E3CCA8-6F58-448F-9D1B-CFD998131B35</incoming>
         <outgoing>sid-F725DF5A-8772-499B-A06D-E2D622927C15</outgoing>
         <outgoing>sid-09AEABA7-C9C9-42E3-8F4C-285F7DE89618</outgoing>
      </exclusiveGateway>
      <userTask completionQuantity="1" id="sid-482A77D0-19FC-435C-81C0-58B1A7C8C2AD" implementation="##WebService" isForCompensation="false" name="Set weather type" startQuantity="1">
         <extensionElements>
            <signavio:signavioMetaData metaKey="bgcolor" metaValue="#ffffcc"/>
            <signavio:signavioMetaData metaKey="bordercolor" metaValue="#000000"/>
            <signavio:signavioMetaData metaKey="risklevel" metaValue=""/>
            <signavio:signavioMetaData metaKey="externaldocuments" metaValue="[]"/>
         </extensionElements>
         <incoming>sid-F725DF5A-8772-499B-A06D-E2D622927C15</incoming>
         <outgoing>sid-7E8D7FB3-E09D-4039-BF0A-63F7C32A83ED</outgoing>
      </userTask>
      <userTask completionQuantity="1" id="sid-7E5BF639-8DE2-450D-A2C9-6B1E7D3746E3" implementation="##WebService" isForCompensation="false" name="Select existed event" startQuantity="1">
         <extensionElements>
            <signavio:signavioMetaData metaKey="bgcolor" metaValue="#ffffcc"/>
            <signavio:signavioMetaData metaKey="bordercolor" metaValue="#000000"/>
            <signavio:signavioMetaData metaKey="risklevel" metaValue=""/>
            <signavio:signavioMetaData metaKey="externaldocuments" metaValue="[]"/>
         </extensionElements>
         <incoming>sid-09AEABA7-C9C9-42E3-8F4C-285F7DE89618</incoming>
         <outgoing>sid-11334716-DA7B-4E57-8CF2-1CC87E03970C</outgoing>
         <ioSpecification id="sid-29c04442-7e96-4c1a-9e66-bca92eeaac39">
            <dataOutput id="sid-700879d7-6f05-4b24-a546-a4cece1a41bb"/>
            <inputSet id="sid-817b399f-9a14-404b-9012-b1974367a124" name="DefaultInputSet">
               <outputSetRefs>sid-59184144-7011-4974-a697-dbbfeac09e47</outputSetRefs>
            </inputSet>
            <outputSet id="sid-59184144-7011-4974-a697-dbbfeac09e47" name="DefaultOutputSet">
               <dataOutputRefs>sid-700879d7-6f05-4b24-a546-a4cece1a41bb</dataOutputRefs>
               <inputSetRefs>sid-817b399f-9a14-404b-9012-b1974367a124</inputSetRefs>
            </outputSet>
         </ioSpecification>
         <dataOutputAssociation id="sid-8533AC73-BD14-4B9C-BEB1-FD4FB8FA39D4">
            <extensionElements>
               <signavio:signavioMetaData metaKey="bordercolor" metaValue="#000000"/>
            </extensionElements>
            <sourceRef>sid-700879d7-6f05-4b24-a546-a4cece1a41bb</sourceRef>
            <targetRef>sid-F1AD0A2E-515C-439B-BDB0-F349920432C4</targetRef>
         </dataOutputAssociation>
      </userTask>
      <exclusiveGateway gatewayDirection="Diverging" id="sid-C94FF387-35A7-4529-99A9-37BCE7FD4395" name="">
         <extensionElements>
            <signavio:signavioMetaData metaKey="bgcolor" metaValue="#ffffff"/>
            <signavio:signavioMetaData metaKey="bordercolor" metaValue="#000000"/>
         </extensionElements>
         <incoming>sid-11334716-DA7B-4E57-8CF2-1CC87E03970C</incoming>
         <outgoing>sid-43E3521C-F3F7-4F0E-80C4-85DBB7B6CFA1</outgoing>
         <outgoing>sid-98E008EC-A929-425C-BE9C-E3753F828263</outgoing>
      </exclusiveGateway>
      <userTask completionQuantity="1" id="sid-B1F2E7B4-0A1B-4CDD-AAAE-F7FD4FB9E6AD" implementation="##WebService" isForCompensation="false" name="Remove" startQuantity="1">
         <extensionElements>
            <signavio:signavioMetaData metaKey="bgcolor" metaValue="#ffffcc"/>
            <signavio:signavioMetaData metaKey="bordercolor" metaValue="#000000"/>
            <signavio:signavioMetaData metaKey="risklevel" metaValue=""/>
            <signavio:signavioMetaData metaKey="externaldocuments" metaValue="[]"/>
         </extensionElements>
         <incoming>sid-43E3521C-F3F7-4F0E-80C4-85DBB7B6CFA1</incoming>
         <outgoing>sid-2C74EF6E-B6FB-4D8B-BDAD-7F58531E7593</outgoing>
      </userTask>
      <userTask completionQuantity="1" id="sid-83215F94-9144-4850-B780-CECCEED28AF3" implementation="##WebService" isForCompensation="false" name="Change settings" startQuantity="1">
         <extensionElements>
            <signavio:signavioMetaData metaKey="bgcolor" metaValue="#ffffcc"/>
            <signavio:signavioMetaData metaKey="bordercolor" metaValue="#000000"/>
            <signavio:signavioMetaData metaKey="risklevel" metaValue=""/>
            <signavio:signavioMetaData metaKey="externaldocuments" metaValue="[]"/>
         </extensionElements>
         <incoming>sid-98E008EC-A929-425C-BE9C-E3753F828263</incoming>
         <outgoing>sid-5B16C063-DBE8-4161-A6EE-1FE050D89917</outgoing>
         <dataInputAssociation id="sid-44B8DC2D-0384-4D8D-BFAE-74365E1D968D">
            <extensionElements>
               <signavio:signavioMetaData metaKey="bordercolor" metaValue="#000000"/>
            </extensionElements>
            <sourceRef>sid-4C7A3787-16EF-4405-A961-7D70C8613E27</sourceRef>
            <targetRef>sid-83215F94-9144-4850-B780-CECCEED28AF3</targetRef>
         </dataInputAssociation>
      </userTask>
      <exclusiveGateway gatewayDirection="Diverging" id="sid-5AEF14D0-518B-40C2-94AD-39D333C82723" name="">
         <extensionElements>
            <signavio:signavioMetaData metaKey="bgcolor" metaValue="#ffffff"/>
            <signavio:signavioMetaData metaKey="bordercolor" metaValue="#000000"/>
         </extensionElements>
         <incoming>sid-7E8D7FB3-E09D-4039-BF0A-63F7C32A83ED</incoming>
         <outgoing>sid-3EC89EE8-3126-4A36-A1A2-3AF0B5903608</outgoing>
         <outgoing>sid-CF720605-354B-4A66-9E79-1CA56BF55CB7</outgoing>
      </exclusiveGateway>
      <userTask completionQuantity="1" id="sid-E5B0A76F-8C76-4EB4-8675-F10654728684" implementation="##WebService" isForCompensation="false" name="Set random weather" startQuantity="1">
         <extensionElements>
            <signavio:signavioMetaData metaKey="bgcolor" metaValue="#ffffcc"/>
            <signavio:signavioMetaData metaKey="bordercolor" metaValue="#000000"/>
            <signavio:signavioMetaData metaKey="risklevel" metaValue=""/>
            <signavio:signavioMetaData metaKey="externaldocuments" metaValue="[]"/>
         </extensionElements>
         <incoming>sid-3EC89EE8-3126-4A36-A1A2-3AF0B5903608</incoming>
         <outgoing>sid-B1058C7A-5B1D-49BA-AD9F-B7BC812F80FF</outgoing>
      </userTask>
      <userTask completionQuantity="1" id="sid-6ADA72A5-D7AC-4EBA-825E-F8C416EF1214" implementation="##WebService" isForCompensation="false" name="Set weather source" startQuantity="1">
         <extensionElements>
            <signavio:signavioMetaData metaKey="bgcolor" metaValue="#ffffcc"/>
            <signavio:signavioMetaData metaKey="bordercolor" metaValue="#000000"/>
            <signavio:signavioMetaData metaKey="risklevel" metaValue=""/>
            <signavio:signavioMetaData metaKey="externaldocuments" metaValue="[]"/>
         </extensionElements>
         <incoming>sid-CF720605-354B-4A66-9E79-1CA56BF55CB7</incoming>
         <outgoing>sid-538C0107-C48D-45C3-B229-6B71A0EE135A</outgoing>
         <dataInputAssociation id="sid-2E4D4ADF-C89D-44BF-BB53-D2BFC56162BB">
            <extensionElements>
               <signavio:signavioMetaData metaKey="bordercolor" metaValue="#000000"/>
            </extensionElements>
            <sourceRef>sid-4C7A3787-16EF-4405-A961-7D70C8613E27</sourceRef>
            <targetRef>sid-6ADA72A5-D7AC-4EBA-825E-F8C416EF1214</targetRef>
         </dataInputAssociation>
      </userTask>
      <boundaryEvent attachedToRef="sid-7E5BF639-8DE2-450D-A2C9-6B1E7D3746E3" cancelActivity="true" id="sid-40E681E0-F6FA-451B-9442-C97D69CF33D1" name="Cancelled" parallelMultiple="false">
         <outgoing>sid-4F90F79F-7C20-4651-B3D5-7C267AAB0DE7</outgoing>
         <errorEventDefinition errorRef="sid-83764f34-584e-4060-ab86-42d82cf52e77" id="sid-e335bebe-9f91-4560-bf99-875c16095483"/>
      </boundaryEvent>
      <boundaryEvent attachedToRef="sid-E5B0A76F-8C76-4EB4-8675-F10654728684" cancelActivity="true" id="sid-BC9D1391-1772-421C-BCAB-E7666F32556B" name="Cancelled" parallelMultiple="false">
         <outgoing>sid-A838EC68-3797-4828-A2CE-C45AEA011C5F</outgoing>
         <errorEventDefinition errorRef="sid-83764f34-584e-4060-ab86-42d82cf52e77" id="sid-55d8f4ff-8fb9-4932-af25-5132a5f2da24"/>
      </boundaryEvent>
      <boundaryEvent attachedToRef="sid-6ADA72A5-D7AC-4EBA-825E-F8C416EF1214" cancelActivity="true" id="sid-157BD422-CD91-47CA-8988-DC2BDF2B6DDF" name="Cancelled" parallelMultiple="false">
         <outgoing>sid-68FE8644-696C-4517-9809-7670B01B492A</outgoing>
         <errorEventDefinition errorRef="sid-83764f34-584e-4060-ab86-42d82cf52e77" id="sid-b827e3f4-17c0-4dac-99ef-01258dd1daf6"/>
      </boundaryEvent>
      <boundaryEvent attachedToRef="sid-B1F2E7B4-0A1B-4CDD-AAAE-F7FD4FB9E6AD" cancelActivity="true" id="sid-0DC056AC-A036-4C56-9B2C-220DA30D7512" name="Cancelled" parallelMultiple="false">
         <outgoing>sid-476043C3-9D13-4660-A277-2F8B74A71B5E</outgoing>
         <errorEventDefinition errorRef="sid-83764f34-584e-4060-ab86-42d82cf52e77" id="sid-04e2bf4d-5391-409b-817e-f18fbfac44f7"/>
      </boundaryEvent>
      <boundaryEvent attachedToRef="sid-83215F94-9144-4850-B780-CECCEED28AF3" cancelActivity="true" id="sid-3CB1DF7F-94AE-4BF1-B2D3-B2165CF9EF84" name="Cancelled" parallelMultiple="false">
         <outgoing>sid-77809966-9C2A-48B3-951D-01C146B9C5C9</outgoing>
         <errorEventDefinition errorRef="sid-83764f34-584e-4060-ab86-42d82cf52e77" id="sid-5e0dd0e8-f5d0-4aec-adf2-84aa90488165"/>
      </boundaryEvent>
      <endEvent id="sid-16B735F4-7291-43CF-8A87-50E53D387A06" name="Weather setting cancelled">
         <extensionElements>
            <signavio:signavioMetaData metaKey="bgcolor" metaValue="#ffffff"/>
            <signavio:signavioMetaData metaKey="bordercolor" metaValue="#000000"/>
         </extensionElements>
         <incoming>sid-338080B8-14FA-46F9-B953-43AA6139C318</incoming>
         <incoming>sid-A838EC68-3797-4828-A2CE-C45AEA011C5F</incoming>
         <incoming>sid-4F90F79F-7C20-4651-B3D5-7C267AAB0DE7</incoming>
         <incoming>sid-476043C3-9D13-4660-A277-2F8B74A71B5E</incoming>
         <incoming>sid-77809966-9C2A-48B3-951D-01C146B9C5C9</incoming>
         <incoming>sid-68FE8644-696C-4517-9809-7670B01B492A</incoming>
         <incoming>sid-5DF86FA3-A1C0-488E-9788-43DBFC178390</incoming>
         <incoming>sid-99FFA6F7-4323-40B6-A260-77A13B4AFE4A</incoming>
      </endEvent>
      <boundaryEvent attachedToRef="sid-482A77D0-19FC-435C-81C0-58B1A7C8C2AD" cancelActivity="true" id="sid-3EFD2651-B862-4775-A0CB-8F30A7360888" name="Cancelled" parallelMultiple="false">
         <outgoing>sid-338080B8-14FA-46F9-B953-43AA6139C318</outgoing>
         <errorEventDefinition errorRef="sid-83764f34-584e-4060-ab86-42d82cf52e77" id="sid-d3736e1e-05ac-4613-add5-8b67fe86a007"/>
      </boundaryEvent>
      <boundaryEvent attachedToRef="sid-6ADA72A5-D7AC-4EBA-825E-F8C416EF1214" cancelActivity="true" id="sid-DE65C73A-8E1E-447D-8341-4C7D7AB5A854" name="Can't find the source" parallelMultiple="false">
         <outgoing>sid-5DF86FA3-A1C0-488E-9788-43DBFC178390</outgoing>
         <errorEventDefinition errorRef="sid-83764f34-584e-4060-ab86-42d82cf52e77" id="sid-79172e3c-17da-4f9f-ab29-ecf6d4aa78e1"/>
      </boundaryEvent>
      <boundaryEvent attachedToRef="sid-83215F94-9144-4850-B780-CECCEED28AF3" cancelActivity="true" id="sid-6061007C-B43F-4347-A91B-9093F832C668" name="Can't find the source" parallelMultiple="false">
         <outgoing>sid-99FFA6F7-4323-40B6-A260-77A13B4AFE4A</outgoing>
         <errorEventDefinition errorRef="sid-83764f34-584e-4060-ab86-42d82cf52e77" id="sid-c2a16610-1dd1-48ac-8f19-9a0e558df4ef"/>
      </boundaryEvent>
      <userTask completionQuantity="1" id="sid-984D3B75-1555-4EA5-A2C2-16EC63E578FC" implementation="##WebService" isForCompensation="false" name="Set location" startQuantity="1">
         <extensionElements>
            <signavio:signavioMetaData metaKey="bgcolor" metaValue="#ffffcc"/>
            <signavio:signavioMetaData metaKey="bordercolor" metaValue="#000000"/>
            <signavio:signavioMetaData metaKey="risklevel" metaValue=""/>
            <signavio:signavioMetaData metaKey="externaldocuments" metaValue=""/>
         </extensionElements>
         <incoming>sid-46E54203-3D1A-4D90-B6F7-C5AC733515CB</incoming>
         <outgoing>sid-80E3CCA8-6F58-448F-9D1B-CFD998131B35</outgoing>
      </userTask>
      <sequenceFlow id="sid-F725DF5A-8772-499B-A06D-E2D622927C15" name="" sourceRef="sid-1FFDAB39-D132-4B8A-8FC3-C370471BF5A2" targetRef="sid-482A77D0-19FC-435C-81C0-58B1A7C8C2AD">
         <extensionElements>
            <signavio:signavioMetaData metaKey="bordercolor" metaValue="#000000"/>
         </extensionElements>
      </sequenceFlow>
      <sequenceFlow id="sid-09AEABA7-C9C9-42E3-8F4C-285F7DE89618" name="" sourceRef="sid-1FFDAB39-D132-4B8A-8FC3-C370471BF5A2" targetRef="sid-7E5BF639-8DE2-450D-A2C9-6B1E7D3746E3">
         <extensionElements>
            <signavio:signavioMetaData metaKey="bordercolor" metaValue="#000000"/>
         </extensionElements>
      </sequenceFlow>
      <sequenceFlow id="sid-11334716-DA7B-4E57-8CF2-1CC87E03970C" name="" sourceRef="sid-7E5BF639-8DE2-450D-A2C9-6B1E7D3746E3" targetRef="sid-C94FF387-35A7-4529-99A9-37BCE7FD4395">
         <extensionElements>
            <signavio:signavioMetaData metaKey="bordercolor" metaValue="#000000"/>
         </extensionElements>
      </sequenceFlow>
      <sequenceFlow id="sid-43E3521C-F3F7-4F0E-80C4-85DBB7B6CFA1" name="" sourceRef="sid-C94FF387-35A7-4529-99A9-37BCE7FD4395" targetRef="sid-B1F2E7B4-0A1B-4CDD-AAAE-F7FD4FB9E6AD">
         <extensionElements>
            <signavio:signavioMetaData metaKey="bordercolor" metaValue="#000000"/>
         </extensionElements>
      </sequenceFlow>
      <sequenceFlow id="sid-98E008EC-A929-425C-BE9C-E3753F828263" name="" sourceRef="sid-C94FF387-35A7-4529-99A9-37BCE7FD4395" targetRef="sid-83215F94-9144-4850-B780-CECCEED28AF3">
         <extensionElements>
            <signavio:signavioMetaData metaKey="bordercolor" metaValue="#000000"/>
         </extensionElements>
      </sequenceFlow>
      <sequenceFlow id="sid-7E8D7FB3-E09D-4039-BF0A-63F7C32A83ED" name="" sourceRef="sid-482A77D0-19FC-435C-81C0-58B1A7C8C2AD" targetRef="sid-5AEF14D0-518B-40C2-94AD-39D333C82723">
         <extensionElements>
            <signavio:signavioMetaData metaKey="bordercolor" metaValue="#000000"/>
         </extensionElements>
      </sequenceFlow>
      <sequenceFlow id="sid-3EC89EE8-3126-4A36-A1A2-3AF0B5903608" name="" sourceRef="sid-5AEF14D0-518B-40C2-94AD-39D333C82723" targetRef="sid-E5B0A76F-8C76-4EB4-8675-F10654728684">
         <extensionElements>
            <signavio:signavioMetaData metaKey="bordercolor" metaValue="#000000"/>
         </extensionElements>
      </sequenceFlow>
      <sequenceFlow id="sid-CF720605-354B-4A66-9E79-1CA56BF55CB7" name="" sourceRef="sid-5AEF14D0-518B-40C2-94AD-39D333C82723" targetRef="sid-6ADA72A5-D7AC-4EBA-825E-F8C416EF1214">
         <extensionElements>
            <signavio:signavioMetaData metaKey="bordercolor" metaValue="#000000"/>
         </extensionElements>
      </sequenceFlow>
      <sequenceFlow id="sid-338080B8-14FA-46F9-B953-43AA6139C318" name="" sourceRef="sid-3EFD2651-B862-4775-A0CB-8F30A7360888" targetRef="sid-16B735F4-7291-43CF-8A87-50E53D387A06">
         <extensionElements>
            <signavio:signavioMetaData metaKey="bordercolor" metaValue="#FF6600"/>
         </extensionElements>
      </sequenceFlow>
      <sequenceFlow id="sid-A838EC68-3797-4828-A2CE-C45AEA011C5F" name="" sourceRef="sid-BC9D1391-1772-421C-BCAB-E7666F32556B" targetRef="sid-16B735F4-7291-43CF-8A87-50E53D387A06">
         <extensionElements>
            <signavio:signavioMetaData metaKey="bordercolor" metaValue="#FF6600"/>
         </extensionElements>
      </sequenceFlow>
      <sequenceFlow id="sid-4F90F79F-7C20-4651-B3D5-7C267AAB0DE7" name="" sourceRef="sid-40E681E0-F6FA-451B-9442-C97D69CF33D1" targetRef="sid-16B735F4-7291-43CF-8A87-50E53D387A06">
         <extensionElements>
            <signavio:signavioMetaData metaKey="bordercolor" metaValue="#FF6600"/>
         </extensionElements>
      </sequenceFlow>
      <sequenceFlow id="sid-476043C3-9D13-4660-A277-2F8B74A71B5E" name="" sourceRef="sid-0DC056AC-A036-4C56-9B2C-220DA30D7512" targetRef="sid-16B735F4-7291-43CF-8A87-50E53D387A06">
         <extensionElements>
            <signavio:signavioMetaData metaKey="bordercolor" metaValue="#FF6600"/>
         </extensionElements>
      </sequenceFlow>
      <sequenceFlow id="sid-77809966-9C2A-48B3-951D-01C146B9C5C9" name="" sourceRef="sid-3CB1DF7F-94AE-4BF1-B2D3-B2165CF9EF84" targetRef="sid-16B735F4-7291-43CF-8A87-50E53D387A06">
         <extensionElements>
            <signavio:signavioMetaData metaKey="bordercolor" metaValue="#FF6600"/>
         </extensionElements>
      </sequenceFlow>
      <sequenceFlow id="sid-68FE8644-696C-4517-9809-7670B01B492A" name="" sourceRef="sid-157BD422-CD91-47CA-8988-DC2BDF2B6DDF" targetRef="sid-16B735F4-7291-43CF-8A87-50E53D387A06">
         <extensionElements>
            <signavio:signavioMetaData metaKey="bordercolor" metaValue="#FF6600"/>
         </extensionElements>
      </sequenceFlow>
      <sequenceFlow id="sid-2C74EF6E-B6FB-4D8B-BDAD-7F58531E7593" name="" sourceRef="sid-B1F2E7B4-0A1B-4CDD-AAAE-F7FD4FB9E6AD" targetRef="sid-F08E9EE5-A50A-42A7-888C-F4375110E4E1">
         <extensionElements>
            <signavio:signavioMetaData metaKey="bordercolor" metaValue="#000000"/>
         </extensionElements>
      </sequenceFlow>
      <sequenceFlow id="sid-5B16C063-DBE8-4161-A6EE-1FE050D89917" name="" sourceRef="sid-83215F94-9144-4850-B780-CECCEED28AF3" targetRef="sid-F08E9EE5-A50A-42A7-888C-F4375110E4E1">
         <extensionElements>
            <signavio:signavioMetaData metaKey="bordercolor" metaValue="#000000"/>
         </extensionElements>
      </sequenceFlow>
      <sequenceFlow id="sid-B1058C7A-5B1D-49BA-AD9F-B7BC812F80FF" name="" sourceRef="sid-E5B0A76F-8C76-4EB4-8675-F10654728684" targetRef="sid-F08E9EE5-A50A-42A7-888C-F4375110E4E1">
         <extensionElements>
            <signavio:signavioMetaData metaKey="bordercolor" metaValue="#000000"/>
         </extensionElements>
      </sequenceFlow>
      <sequenceFlow id="sid-538C0107-C48D-45C3-B229-6B71A0EE135A" name="" sourceRef="sid-6ADA72A5-D7AC-4EBA-825E-F8C416EF1214" targetRef="sid-F08E9EE5-A50A-42A7-888C-F4375110E4E1">
         <extensionElements>
            <signavio:signavioMetaData metaKey="bordercolor" metaValue="#000000"/>
         </extensionElements>
      </sequenceFlow>
      <sequenceFlow id="sid-5DF86FA3-A1C0-488E-9788-43DBFC178390" name="" sourceRef="sid-DE65C73A-8E1E-447D-8341-4C7D7AB5A854" targetRef="sid-16B735F4-7291-43CF-8A87-50E53D387A06">
         <extensionElements>
            <signavio:signavioMetaData metaKey="bordercolor" metaValue="#FF6600"/>
         </extensionElements>
      </sequenceFlow>
      <sequenceFlow id="sid-99FFA6F7-4323-40B6-A260-77A13B4AFE4A" name="" sourceRef="sid-6061007C-B43F-4347-A91B-9093F832C668" targetRef="sid-16B735F4-7291-43CF-8A87-50E53D387A06">
         <extensionElements>
            <signavio:signavioMetaData metaKey="bordercolor" metaValue="#FF6600"/>
         </extensionElements>
      </sequenceFlow>
      <sequenceFlow id="sid-46E54203-3D1A-4D90-B6F7-C5AC733515CB" name="" sourceRef="sid-6FF066F3-7632-450D-AB5D-D8861C3D72CE" targetRef="sid-984D3B75-1555-4EA5-A2C2-16EC63E578FC">
         <extensionElements>
            <signavio:signavioMetaData metaKey="bordercolor" metaValue="#000000"/>
         </extensionElements>
      </sequenceFlow>
      <sequenceFlow id="sid-80E3CCA8-6F58-448F-9D1B-CFD998131B35" name="" sourceRef="sid-984D3B75-1555-4EA5-A2C2-16EC63E578FC" targetRef="sid-1FFDAB39-D132-4B8A-8FC3-C370471BF5A2">
         <extensionElements>
            <signavio:signavioMetaData metaKey="bordercolor" metaValue="#000000"/>
         </extensionElements>
      </sequenceFlow>
      <dataStoreReference dataStoreRef="sid-dc1fcaea-f722-46be-b246-e75c8c8a4f94" id="sid-4C7A3787-16EF-4405-A961-7D70C8613E27" name="Weather resource">
         <extensionElements>
            <signavio:signavioMetaData metaKey="bgcolor" metaValue="#ffffff"/>
            <signavio:signavioMetaData metaKey="bordercolor" metaValue="#000000"/>
         </extensionElements>
      </dataStoreReference>
      <dataObjectReference dataObjectRef="sid-e97b8842-a03b-4d50-b677-c411a5a3890a" id="sid-F1AD0A2E-515C-439B-BDB0-F349920432C4" name="List of events">
         <extensionElements>
            <signavio:signavioMetaData metaKey="bgcolor" metaValue="#ffffff"/>
            <signavio:signavioMetaData metaKey="bordercolor" metaValue="#000000"/>
         </extensionElements>
      </dataObjectReference>
   </process>
   <bpmndi:BPMNDiagram id="sid-d013c403-4e28-4211-9ddb-804b7bd31be9">
      <bpmndi:BPMNPlane bpmnElement="sid-fa7ca46a-ffbe-4dd2-bd75-58b65f7ca749" id="sid-47b8c7e1-5106-4c77-8a76-b8b300305f61">
         <bpmndi:BPMNShape bpmnElement="sid-6FF066F3-7632-450D-AB5D-D8861C3D72CE" id="sid-6FF066F3-7632-450D-AB5D-D8861C3D72CE_gui">
            <omgdc:Bounds height="30.0" width="30.0" x="26.70754685688064" y="173.0"/>
         </bpmndi:BPMNShape>
         <bpmndi:BPMNShape bpmnElement="sid-F08E9EE5-A50A-42A7-888C-F4375110E4E1" id="sid-F08E9EE5-A50A-42A7-888C-F4375110E4E1_gui">
            <omgdc:Bounds height="28.0" width="28.0" x="898.7085468568806" y="174.0"/>
            <bpmndi:BPMNLabel labelStyle="sid-4ea39e06-a13e-487e-92da-5472a24c6448">
               <omgdc:Bounds height="11.0" width="123.75" x="850.8335468568806" y="204.0"/>
            </bpmndi:BPMNLabel>
         </bpmndi:BPMNShape>
         <bpmndi:BPMNShape bpmnElement="sid-1FFDAB39-D132-4B8A-8FC3-C370471BF5A2" id="sid-1FFDAB39-D132-4B8A-8FC3-C370471BF5A2_gui" isMarkerVisible="true">
            <omgdc:Bounds height="40.0" width="40.0" x="246.70754685688064" y="168.0"/>
         </bpmndi:BPMNShape>
         <bpmndi:BPMNShape bpmnElement="sid-482A77D0-19FC-435C-81C0-58B1A7C8C2AD" id="sid-482A77D0-19FC-435C-81C0-58B1A7C8C2AD_gui">
            <omgdc:Bounds height="51.0" width="100.0" x="332.70754685688064" y="74.0"/>
            <bpmndi:BPMNLabel labelStyle="sid-d15d1088-aed2-45e5-a887-7d470808a089">
               <omgdc:Bounds height="24.0" width="65.57142639160156" x="349.92183366107986" y="85.5"/>
            </bpmndi:BPMNLabel>
         </bpmndi:BPMNShape>
         <bpmndi:BPMNShape bpmnElement="sid-7E5BF639-8DE2-450D-A2C9-6B1E7D3746E3" id="sid-7E5BF639-8DE2-450D-A2C9-6B1E7D3746E3_gui">
            <omgdc:Bounds height="80.0" width="100.0" x="331.70754685688064" y="203.0"/>
            <bpmndi:BPMNLabel labelStyle="sid-d15d1088-aed2-45e5-a887-7d470808a089">
               <omgdc:Bounds height="24.0" width="75.5999984741211" x="343.9075476198201" y="229.0"/>
            </bpmndi:BPMNLabel>
         </bpmndi:BPMNShape>
         <bpmndi:BPMNShape bpmnElement="sid-C94FF387-35A7-4529-99A9-37BCE7FD4395" id="sid-C94FF387-35A7-4529-99A9-37BCE7FD4395_gui" isMarkerVisible="true">
            <omgdc:Bounds height="40.0" width="40.0" x="476.70754685688064" y="223.0"/>
         </bpmndi:BPMNShape>
         <bpmndi:BPMNShape bpmnElement="sid-B1F2E7B4-0A1B-4CDD-AAAE-F7FD4FB9E6AD" id="sid-B1F2E7B4-0A1B-4CDD-AAAE-F7FD4FB9E6AD_gui">
            <omgdc:Bounds height="46.0" width="151.0" x="561.7075468568806" y="217.0"/>
            <bpmndi:BPMNLabel labelStyle="sid-d15d1088-aed2-45e5-a887-7d470808a089">
               <omgdc:Bounds height="12.0" width="43.19999694824219" x="615.6075483827595" y="232.0"/>
            </bpmndi:BPMNLabel>
         </bpmndi:BPMNShape>
         <bpmndi:BPMNShape bpmnElement="sid-83215F94-9144-4850-B780-CECCEED28AF3" id="sid-83215F94-9144-4850-B780-CECCEED28AF3_gui">
            <omgdc:Bounds height="51.0" width="151.0" x="561.7075468568806" y="302.0"/>
            <bpmndi:BPMNLabel labelStyle="sid-d15d1088-aed2-45e5-a887-7d470808a089">
               <omgdc:Bounds height="12.0" width="88.71429443359375" x="592.8503996400838" y="319.5"/>
            </bpmndi:BPMNLabel>
         </bpmndi:BPMNShape>
         <bpmndi:BPMNShape bpmnElement="sid-5AEF14D0-518B-40C2-94AD-39D333C82723" id="sid-5AEF14D0-518B-40C2-94AD-39D333C82723_gui" isMarkerVisible="true">
            <omgdc:Bounds height="40.0" width="40.0" x="477.70754685688064" y="79.5"/>
         </bpmndi:BPMNShape>
         <bpmndi:BPMNShape bpmnElement="sid-E5B0A76F-8C76-4EB4-8675-F10654728684" id="sid-E5B0A76F-8C76-4EB4-8675-F10654728684_gui">
            <omgdc:Bounds height="51.0" width="151.0" x="561.7075468568806" y="60.0"/>
            <bpmndi:BPMNLabel labelStyle="sid-d15d1088-aed2-45e5-a887-7d470808a089">
               <omgdc:Bounds height="12.0" width="111.08572387695312" x="581.6646849184041" y="77.5"/>
            </bpmndi:BPMNLabel>
         </bpmndi:BPMNShape>
         <bpmndi:BPMNShape bpmnElement="sid-6ADA72A5-D7AC-4EBA-825E-F8C416EF1214" id="sid-6ADA72A5-D7AC-4EBA-825E-F8C416EF1214_gui">
            <omgdc:Bounds height="51.0" width="151.0" x="561.7075468568806" y="127.0"/>
            <bpmndi:BPMNLabel labelStyle="sid-d15d1088-aed2-45e5-a887-7d470808a089">
               <omgdc:Bounds height="12.0" width="105.68571472167969" x="584.3646894960408" y="144.5"/>
            </bpmndi:BPMNLabel>
         </bpmndi:BPMNShape>
         <bpmndi:BPMNShape bpmnElement="sid-40E681E0-F6FA-451B-9442-C97D69CF33D1" id="sid-40E681E0-F6FA-451B-9442-C97D69CF33D1_gui">
            <omgdc:Bounds height="30.0" width="30.0" x="316.70754685688064" y="263.7142857142857"/>
            <bpmndi:BPMNLabel labelStyle="sid-4ea39e06-a13e-487e-92da-5472a24c6448">
               <omgdc:Bounds height="11.0" width="45.96428680419922" x="308.72540345478103" y="295.7142857142857"/>
            </bpmndi:BPMNLabel>
         </bpmndi:BPMNShape>
         <bpmndi:BPMNShape bpmnElement="sid-BC9D1391-1772-421C-BCAB-E7666F32556B" id="sid-BC9D1391-1772-421C-BCAB-E7666F32556B_gui">
            <omgdc:Bounds height="30.0" width="30.0" x="546.7075468568806" y="91.21428571428571"/>
            <bpmndi:BPMNLabel labelStyle="sid-4ea39e06-a13e-487e-92da-5472a24c6448">
               <omgdc:Bounds height="11.000000000000014" width="45.96428680419922" x="538.725403454781" y="123.21428571428571"/>
            </bpmndi:BPMNLabel>
         </bpmndi:BPMNShape>
         <bpmndi:BPMNShape bpmnElement="sid-157BD422-CD91-47CA-8988-DC2BDF2B6DDF" id="sid-157BD422-CD91-47CA-8988-DC2BDF2B6DDF_gui">
            <omgdc:Bounds height="30.0" width="30.0" x="569.3575468568806" y="163.0"/>
            <bpmndi:BPMNLabel labelStyle="sid-4ea39e06-a13e-487e-92da-5472a24c6448">
               <omgdc:Bounds height="11.0" width="45.96428680419922" x="561.375403454781" y="195.0"/>
            </bpmndi:BPMNLabel>
         </bpmndi:BPMNShape>
         <bpmndi:BPMNShape bpmnElement="sid-0DC056AC-A036-4C56-9B2C-220DA30D7512" id="sid-0DC056AC-A036-4C56-9B2C-220DA30D7512_gui">
            <omgdc:Bounds height="30.0" width="30.0" x="568.1371097475759" y="248.0"/>
            <bpmndi:BPMNLabel labelStyle="sid-4ea39e06-a13e-487e-92da-5472a24c6448">
               <omgdc:Bounds height="11.0" width="45.96428680419922" x="560.1549663454763" y="280.0"/>
            </bpmndi:BPMNLabel>
         </bpmndi:BPMNShape>
         <bpmndi:BPMNShape bpmnElement="sid-3CB1DF7F-94AE-4BF1-B2D3-B2165CF9EF84" id="sid-3CB1DF7F-94AE-4BF1-B2D3-B2165CF9EF84_gui">
            <omgdc:Bounds height="30.0" width="30.0" x="546.7075468568806" y="334.1430652786163"/>
            <bpmndi:BPMNLabel labelStyle="sid-4ea39e06-a13e-487e-92da-5472a24c6448">
               <omgdc:Bounds height="11.0" width="45.96428680419922" x="538.725403454781" y="366.1430652786163"/>
            </bpmndi:BPMNLabel>
         </bpmndi:BPMNShape>
         <bpmndi:BPMNShape bpmnElement="sid-16B735F4-7291-43CF-8A87-50E53D387A06" id="sid-16B735F4-7291-43CF-8A87-50E53D387A06_gui">
            <omgdc:Bounds height="28.0" width="28.0" x="392.54237295598637" y="398.0"/>
            <bpmndi:BPMNLabel labelStyle="sid-4ea39e06-a13e-487e-92da-5472a24c6448">
               <omgdc:Bounds height="11.0" width="127.99285888671875" x="342.545943512627" y="428.0"/>
            </bpmndi:BPMNLabel>
         </bpmndi:BPMNShape>
         <bpmndi:BPMNShape bpmnElement="sid-3EFD2651-B862-4775-A0CB-8F30A7360888" id="sid-3EFD2651-B862-4775-A0CB-8F30A7360888_gui">
            <omgdc:Bounds height="30.0" width="30.0" x="352.01523916457296" y="110.0"/>
            <bpmndi:BPMNLabel labelStyle="sid-4ea39e06-a13e-487e-92da-5472a24c6448">
               <omgdc:Bounds height="11.0" width="45.96428680419922" x="344.03309576247335" y="142.0"/>
            </bpmndi:BPMNLabel>
         </bpmndi:BPMNShape>
         <bpmndi:BPMNShape bpmnElement="sid-DE65C73A-8E1E-447D-8341-4C7D7AB5A854" id="sid-DE65C73A-8E1E-447D-8341-4C7D7AB5A854_gui">
            <omgdc:Bounds height="30.00000000000003" width="30.0" x="660.6486358020304" y="163.0"/>
            <bpmndi:BPMNLabel labelStyle="sid-4ea39e06-a13e-487e-92da-5472a24c6448">
               <omgdc:Bounds height="11.0" width="104.65714263916016" x="623.3200644824503" y="195.0"/>
            </bpmndi:BPMNLabel>
         </bpmndi:BPMNShape>
         <bpmndi:BPMNShape bpmnElement="sid-6061007C-B43F-4347-A91B-9093F832C668" id="sid-6061007C-B43F-4347-A91B-9093F832C668_gui">
            <omgdc:Bounds height="30.0" width="30.0" x="669.359732951891" y="338.0"/>
            <bpmndi:BPMNLabel labelStyle="sid-4ea39e06-a13e-487e-92da-5472a24c6448">
               <omgdc:Bounds height="11.0" width="104.65714263916016" x="632.031161632311" y="370.0"/>
            </bpmndi:BPMNLabel>
         </bpmndi:BPMNShape>
         <bpmndi:BPMNShape bpmnElement="sid-984D3B75-1555-4EA5-A2C2-16EC63E578FC" id="sid-984D3B75-1555-4EA5-A2C2-16EC63E578FC_gui">
            <omgdc:Bounds height="80.0" width="100.0" x="101.70754685688064" y="148.0"/>
            <bpmndi:BPMNLabel labelStyle="sid-d15d1088-aed2-45e5-a887-7d470808a089">
               <omgdc:Bounds height="12.0" width="64.02857208251953" x="119.69326081562087" y="180.0"/>
            </bpmndi:BPMNLabel>
         </bpmndi:BPMNShape>
         <bpmndi:BPMNShape bpmnElement="sid-4C7A3787-16EF-4405-A961-7D70C8613E27" id="sid-4C7A3787-16EF-4405-A961-7D70C8613E27_gui">
            <omgdc:Bounds height="60.173" width="62.000999999999976" x="881.7085468568806" y="70.0"/>
            <bpmndi:BPMNLabel labelStyle="sid-d15d1088-aed2-45e5-a887-7d470808a089">
               <omgdc:Bounds height="12.0" width="97.19999313354492" x="863.1835510530476" y="135.33799743652344"/>
            </bpmndi:BPMNLabel>
         </bpmndi:BPMNShape>
         <bpmndi:BPMNShape bpmnElement="sid-F1AD0A2E-515C-439B-BDB0-F349920432C4" id="sid-F1AD0A2E-515C-439B-BDB0-F349920432C4_gui">
            <omgdc:Bounds height="97.0" width="88.0" x="165.0" y="279.0"/>
            <bpmndi:BPMNLabel labelStyle="sid-d15d1088-aed2-45e5-a887-7d470808a089">
               <omgdc:Bounds height="12.0" width="74.05714416503906" x="171.97142791748047" y="319.5"/>
            </bpmndi:BPMNLabel>
         </bpmndi:BPMNShape>
         <bpmndi:BPMNEdge bpmnElement="sid-F725DF5A-8772-499B-A06D-E2D622927C15" id="sid-F725DF5A-8772-499B-A06D-E2D622927C15_gui">
            <omgdi:waypoint x="267.20754685688064" y="168.0"/>
            <omgdi:waypoint x="267.20754685688064" y="99.5"/>
            <omgdi:waypoint x="332.70754685688064" y="99.5"/>
         </bpmndi:BPMNEdge>
         <bpmndi:BPMNEdge bpmnElement="sid-09AEABA7-C9C9-42E3-8F4C-285F7DE89618" id="sid-09AEABA7-C9C9-42E3-8F4C-285F7DE89618_gui">
            <omgdi:waypoint x="267.20754685688064" y="208.0"/>
            <omgdi:waypoint x="267.20754685688064" y="243.0"/>
            <omgdi:waypoint x="331.70754685688064" y="243.0"/>
         </bpmndi:BPMNEdge>
         <bpmndi:BPMNEdge bpmnElement="sid-11334716-DA7B-4E57-8CF2-1CC87E03970C" id="sid-11334716-DA7B-4E57-8CF2-1CC87E03970C_gui">
            <omgdi:waypoint x="431.70754685688064" y="243.21645021645023"/>
            <omgdi:waypoint x="476.70754685688064" y="243.4112554112554"/>
         </bpmndi:BPMNEdge>
         <bpmndi:BPMNEdge bpmnElement="sid-43E3521C-F3F7-4F0E-80C4-85DBB7B6CFA1" id="sid-43E3521C-F3F7-4F0E-80C4-85DBB7B6CFA1_gui">
            <omgdi:waypoint x="516.7075468568806" y="243.5"/>
            <omgdi:waypoint x="539.2075468568806" y="243.5"/>
            <omgdi:waypoint x="539.2075468568806" y="240.0"/>
            <omgdi:waypoint x="561.7075468568806" y="240.0"/>
         </bpmndi:BPMNEdge>
         <bpmndi:BPMNEdge bpmnElement="sid-98E008EC-A929-425C-BE9C-E3753F828263" id="sid-98E008EC-A929-425C-BE9C-E3753F828263_gui">
            <omgdi:waypoint x="497.20754685688064" y="263.0"/>
            <omgdi:waypoint x="497.20754685688064" y="327.5"/>
            <omgdi:waypoint x="561.7075468568806" y="327.5"/>
         </bpmndi:BPMNEdge>
         <bpmndi:BPMNEdge bpmnElement="sid-7E8D7FB3-E09D-4039-BF0A-63F7C32A83ED" id="sid-7E8D7FB3-E09D-4039-BF0A-63F7C32A83ED_gui">
            <omgdi:waypoint x="432.70754685688064" y="99.71645021645021"/>
            <omgdi:waypoint x="477.70754685688064" y="99.91125541125541"/>
         </bpmndi:BPMNEdge>
         <bpmndi:BPMNEdge bpmnElement="sid-3EC89EE8-3126-4A36-A1A2-3AF0B5903608" id="sid-3EC89EE8-3126-4A36-A1A2-3AF0B5903608_gui">
            <omgdi:waypoint x="517.7075468568806" y="100.0"/>
            <omgdi:waypoint x="539.7075468568806" y="100.0"/>
            <omgdi:waypoint x="539.7075468568806" y="85.5"/>
            <omgdi:waypoint x="561.7075468568806" y="85.5"/>
         </bpmndi:BPMNEdge>
         <bpmndi:BPMNEdge bpmnElement="sid-CF720605-354B-4A66-9E79-1CA56BF55CB7" id="sid-CF720605-354B-4A66-9E79-1CA56BF55CB7_gui">
            <omgdi:waypoint x="498.20754685688064" y="119.5"/>
            <omgdi:waypoint x="498.20754685688064" y="152.5"/>
            <omgdi:waypoint x="561.7075468568806" y="152.5"/>
         </bpmndi:BPMNEdge>
         <bpmndi:BPMNEdge bpmnElement="sid-338080B8-14FA-46F9-B953-43AA6139C318" id="sid-338080B8-14FA-46F9-B953-43AA6139C318_gui">
            <omgdi:waypoint x="366.98325330801634" y="140.0"/>
            <omgdi:waypoint x="366.91501681402883" y="172.0"/>
            <omgdi:waypoint x="284.70754685688064" y="172.0"/>
            <omgdi:waypoint x="284.70754685688064" y="412.0"/>
            <omgdi:waypoint x="392.54237295598637" y="412.0"/>
         </bpmndi:BPMNEdge>
         <bpmndi:BPMNEdge bpmnElement="sid-A838EC68-3797-4828-A2CE-C45AEA011C5F" id="sid-A838EC68-3797-4828-A2CE-C45AEA011C5F_gui">
            <omgdi:waypoint x="561.923528222282" y="121.21428571428571"/>
            <omgdi:waypoint x="562.165221654993" y="138.0"/>
            <omgdi:waypoint x="455.70754685688064" y="138.0"/>
            <omgdi:waypoint x="455.70754685688064" y="412.0"/>
            <omgdi:waypoint x="420.54237295598637" y="412.0"/>
         </bpmndi:BPMNEdge>
         <bpmndi:BPMNEdge bpmnElement="sid-4F90F79F-7C20-4651-B3D5-7C267AAB0DE7" id="sid-4F90F79F-7C20-4651-B3D5-7C267AAB0DE7_gui">
            <omgdi:waypoint x="331.8014983471337" y="293.7142857142857"/>
            <omgdi:waypoint x="332.54237295598637" y="412.0"/>
            <omgdi:waypoint x="392.54237295598637" y="412.0"/>
         </bpmndi:BPMNEdge>
         <bpmndi:BPMNEdge bpmnElement="sid-476043C3-9D13-4660-A277-2F8B74A71B5E" id="sid-476043C3-9D13-4660-A277-2F8B74A71B5E_gui">
            <omgdi:waypoint x="582.6770057714903" y="278.0"/>
            <omgdi:waypoint x="582.2169017954045" y="293.0"/>
            <omgdi:waypoint x="455.70754685688064" y="293.0"/>
            <omgdi:waypoint x="455.70754685688064" y="412.0"/>
            <omgdi:waypoint x="420.54237295598637" y="412.0"/>
         </bpmndi:BPMNEdge>
         <bpmndi:BPMNEdge bpmnElement="sid-77809966-9C2A-48B3-951D-01C146B9C5C9" id="sid-77809966-9C2A-48B3-951D-01C146B9C5C9_gui">
            <omgdi:waypoint x="561.8828000494904" y="364.1430652786163"/>
            <omgdi:waypoint x="562.4419387560529" y="412.0"/>
            <omgdi:waypoint x="420.54237295598637" y="412.0"/>
         </bpmndi:BPMNEdge>
         <bpmndi:BPMNEdge bpmnElement="sid-68FE8644-696C-4517-9809-7670B01B492A" id="sid-68FE8644-696C-4517-9809-7670B01B492A_gui">
            <omgdi:waypoint x="580.1284286087664" y="193.0"/>
            <omgdi:waypoint x="575.8993103606523" y="208.0"/>
            <omgdi:waypoint x="455.70754685688064" y="208.0"/>
            <omgdi:waypoint x="455.70754685688064" y="412.0"/>
            <omgdi:waypoint x="420.54237295598637" y="412.0"/>
         </bpmndi:BPMNEdge>
         <bpmndi:BPMNEdge bpmnElement="sid-8533AC73-BD14-4B9C-BEB1-FD4FB8FA39D4" id="sid-8533AC73-BD14-4B9C-BEB1-FD4FB8FA39D4_gui">
            <omgdi:waypoint x="331.70754685688064" y="267.46332008583954"/>
            <omgdi:waypoint x="253.0" y="305.97227832446123"/>
         </bpmndi:BPMNEdge>
         <bpmndi:BPMNEdge bpmnElement="sid-2C74EF6E-B6FB-4D8B-BDAD-7F58531E7593" id="sid-2C74EF6E-B6FB-4D8B-BDAD-7F58531E7593_gui">
            <omgdi:waypoint x="712.7075468568806" y="240.0"/>
            <omgdi:waypoint x="831.7075468568806" y="240.0"/>
            <omgdi:waypoint x="831.7075468568806" y="188.0"/>
            <omgdi:waypoint x="898.7085468568806" y="188.0"/>
         </bpmndi:BPMNEdge>
         <bpmndi:BPMNEdge bpmnElement="sid-5B16C063-DBE8-4161-A6EE-1FE050D89917" id="sid-5B16C063-DBE8-4161-A6EE-1FE050D89917_gui">
            <omgdi:waypoint x="712.7075468568806" y="327.5"/>
            <omgdi:waypoint x="831.7075468568806" y="327.5"/>
            <omgdi:waypoint x="831.7075468568806" y="188.0"/>
            <omgdi:waypoint x="898.7085468568806" y="188.0"/>
         </bpmndi:BPMNEdge>
         <bpmndi:BPMNEdge bpmnElement="sid-B1058C7A-5B1D-49BA-AD9F-B7BC812F80FF" id="sid-B1058C7A-5B1D-49BA-AD9F-B7BC812F80FF_gui">
            <omgdi:waypoint x="712.7075468568806" y="85.5"/>
            <omgdi:waypoint x="831.7075468568806" y="85.5"/>
            <omgdi:waypoint x="831.7075468568806" y="188.0"/>
            <omgdi:waypoint x="898.7085468568806" y="188.0"/>
         </bpmndi:BPMNEdge>
         <bpmndi:BPMNEdge bpmnElement="sid-538C0107-C48D-45C3-B229-6B71A0EE135A" id="sid-538C0107-C48D-45C3-B229-6B71A0EE135A_gui">
            <omgdi:waypoint x="712.7075468568806" y="152.5"/>
            <omgdi:waypoint x="831.7075468568806" y="152.5"/>
            <omgdi:waypoint x="831.7075468568806" y="188.0"/>
            <omgdi:waypoint x="898.7085468568806" y="188.0"/>
         </bpmndi:BPMNEdge>
         <bpmndi:BPMNEdge bpmnElement="sid-5DF86FA3-A1C0-488E-9788-43DBFC178390" id="sid-5DF86FA3-A1C0-488E-9788-43DBFC178390_gui">
            <omgdi:waypoint x="690.6486358020304" y="178.0881554194219"/>
            <omgdi:waypoint x="769.7075468568806" y="178.55278685029361"/>
            <omgdi:waypoint x="769.7075468568806" y="412.0"/>
            <omgdi:waypoint x="420.54237295598637" y="412.0"/>
         </bpmndi:BPMNEdge>
         <bpmndi:BPMNEdge bpmnElement="sid-99FFA6F7-4323-40B6-A260-77A13B4AFE4A" id="sid-99FFA6F7-4323-40B6-A260-77A13B4AFE4A_gui">
            <omgdi:waypoint x="684.487182145446" y="368.0"/>
            <omgdi:waypoint x="684.8610331132072" y="412.0"/>
            <omgdi:waypoint x="420.54237295598637" y="412.0"/>
         </bpmndi:BPMNEdge>
         <bpmndi:BPMNEdge bpmnElement="sid-46E54203-3D1A-4D90-B6F7-C5AC733515CB" id="sid-46E54203-3D1A-4D90-B6F7-C5AC733515CB_gui">
            <omgdi:waypoint x="56.70754685688064" y="188.0"/>
            <omgdi:waypoint x="101.70754685688064" y="188.0"/>
         </bpmndi:BPMNEdge>
         <bpmndi:BPMNEdge bpmnElement="sid-80E3CCA8-6F58-448F-9D1B-CFD998131B35" id="sid-80E3CCA8-6F58-448F-9D1B-CFD998131B35_gui">
            <omgdi:waypoint x="201.70754685688064" y="188.21645021645023"/>
            <omgdi:waypoint x="246.70754685688064" y="188.4112554112554"/>
         </bpmndi:BPMNEdge>
         <bpmndi:BPMNEdge bpmnElement="sid-44B8DC2D-0384-4D8D-BFAE-74365E1D968D" id="sid-44B8DC2D-0384-4D8D-BFAE-74365E1D968D_gui">
            <omgdi:waypoint x="881.7085468568806" y="99.9245"/>
            <omgdi:waypoint x="744.0" y="99.9245"/>
            <omgdi:waypoint x="744.0" y="287.0"/>
            <omgdi:waypoint x="637.2075468568806" y="287.0"/>
            <omgdi:waypoint x="637.2075468568806" y="302.0"/>
         </bpmndi:BPMNEdge>
         <bpmndi:BPMNEdge bpmnElement="sid-2E4D4ADF-C89D-44BF-BB53-D2BFC56162BB" id="sid-2E4D4ADF-C89D-44BF-BB53-D2BFC56162BB_gui">
            <omgdi:waypoint x="881.7085468568806" y="99.9245"/>
            <omgdi:waypoint x="744.0" y="99.9245"/>
            <omgdi:waypoint x="744.0" y="117.0"/>
            <omgdi:waypoint x="637.2075468568806" y="117.0"/>
            <omgdi:waypoint x="637.2075468568806" y="127.0"/>
         </bpmndi:BPMNEdge>
      </bpmndi:BPMNPlane>
      <bpmndi:BPMNLabelStyle id="sid-4ea39e06-a13e-487e-92da-5472a24c6448">
         <omgdc:Font isBold="false" isItalic="false" isStrikeThrough="false" isUnderline="false" name="Arial" size="11.0"/>
      </bpmndi:BPMNLabelStyle>
      <bpmndi:BPMNLabelStyle id="sid-d15d1088-aed2-45e5-a887-7d470808a089">
         <omgdc:Font isBold="false" isItalic="false" isStrikeThrough="false" isUnderline="false" name="Arial" size="12.0"/>
      </bpmndi:BPMNLabelStyle>
   </bpmndi:BPMNDiagram>
</definitions>
