<?xml version="1.0" encoding="UTF-8"?><definitions xmlns="http://www.omg.org/spec/BPMN/20100524/MODEL" xmlns:bpmndi="http://www.omg.org/spec/BPMN/20100524/DI" xmlns:omgdc="http://www.omg.org/spec/DD/20100524/DC" xmlns:omgdi="http://www.omg.org/spec/DD/20100524/DI" xmlns:signavio="http://www.signavio.com" xmlns:xsi="http://www.w3.org/2001/XMLSchema-instance" exporter="Signavio Process Editor, http://www.signavio.com" exporterVersion="11.10.0" expressionLanguage="http://www.w3.org/TR/XPath" id="sid-c0dc72f3-d614-435e-8e68-85dca7abdfda" targetNamespace="http://www.signavio.com" typeLanguage="http://www.w3.org/2001/XMLSchema" xsi:schemaLocation="http://www.omg.org/spec/BPMN/20100524/MODEL http://www.omg.org/spec/BPMN/2.0/20100501/BPMN20.xsd">
   <error id="sid-e8d6aee8-4c63-4159-b793-a8c6791df22f"/>
   <process id="sid-52488de1-5cb5-489d-bec5-8c861927bab2" isClosed="false" isExecutable="false" processType="None">
      <extensionElements>
         <signavio:signavioDiagramMetaData metaKey="businessunit" metaValue=""/>
         <signavio:signavioDiagramMetaData metaKey="iso9000ff" metaValue=""/>
         <signavio:signavioDiagramMetaData metaKey="processowner" metaValue=""/>
         <signavio:signavioDiagramMetaData metaKey="processgoal" metaValue=""/>
         <signavio:signavioDiagramMetaData metaKey="soxrelevant" metaValue=""/>
         <signavio:signavioDiagramMetaData metaKey="revisionid" metaValue="a1beb86260e24493b90acd80a2a02b3c"/>
      </extensionElements>
      <dataObject id="sid-2a65b4b3-f7f6-49e7-b4be-b307e4366fcf" isCollection="false" name="Default values"/>
      <startEvent id="sid-CE5BE1B5-E5BD-4D65-B51E-F37D226A1BB4" name="">
         <extensionElements>
            <signavio:signavioMetaData metaKey="bgcolor" metaValue="#ffffff"/>
            <signavio:signavioMetaData metaKey="bordercolor" metaValue="#000000"/>
         </extensionElements>
         <outgoing>sid-42583DA1-ABEA-4A1E-960E-F8A091B8FAD5</outgoing>
      </startEvent>
      <task completionQuantity="1" id="sid-D2B5D068-A587-422A-95A9-FFF1B3D12C1C" isForCompensation="false" name="Select set of characteristics" startQuantity="1">
         <extensionElements>
            <signavio:signavioMetaData metaKey="bgcolor" metaValue="#ffffcc"/>
            <signavio:signavioMetaData metaKey="bordercolor" metaValue="#000000"/>
            <signavio:signavioMetaData metaKey="risklevel" metaValue=""/>
            <signavio:signavioMetaData metaKey="externaldocuments" metaValue="[]"/>
         </extensionElements>
         <incoming>sid-42583DA1-ABEA-4A1E-960E-F8A091B8FAD5</incoming>
         <outgoing>sid-60FA6010-472B-4DB9-8CB7-4E958C695E92</outgoing>
         <ioSpecification id="sid-ce151075-15b4-4e29-9468-d0205c609c6c">
            <dataInput id="sid-646a662b-ce04-4245-ba95-5ad5478a2e1e"/>
            <inputSet id="sid-4772fc07-16c6-406c-85dc-d9be617aa7db" name="DefaultInputSet">
               <dataInputRefs>sid-646a662b-ce04-4245-ba95-5ad5478a2e1e</dataInputRefs>
               <outputSetRefs>sid-53401e0c-aacb-40c2-8550-02644f937358</outputSetRefs>
            </inputSet>
            <outputSet id="sid-53401e0c-aacb-40c2-8550-02644f937358" name="DefaultOutputSet">
               <inputSetRefs>sid-4772fc07-16c6-406c-85dc-d9be617aa7db</inputSetRefs>
            </outputSet>
         </ioSpecification>
         <dataInputAssociation id="sid-FC37904D-9E70-4F9D-A6EB-33F77F80DA6C">
            <extensionElements>
               <signavio:signavioMetaData metaKey="bordercolor" metaValue="#000000"/>
            </extensionElements>
            <sourceRef>sid-091CF602-ACA6-410A-A536-B92AE66EC0D3</sourceRef>
            <targetRef>sid-646a662b-ce04-4245-ba95-5ad5478a2e1e</targetRef>
         </dataInputAssociation>
      </task>
      <parallelGateway gatewayDirection="Diverging" id="sid-5216642C-3A47-47D3-81C9-4B6C9202826B" name="">
         <extensionElements>
            <signavio:signavioMetaData metaKey="bgcolor" metaValue="#ffffff"/>
            <signavio:signavioMetaData metaKey="bordercolor" metaValue="#000000"/>
         </extensionElements>
         <incoming>sid-60FA6010-472B-4DB9-8CB7-4E958C695E92</incoming>
         <outgoing>sid-A30CAD01-EB8A-4B8F-A8E9-67C1319A7495</outgoing>
         <outgoing>sid-BFCA05E7-DCE4-4985-8A42-922C67600000</outgoing>
         <outgoing>sid-BBCABFE2-5C71-479F-B00A-989E549252E3</outgoing>
      </parallelGateway>
      <task completionQuantity="1" id="sid-4662EF46-8BF0-4BFC-BE8B-08F1511C6578" isForCompensation="false" name="Set driving style" startQuantity="1">
         <extensionElements>
            <signavio:signavioMetaData metaKey="bgcolor" metaValue="#ffffcc"/>
            <signavio:signavioMetaData metaKey="bordercolor" metaValue="#000000"/>
            <signavio:signavioMetaData metaKey="risklevel" metaValue=""/>
            <signavio:signavioMetaData metaKey="externaldocuments" metaValue="[]"/>
         </extensionElements>
         <incoming>sid-37C44981-FE45-4E94-A598-F23BE035A0A8</incoming>
         <outgoing>sid-22B85F19-338C-46F1-BAE0-34767540BA59</outgoing>
      </task>
      <task completionQuantity="1" id="sid-BC8067C2-ED39-4B87-A6F0-2C88418B2EE0" isForCompensation="false" name="Set traffic density" startQuantity="1">
         <extensionElements>
            <signavio:signavioMetaData metaKey="bgcolor" metaValue="#ffffcc"/>
            <signavio:signavioMetaData metaKey="bordercolor" metaValue="#000000"/>
            <signavio:signavioMetaData metaKey="risklevel" metaValue=""/>
            <signavio:signavioMetaData metaKey="externaldocuments" metaValue="[]"/>
         </extensionElements>
         <incoming>sid-AD4135CE-EE01-49AE-8899-2FEC3D330308</incoming>
         <outgoing>sid-F2061520-C51E-4B80-8B81-036E041C44C2</outgoing>
      </task>
      <task completionQuantity="1" id="sid-93B9A7CF-114E-4402-8D45-3BFFBEC17D5E" isForCompensation="false" name="Set custom rules" startQuantity="1">
         <extensionElements>
            <signavio:signavioMetaData metaKey="bgcolor" metaValue="#ffffcc"/>
            <signavio:signavioMetaData metaKey="bordercolor" metaValue="#000000"/>
            <signavio:signavioMetaData metaKey="risklevel" metaValue=""/>
            <signavio:signavioMetaData metaKey="externaldocuments" metaValue="[]"/>
         </extensionElements>
         <incoming>sid-B0CD8D8C-81E0-446E-A72E-899149EFB025</incoming>
         <outgoing>sid-EEE47DAC-2877-492D-94A1-6D0331C626AE</outgoing>
      </task>
      <exclusiveGateway gatewayDirection="Mixed" id="sid-B00FBAE8-CEE8-4DBC-AD2A-C6A6E3F901E4" name="">
         <extensionElements>
            <signavio:signavioMetaData metaKey="bgcolor" metaValue="#ffffff"/>
            <signavio:signavioMetaData metaKey="bordercolor" metaValue="#000000"/>
         </extensionElements>
         <incoming>sid-22B85F19-338C-46F1-BAE0-34767540BA59</incoming>
         <incoming>sid-5316D939-BF3E-444B-BE32-5DB97E130BF0</incoming>
         <outgoing>sid-1D2A5556-1CB3-4A75-B508-76CDBB52B27D</outgoing>
         <outgoing>sid-0B747C57-DF77-46C6-928B-4287E398103B</outgoing>
      </exclusiveGateway>
      <task completionQuantity="1" id="sid-AD1B68C7-532E-4ED4-A2C5-AAC5B09F4B4A" isForCompensation="false" name="Set driving style for certain participants" startQuantity="1">
         <extensionElements>
            <signavio:signavioMetaData metaKey="bgcolor" metaValue="#ffffcc"/>
            <signavio:signavioMetaData metaKey="bordercolor" metaValue="#000000"/>
            <signavio:signavioMetaData metaKey="risklevel" metaValue=""/>
            <signavio:signavioMetaData metaKey="externaldocuments" metaValue="[]"/>
         </extensionElements>
         <incoming>sid-1D2A5556-1CB3-4A75-B508-76CDBB52B27D</incoming>
         <outgoing>sid-D49C9889-9A3D-46E9-B212-308DBF3986C5</outgoing>
      </task>
      <exclusiveGateway gatewayDirection="Mixed" id="sid-7880AE08-3FB9-4BD5-B994-35F9BC806C09" name="">
         <extensionElements>
            <signavio:signavioMetaData metaKey="bgcolor" metaValue="#ffffff"/>
            <signavio:signavioMetaData metaKey="bordercolor" metaValue="#000000"/>
         </extensionElements>
         <incoming>sid-EEE47DAC-2877-492D-94A1-6D0331C626AE</incoming>
         <incoming>sid-3325C047-0966-4FEA-A421-8B727330A82A</incoming>
         <outgoing>sid-93ED092A-37F0-4475-BA05-0DF51CE0E7E2</outgoing>
         <outgoing>sid-553B5511-4E0D-465A-BCAE-E238A71AD5B8</outgoing>
      </exclusiveGateway>
      <task completionQuantity="1" id="sid-2EA9DFA7-FFBC-4060-A166-CE87D75DE109" isForCompensation="false" name="Set custom rules for certain participants" startQuantity="1">
         <extensionElements>
            <signavio:signavioMetaData metaKey="bgcolor" metaValue="#ffffcc"/>
            <signavio:signavioMetaData metaKey="bordercolor" metaValue="#000000"/>
            <signavio:signavioMetaData metaKey="risklevel" metaValue=""/>
            <signavio:signavioMetaData metaKey="externaldocuments" metaValue="[]"/>
         </extensionElements>
         <incoming>sid-93ED092A-37F0-4475-BA05-0DF51CE0E7E2</incoming>
         <outgoing>sid-801F75AD-077D-4AFB-9F69-F3F6AC1BA526</outgoing>
      </task>
      <endEvent id="sid-0F939067-78FA-4770-9965-02974C259A6E" name="Setting of characteristics cancelled">
         <extensionElements>
            <signavio:signavioMetaData metaKey="bgcolor" metaValue="#ffffff"/>
            <signavio:signavioMetaData metaKey="bordercolor" metaValue="#000000"/>
         </extensionElements>
         <incoming>sid-96EFB894-924C-46DB-8F7A-4CA6B95D2E3D</incoming>
         <incoming>sid-DAA8C081-96AE-4647-86B4-F14A2ECB8CF4</incoming>
         <incoming>sid-1C3462E1-2B91-48AD-8426-13CF5B3E5033</incoming>
         <incoming>sid-CA1F9FBF-1C47-4061-B98D-EA5CC11E32D3</incoming>
         <incoming>sid-34B6C5F1-8504-455B-8B5C-963CB990F8E9</incoming>
         <incoming>sid-191680A4-ADA1-4932-86FB-7B2B216F494B</incoming>
      </endEvent>
      <exclusiveGateway gatewayDirection="Diverging" id="sid-34CABAE0-290E-425C-BD19-7ED2DC6844C5" name="">
         <extensionElements>
            <signavio:signavioMetaData metaKey="bgcolor" metaValue="#ffffff"/>
            <signavio:signavioMetaData metaKey="bordercolor" metaValue="#000000"/>
         </extensionElements>
         <incoming>sid-A30CAD01-EB8A-4B8F-A8E9-67C1319A7495</incoming>
         <outgoing>sid-37C44981-FE45-4E94-A598-F23BE035A0A8</outgoing>
         <outgoing>sid-5316D939-BF3E-444B-BE32-5DB97E130BF0</outgoing>
      </exclusiveGateway>
      <exclusiveGateway gatewayDirection="Diverging" id="sid-ED79E1C6-09EA-4270-977A-D91956693024" name="">
         <extensionElements>
            <signavio:signavioMetaData metaKey="bgcolor" metaValue="#ffffff"/>
            <signavio:signavioMetaData metaKey="bordercolor" metaValue="#000000"/>
         </extensionElements>
         <incoming>sid-BFCA05E7-DCE4-4985-8A42-922C67600000</incoming>
         <outgoing>sid-AD4135CE-EE01-49AE-8899-2FEC3D330308</outgoing>
         <outgoing>sid-D302EC30-5137-4A36-8741-D4E6C72A4392</outgoing>
      </exclusiveGateway>
      <exclusiveGateway gatewayDirection="Diverging" id="sid-018DC92B-BDC2-4628-B8B2-70947F6E3EBF" name="">
         <extensionElements>
            <signavio:signavioMetaData metaKey="bgcolor" metaValue="#ffffff"/>
            <signavio:signavioMetaData metaKey="bordercolor" metaValue="#000000"/>
         </extensionElements>
         <incoming>sid-BBCABFE2-5C71-479F-B00A-989E549252E3</incoming>
         <outgoing>sid-B0CD8D8C-81E0-446E-A72E-899149EFB025</outgoing>
         <outgoing>sid-3325C047-0966-4FEA-A421-8B727330A82A</outgoing>
      </exclusiveGateway>
      <endEvent id="sid-0F97AA53-F1FD-434E-B4F8-82329CD4C025" name="Characteristics successfully set">
         <extensionElements>
            <signavio:signavioMetaData metaKey="bgcolor" metaValue="#ffffff"/>
            <signavio:signavioMetaData metaKey="bordercolor" metaValue="#000000"/>
         </extensionElements>
         <incoming>sid-53F85FED-C141-4B6F-87D6-E8DC1B3D32CF</incoming>
      </endEvent>
      <boundaryEvent attachedToRef="sid-D2B5D068-A587-422A-95A9-FFF1B3D12C1C" cancelActivity="true" id="sid-6887F2DB-B494-4EE8-B100-B166251A3579" name="Cancelled" parallelMultiple="false">
         <outgoing>sid-191680A4-ADA1-4932-86FB-7B2B216F494B</outgoing>
         <errorEventDefinition errorRef="sid-e8d6aee8-4c63-4159-b793-a8c6791df22f" id="sid-4d31f570-0f6b-4df7-b75f-6ce5faec59b5"/>
      </boundaryEvent>
      <boundaryEvent attachedToRef="sid-4662EF46-8BF0-4BFC-BE8B-08F1511C6578" cancelActivity="true" id="sid-85517C67-E961-406F-BB61-104D62B3BF8D" name="Cancelled" parallelMultiple="false">
         <outgoing>sid-CA1F9FBF-1C47-4061-B98D-EA5CC11E32D3</outgoing>
         <errorEventDefinition errorRef="sid-e8d6aee8-4c63-4159-b793-a8c6791df22f" id="sid-c5d0572e-62eb-4f9b-9671-409b35096ae0"/>
      </boundaryEvent>
      <boundaryEvent attachedToRef="sid-BC8067C2-ED39-4B87-A6F0-2C88418B2EE0" cancelActivity="true" id="sid-598803AF-E200-4B36-AA03-8F7AD9B268C7" name="Cancelled" parallelMultiple="false">
         <outgoing>sid-1C3462E1-2B91-48AD-8426-13CF5B3E5033</outgoing>
         <errorEventDefinition errorRef="sid-e8d6aee8-4c63-4159-b793-a8c6791df22f" id="sid-64038cea-1ec5-44f4-b0ad-a20181e23ec4"/>
      </boundaryEvent>
      <boundaryEvent attachedToRef="sid-93B9A7CF-114E-4402-8D45-3BFFBEC17D5E" cancelActivity="true" id="sid-30B2551D-8030-48E6-8437-9995A0A3B8FA" name="Cancelled" parallelMultiple="false">
         <outgoing>sid-DAA8C081-96AE-4647-86B4-F14A2ECB8CF4</outgoing>
         <errorEventDefinition errorRef="sid-e8d6aee8-4c63-4159-b793-a8c6791df22f" id="sid-891da0e1-67a1-44e3-88aa-147784f9cf5b"/>
      </boundaryEvent>
      <boundaryEvent attachedToRef="sid-2EA9DFA7-FFBC-4060-A166-CE87D75DE109" cancelActivity="true" id="sid-07C06BE1-98F6-4EC3-BEC5-EBA283EF00A3" name="Cancelled" parallelMultiple="false">
         <outgoing>sid-96EFB894-924C-46DB-8F7A-4CA6B95D2E3D</outgoing>
         <errorEventDefinition errorRef="sid-e8d6aee8-4c63-4159-b793-a8c6791df22f" id="sid-f0b979b7-b0f5-46f5-9416-37ed1274de2d"/>
      </boundaryEvent>
      <boundaryEvent attachedToRef="sid-AD1B68C7-532E-4ED4-A2C5-AAC5B09F4B4A" cancelActivity="true" id="sid-419365E6-D7D1-4B46-BFB1-E382030C5516" name="Cancelled" parallelMultiple="false">
         <outgoing>sid-34B6C5F1-8504-455B-8B5C-963CB990F8E9</outgoing>
         <errorEventDefinition errorRef="sid-e8d6aee8-4c63-4159-b793-a8c6791df22f" id="sid-c9e665b9-7d9f-4327-8bdd-587b7a49e765"/>
      </boundaryEvent>
      <exclusiveGateway gatewayDirection="Converging" id="sid-7BA5271B-E992-4226-AB80-409F2BE1C10A" name="">
         <extensionElements>
            <signavio:signavioMetaData metaKey="bgcolor" metaValue="#ffffff"/>
            <signavio:signavioMetaData metaKey="bordercolor" metaValue="#000000"/>
         </extensionElements>
         <incoming>sid-D49C9889-9A3D-46E9-B212-308DBF3986C5</incoming>
         <incoming>sid-0B747C57-DF77-46C6-928B-4287E398103B</incoming>
         <outgoing>sid-94C9E877-FD31-4DC9-939C-75794D09D7BA</outgoing>
      </exclusiveGateway>
      <exclusiveGateway gatewayDirection="Converging" id="sid-2AE766B2-3032-4E0A-A051-1770CEF6463B" name="">
         <extensionElements>
            <signavio:signavioMetaData metaKey="bgcolor" metaValue="#ffffff"/>
            <signavio:signavioMetaData metaKey="bordercolor" metaValue="#000000"/>
         </extensionElements>
         <incoming>sid-801F75AD-077D-4AFB-9F69-F3F6AC1BA526</incoming>
         <incoming>sid-553B5511-4E0D-465A-BCAE-E238A71AD5B8</incoming>
         <outgoing>sid-29D7C969-BA33-4E9A-B282-62DFDC85A1CC</outgoing>
      </exclusiveGateway>
      <exclusiveGateway gatewayDirection="Converging" id="sid-F500347B-95DA-4DF4-B0A9-49743CC3D7F4" name="">
         <extensionElements>
            <signavio:signavioMetaData metaKey="bgcolor" metaValue="#ffffff"/>
            <signavio:signavioMetaData metaKey="bordercolor" metaValue="#000000"/>
         </extensionElements>
         <incoming>sid-F2061520-C51E-4B80-8B81-036E041C44C2</incoming>
         <incoming>sid-D302EC30-5137-4A36-8741-D4E6C72A4392</incoming>
         <outgoing>sid-6D99E74E-D8DF-4E0D-8528-B61962A5E1F4</outgoing>
      </exclusiveGateway>
      <complexGateway gatewayDirection="Converging" id="sid-B6A75022-FDB7-4405-BD58-E6F201877375" name="">
         <extensionElements>
            <signavio:signavioMetaData metaKey="bgcolor" metaValue="#ffffff"/>
            <signavio:signavioMetaData metaKey="bordercolor" metaValue="#000000"/>
         </extensionElements>
         <incoming>sid-6D99E74E-D8DF-4E0D-8528-B61962A5E1F4</incoming>
         <incoming>sid-94C9E877-FD31-4DC9-939C-75794D09D7BA</incoming>
         <incoming>sid-29D7C969-BA33-4E9A-B282-62DFDC85A1CC</incoming>
         <outgoing>sid-53F85FED-C141-4B6F-87D6-E8DC1B3D32CF</outgoing>
      </complexGateway>
      <sequenceFlow id="sid-42583DA1-ABEA-4A1E-960E-F8A091B8FAD5" name="" sourceRef="sid-CE5BE1B5-E5BD-4D65-B51E-F37D226A1BB4" targetRef="sid-D2B5D068-A587-422A-95A9-FFF1B3D12C1C">
         <extensionElements>
            <signavio:signavioMetaData metaKey="bordercolor" metaValue="#000000"/>
         </extensionElements>
      </sequenceFlow>
      <sequenceFlow id="sid-60FA6010-472B-4DB9-8CB7-4E958C695E92" name="" sourceRef="sid-D2B5D068-A587-422A-95A9-FFF1B3D12C1C" targetRef="sid-5216642C-3A47-47D3-81C9-4B6C9202826B">
         <extensionElements>
            <signavio:signavioMetaData metaKey="bordercolor" metaValue="#000000"/>
         </extensionElements>
      </sequenceFlow>
      <sequenceFlow id="sid-22B85F19-338C-46F1-BAE0-34767540BA59" name="" sourceRef="sid-4662EF46-8BF0-4BFC-BE8B-08F1511C6578" targetRef="sid-B00FBAE8-CEE8-4DBC-AD2A-C6A6E3F901E4">
         <extensionElements>
            <signavio:signavioMetaData metaKey="bordercolor" metaValue="#000000"/>
         </extensionElements>
      </sequenceFlow>
      <sequenceFlow id="sid-EEE47DAC-2877-492D-94A1-6D0331C626AE" name="" sourceRef="sid-93B9A7CF-114E-4402-8D45-3BFFBEC17D5E" targetRef="sid-7880AE08-3FB9-4BD5-B994-35F9BC806C09">
         <extensionElements>
            <signavio:signavioMetaData metaKey="bordercolor" metaValue="#000000"/>
         </extensionElements>
      </sequenceFlow>
      <sequenceFlow id="sid-93ED092A-37F0-4475-BA05-0DF51CE0E7E2" name="" sourceRef="sid-7880AE08-3FB9-4BD5-B994-35F9BC806C09" targetRef="sid-2EA9DFA7-FFBC-4060-A166-CE87D75DE109">
         <extensionElements>
            <signavio:signavioMetaData metaKey="bordercolor" metaValue="#000000"/>
         </extensionElements>
      </sequenceFlow>
      <sequenceFlow id="sid-37C44981-FE45-4E94-A598-F23BE035A0A8" name="" sourceRef="sid-34CABAE0-290E-425C-BD19-7ED2DC6844C5" targetRef="sid-4662EF46-8BF0-4BFC-BE8B-08F1511C6578">
         <extensionElements>
            <signavio:signavioMetaData metaKey="bordercolor" metaValue="#000000"/>
         </extensionElements>
      </sequenceFlow>
      <sequenceFlow id="sid-A30CAD01-EB8A-4B8F-A8E9-67C1319A7495" name="" sourceRef="sid-5216642C-3A47-47D3-81C9-4B6C9202826B" targetRef="sid-34CABAE0-290E-425C-BD19-7ED2DC6844C5">
         <extensionElements>
            <signavio:signavioMetaData metaKey="bordercolor" metaValue="#000000"/>
         </extensionElements>
      </sequenceFlow>
      <sequenceFlow id="sid-AD4135CE-EE01-49AE-8899-2FEC3D330308" name="" sourceRef="sid-ED79E1C6-09EA-4270-977A-D91956693024" targetRef="sid-BC8067C2-ED39-4B87-A6F0-2C88418B2EE0">
         <extensionElements>
            <signavio:signavioMetaData metaKey="bordercolor" metaValue="#000000"/>
         </extensionElements>
      </sequenceFlow>
      <sequenceFlow id="sid-BFCA05E7-DCE4-4985-8A42-922C67600000" name="" sourceRef="sid-5216642C-3A47-47D3-81C9-4B6C9202826B" targetRef="sid-ED79E1C6-09EA-4270-977A-D91956693024">
         <extensionElements>
            <signavio:signavioMetaData metaKey="bordercolor" metaValue="#000000"/>
         </extensionElements>
      </sequenceFlow>
      <sequenceFlow id="sid-BBCABFE2-5C71-479F-B00A-989E549252E3" name="" sourceRef="sid-5216642C-3A47-47D3-81C9-4B6C9202826B" targetRef="sid-018DC92B-BDC2-4628-B8B2-70947F6E3EBF">
         <extensionElements>
            <signavio:signavioMetaData metaKey="bordercolor" metaValue="#000000"/>
         </extensionElements>
      </sequenceFlow>
      <sequenceFlow id="sid-B0CD8D8C-81E0-446E-A72E-899149EFB025" name="" sourceRef="sid-018DC92B-BDC2-4628-B8B2-70947F6E3EBF" targetRef="sid-93B9A7CF-114E-4402-8D45-3BFFBEC17D5E">
         <extensionElements>
            <signavio:signavioMetaData metaKey="bordercolor" metaValue="#000000"/>
         </extensionElements>
      </sequenceFlow>
      <sequenceFlow id="sid-1D2A5556-1CB3-4A75-B508-76CDBB52B27D" name="" sourceRef="sid-B00FBAE8-CEE8-4DBC-AD2A-C6A6E3F901E4" targetRef="sid-AD1B68C7-532E-4ED4-A2C5-AAC5B09F4B4A">
         <extensionElements>
            <signavio:signavioMetaData metaKey="bordercolor" metaValue="#000000"/>
         </extensionElements>
      </sequenceFlow>
      <sequenceFlow id="sid-96EFB894-924C-46DB-8F7A-4CA6B95D2E3D" name="" sourceRef="sid-07C06BE1-98F6-4EC3-BEC5-EBA283EF00A3" targetRef="sid-0F939067-78FA-4770-9965-02974C259A6E">
         <extensionElements>
            <signavio:signavioMetaData metaKey="bordercolor" metaValue="#FF6600"/>
         </extensionElements>
      </sequenceFlow>
      <sequenceFlow id="sid-DAA8C081-96AE-4647-86B4-F14A2ECB8CF4" name="" sourceRef="sid-30B2551D-8030-48E6-8437-9995A0A3B8FA" targetRef="sid-0F939067-78FA-4770-9965-02974C259A6E">
         <extensionElements>
            <signavio:signavioMetaData metaKey="bordercolor" metaValue="#FF6600"/>
         </extensionElements>
      </sequenceFlow>
      <sequenceFlow id="sid-1C3462E1-2B91-48AD-8426-13CF5B3E5033" name="" sourceRef="sid-598803AF-E200-4B36-AA03-8F7AD9B268C7" targetRef="sid-0F939067-78FA-4770-9965-02974C259A6E">
         <extensionElements>
            <signavio:signavioMetaData metaKey="bordercolor" metaValue="#FF6600"/>
         </extensionElements>
      </sequenceFlow>
      <sequenceFlow id="sid-CA1F9FBF-1C47-4061-B98D-EA5CC11E32D3" name="" sourceRef="sid-85517C67-E961-406F-BB61-104D62B3BF8D" targetRef="sid-0F939067-78FA-4770-9965-02974C259A6E">
         <extensionElements>
            <signavio:signavioMetaData metaKey="bordercolor" metaValue="#FF6600"/>
         </extensionElements>
      </sequenceFlow>
      <sequenceFlow id="sid-34B6C5F1-8504-455B-8B5C-963CB990F8E9" name="" sourceRef="sid-419365E6-D7D1-4B46-BFB1-E382030C5516" targetRef="sid-0F939067-78FA-4770-9965-02974C259A6E">
         <extensionElements>
            <signavio:signavioMetaData metaKey="bordercolor" metaValue="#FF6600"/>
         </extensionElements>
      </sequenceFlow>
      <sequenceFlow id="sid-191680A4-ADA1-4932-86FB-7B2B216F494B" name="" sourceRef="sid-6887F2DB-B494-4EE8-B100-B166251A3579" targetRef="sid-0F939067-78FA-4770-9965-02974C259A6E">
         <extensionElements>
            <signavio:signavioMetaData metaKey="bordercolor" metaValue="#FF6600"/>
         </extensionElements>
      </sequenceFlow>
      <sequenceFlow id="sid-D49C9889-9A3D-46E9-B212-308DBF3986C5" name="" sourceRef="sid-AD1B68C7-532E-4ED4-A2C5-AAC5B09F4B4A" targetRef="sid-7BA5271B-E992-4226-AB80-409F2BE1C10A">
         <extensionElements>
            <signavio:signavioMetaData metaKey="bordercolor" metaValue="#000000"/>
         </extensionElements>
      </sequenceFlow>
      <sequenceFlow id="sid-801F75AD-077D-4AFB-9F69-F3F6AC1BA526" name="" sourceRef="sid-2EA9DFA7-FFBC-4060-A166-CE87D75DE109" targetRef="sid-2AE766B2-3032-4E0A-A051-1770CEF6463B">
         <extensionElements>
            <signavio:signavioMetaData metaKey="bordercolor" metaValue="#000000"/>
         </extensionElements>
      </sequenceFlow>
      <sequenceFlow id="sid-F2061520-C51E-4B80-8B81-036E041C44C2" name="" sourceRef="sid-BC8067C2-ED39-4B87-A6F0-2C88418B2EE0" targetRef="sid-F500347B-95DA-4DF4-B0A9-49743CC3D7F4">
         <extensionElements>
            <signavio:signavioMetaData metaKey="bordercolor" metaValue="#000000"/>
         </extensionElements>
      </sequenceFlow>
      <sequenceFlow id="sid-6D99E74E-D8DF-4E0D-8528-B61962A5E1F4" name="" sourceRef="sid-F500347B-95DA-4DF4-B0A9-49743CC3D7F4" targetRef="sid-B6A75022-FDB7-4405-BD58-E6F201877375">
         <extensionElements>
            <signavio:signavioMetaData metaKey="bordercolor" metaValue="#000000"/>
         </extensionElements>
      </sequenceFlow>
      <sequenceFlow id="sid-94C9E877-FD31-4DC9-939C-75794D09D7BA" name="" sourceRef="sid-7BA5271B-E992-4226-AB80-409F2BE1C10A" targetRef="sid-B6A75022-FDB7-4405-BD58-E6F201877375">
         <extensionElements>
            <signavio:signavioMetaData metaKey="bordercolor" metaValue="#000000"/>
         </extensionElements>
      </sequenceFlow>
      <sequenceFlow id="sid-29D7C969-BA33-4E9A-B282-62DFDC85A1CC" name="" sourceRef="sid-2AE766B2-3032-4E0A-A051-1770CEF6463B" targetRef="sid-B6A75022-FDB7-4405-BD58-E6F201877375">
         <extensionElements>
            <signavio:signavioMetaData metaKey="bordercolor" metaValue="#000000"/>
         </extensionElements>
      </sequenceFlow>
      <sequenceFlow id="sid-53F85FED-C141-4B6F-87D6-E8DC1B3D32CF" name="" sourceRef="sid-B6A75022-FDB7-4405-BD58-E6F201877375" targetRef="sid-0F97AA53-F1FD-434E-B4F8-82329CD4C025">
         <extensionElements>
            <signavio:signavioMetaData metaKey="bordercolor" metaValue="#000000"/>
         </extensionElements>
      </sequenceFlow>
      <sequenceFlow id="sid-5316D939-BF3E-444B-BE32-5DB97E130BF0" name="Use default driving style" sourceRef="sid-34CABAE0-290E-425C-BD19-7ED2DC6844C5" targetRef="sid-B00FBAE8-CEE8-4DBC-AD2A-C6A6E3F901E4">
         <extensionElements>
            <signavio:signavioMetaData metaKey="bordercolor" metaValue="#000000"/>
            <signavio:signavioLabel align="left" distance="7.484375" from="1" orientation="ll" ref="text_name" to="2" valign="bottom" x="460.0" y="52.0"/>
         </extensionElements>
      </sequenceFlow>
      <sequenceFlow id="sid-0B747C57-DF77-46C6-928B-4287E398103B" name="Set driving style for all participants" sourceRef="sid-B00FBAE8-CEE8-4DBC-AD2A-C6A6E3F901E4" targetRef="sid-7BA5271B-E992-4226-AB80-409F2BE1C10A">
         <extensionElements>
            <signavio:signavioMetaData metaKey="bordercolor" metaValue="#000000"/>
            <signavio:signavioLabel align="center" distance="12.65625" from="1" ref="text_name" to="2" valign="middle" x="763.5390625" y="180.0"/>
         </extensionElements>
      </sequenceFlow>
      <sequenceFlow id="sid-3325C047-0966-4FEA-A421-8B727330A82A" name="Use default rules" sourceRef="sid-018DC92B-BDC2-4628-B8B2-70947F6E3EBF" targetRef="sid-7880AE08-3FB9-4BD5-B994-35F9BC806C09">
         <extensionElements>
            <signavio:signavioMetaData metaKey="bordercolor" metaValue="#000000"/>
            <signavio:signavioLabel align="left" distance="-7.171875" from="1" orientation="ul" ref="text_name" to="2" valign="top" x="390.0" y="408.0"/>
         </extensionElements>
      </sequenceFlow>
      <sequenceFlow id="sid-553B5511-4E0D-465A-BCAE-E238A71AD5B8" name="Set rules for all participants" sourceRef="sid-7880AE08-3FB9-4BD5-B994-35F9BC806C09" targetRef="sid-2AE766B2-3032-4E0A-A051-1770CEF6463B">
         <extensionElements>
            <signavio:signavioMetaData metaKey="bordercolor" metaValue="#000000"/>
            <signavio:signavioLabel align="left" distance="7.484375" from="1" orientation="ll" ref="text_name" to="2" valign="bottom" x="622.0" y="288.0"/>
         </extensionElements>
      </sequenceFlow>
      <sequenceFlow id="sid-D302EC30-5137-4A36-8741-D4E6C72A4392" name="Use default traffic density" sourceRef="sid-ED79E1C6-09EA-4270-977A-D91956693024" targetRef="sid-F500347B-95DA-4DF4-B0A9-49743CC3D7F4">
         <extensionElements>
            <signavio:signavioMetaData metaKey="bordercolor" metaValue="#000000"/>
            <signavio:signavioLabel align="center" distance="13.65625" from="1" ref="text_name" to="2" valign="middle" x="528.96875" y="280.0"/>
         </extensionElements>
      </sequenceFlow>
      <dataObjectReference dataObjectRef="sid-2a65b4b3-f7f6-49e7-b4be-b307e4366fcf" id="sid-091CF602-ACA6-410A-A536-B92AE66EC0D3" name="Default values">
         <extensionElements>
            <signavio:signavioMetaData metaKey="bgcolor" metaValue="#ffffff"/>
            <signavio:signavioMetaData metaKey="bordercolor" metaValue="#000000"/>
         </extensionElements>
      </dataObjectReference>
   </process>
   <bpmndi:BPMNDiagram id="sid-226eeea9-586f-4baa-b5de-7d0cf5bf1cb5">
      <bpmndi:BPMNPlane bpmnElement="sid-52488de1-5cb5-489d-bec5-8c861927bab2" id="sid-a794d02f-e8cb-4bcd-b3fd-e245c1eedeff">
         <bpmndi:BPMNShape bpmnElement="sid-CE5BE1B5-E5BD-4D65-B51E-F37D226A1BB4" id="sid-CE5BE1B5-E5BD-4D65-B51E-F37D226A1BB4_gui">
            <omgdc:Bounds height="30.0" width="30.0" x="30.0" y="165.0"/>
         </bpmndi:BPMNShape>
         <bpmndi:BPMNShape bpmnElement="sid-D2B5D068-A587-422A-95A9-FFF1B3D12C1C" id="sid-D2B5D068-A587-422A-95A9-FFF1B3D12C1C_gui">
            <omgdc:Bounds height="80.0" width="100.0" x="104.0" y="140.0"/>
            <bpmndi:BPMNLabel labelStyle="sid-950db22a-18c1-4e33-be60-624b0cfdb1a1">
               <omgdc:Bounds height="24.0" width="77.14286041259766" x="115.42856979370117" y="166.0"/>
            </bpmndi:BPMNLabel>
         </bpmndi:BPMNShape>
         <bpmndi:BPMNShape bpmnElement="sid-5216642C-3A47-47D3-81C9-4B6C9202826B" id="sid-5216642C-3A47-47D3-81C9-4B6C9202826B_gui">
            <omgdc:Bounds height="40.0" width="40.0" x="250.0" y="160.0"/>
         </bpmndi:BPMNShape>
         <bpmndi:BPMNShape bpmnElement="sid-4662EF46-8BF0-4BFC-BE8B-08F1511C6578" id="sid-4662EF46-8BF0-4BFC-BE8B-08F1511C6578_gui">
            <omgdc:Bounds height="80.0" width="100.0" x="390.0" y="60.0"/>
            <bpmndi:BPMNLabel labelStyle="sid-950db22a-18c1-4e33-be60-624b0cfdb1a1">
               <omgdc:Bounds height="12.0" width="87.94285583496094" x="396.02857208251953" y="92.0"/>
            </bpmndi:BPMNLabel>
         </bpmndi:BPMNShape>
         <bpmndi:BPMNShape bpmnElement="sid-BC8067C2-ED39-4B87-A6F0-2C88418B2EE0" id="sid-BC8067C2-ED39-4B87-A6F0-2C88418B2EE0_gui">
            <omgdc:Bounds height="80.0" width="100.0" x="423.0" y="169.0"/>
            <bpmndi:BPMNLabel labelStyle="sid-950db22a-18c1-4e33-be60-624b0cfdb1a1">
               <omgdc:Bounds height="24.0" width="53.22857666015625" x="446.3857116699219" y="195.0"/>
            </bpmndi:BPMNLabel>
         </bpmndi:BPMNShape>
         <bpmndi:BPMNShape bpmnElement="sid-93B9A7CF-114E-4402-8D45-3BFFBEC17D5E" id="sid-93B9A7CF-114E-4402-8D45-3BFFBEC17D5E_gui">
            <omgdc:Bounds height="80.0" width="100.0" x="390.0" y="294.0"/>
            <bpmndi:BPMNLabel labelStyle="sid-950db22a-18c1-4e33-be60-624b0cfdb1a1">
               <omgdc:Bounds height="24.0" width="62.4857177734375" x="408.75714111328125" y="320.0"/>
            </bpmndi:BPMNLabel>
         </bpmndi:BPMNShape>
         <bpmndi:BPMNShape bpmnElement="sid-B00FBAE8-CEE8-4DBC-AD2A-C6A6E3F901E4" id="sid-B00FBAE8-CEE8-4DBC-AD2A-C6A6E3F901E4_gui" isMarkerVisible="true">
            <omgdc:Bounds height="40.0" width="40.0" x="535.0" y="80.0"/>
         </bpmndi:BPMNShape>
         <bpmndi:BPMNShape bpmnElement="sid-AD1B68C7-532E-4ED4-A2C5-AAC5B09F4B4A" id="sid-AD1B68C7-532E-4ED4-A2C5-AAC5B09F4B4A_gui">
            <omgdc:Bounds height="80.0" width="100.0" x="620.0" y="60.0"/>
            <bpmndi:BPMNLabel labelStyle="sid-950db22a-18c1-4e33-be60-624b0cfdb1a1">
               <omgdc:Bounds height="36.0" width="87.94285583496094" x="626.0285720825195" y="80.0"/>
            </bpmndi:BPMNLabel>
         </bpmndi:BPMNShape>
         <bpmndi:BPMNShape bpmnElement="sid-7880AE08-3FB9-4BD5-B994-35F9BC806C09" id="sid-7880AE08-3FB9-4BD5-B994-35F9BC806C09_gui" isMarkerVisible="true">
            <omgdc:Bounds height="40.0" width="40.0" x="535.0" y="314.0"/>
         </bpmndi:BPMNShape>
         <bpmndi:BPMNShape bpmnElement="sid-2EA9DFA7-FFBC-4060-A166-CE87D75DE109" id="sid-2EA9DFA7-FFBC-4060-A166-CE87D75DE109_gui">
            <omgdc:Bounds height="80.0" width="100.0" x="620.0" y="294.0"/>
            <bpmndi:BPMNLabel labelStyle="sid-950db22a-18c1-4e33-be60-624b0cfdb1a1">
               <omgdc:Bounds height="36.0" width="85.62857055664062" x="627.1857147216797" y="314.0"/>
            </bpmndi:BPMNLabel>
         </bpmndi:BPMNShape>
         <bpmndi:BPMNShape bpmnElement="sid-0F939067-78FA-4770-9965-02974C259A6E" id="sid-0F939067-78FA-4770-9965-02974C259A6E_gui">
            <omgdc:Bounds height="28.0" width="28.0" x="195.0" y="487.11801379376664"/>
            <bpmndi:BPMNLabel labelStyle="sid-be39aca3-33dc-49da-b69c-661e57461e5d">
               <omgdc:Bounds height="11.0" width="171.12857055664062" x="123.43571472167969" y="517.1180137937666"/>
            </bpmndi:BPMNLabel>
         </bpmndi:BPMNShape>
         <bpmndi:BPMNShape bpmnElement="sid-34CABAE0-290E-425C-BD19-7ED2DC6844C5" id="sid-34CABAE0-290E-425C-BD19-7ED2DC6844C5_gui" isMarkerVisible="true">
            <omgdc:Bounds height="40.0" width="40.0" x="305.0" y="80.0"/>
         </bpmndi:BPMNShape>
         <bpmndi:BPMNShape bpmnElement="sid-ED79E1C6-09EA-4270-977A-D91956693024" id="sid-ED79E1C6-09EA-4270-977A-D91956693024_gui" isMarkerVisible="true">
            <omgdc:Bounds height="40.0" width="40.0" x="335.0" y="189.0"/>
         </bpmndi:BPMNShape>
         <bpmndi:BPMNShape bpmnElement="sid-018DC92B-BDC2-4628-B8B2-70947F6E3EBF" id="sid-018DC92B-BDC2-4628-B8B2-70947F6E3EBF_gui" isMarkerVisible="true">
            <omgdc:Bounds height="40.0" width="40.0" x="305.0" y="314.0"/>
         </bpmndi:BPMNShape>
         <bpmndi:BPMNShape bpmnElement="sid-0F97AA53-F1FD-434E-B4F8-82329CD4C025" id="sid-0F97AA53-F1FD-434E-B4F8-82329CD4C025_gui">
            <omgdc:Bounds height="28.0" width="28.0" x="955.0" y="195.0"/>
            <bpmndi:BPMNLabel labelStyle="sid-be39aca3-33dc-49da-b69c-661e57461e5d">
               <omgdc:Bounds height="11.0" width="154.1571502685547" x="891.9214248657227" y="225.0"/>
            </bpmndi:BPMNLabel>
         </bpmndi:BPMNShape>
         <bpmndi:BPMNShape bpmnElement="sid-6887F2DB-B494-4EE8-B100-B166251A3579" id="sid-6887F2DB-B494-4EE8-B100-B166251A3579_gui">
            <omgdc:Bounds height="30.0" width="30.0" x="90.72413793103448" y="205.0"/>
            <bpmndi:BPMNLabel labelStyle="sid-be39aca3-33dc-49da-b69c-661e57461e5d">
               <omgdc:Bounds height="11.0" width="45.96428680419922" x="82.74199452893487" y="237.0"/>
            </bpmndi:BPMNLabel>
         </bpmndi:BPMNShape>
         <bpmndi:BPMNShape bpmnElement="sid-85517C67-E961-406F-BB61-104D62B3BF8D" id="sid-85517C67-E961-406F-BB61-104D62B3BF8D_gui">
            <omgdc:Bounds height="30.0" width="30.0" x="376.7241379310345" y="125.0"/>
            <bpmndi:BPMNLabel labelStyle="sid-be39aca3-33dc-49da-b69c-661e57461e5d">
               <omgdc:Bounds height="11.0" width="45.96428680419922" x="368.74199452893487" y="157.0"/>
            </bpmndi:BPMNLabel>
         </bpmndi:BPMNShape>
         <bpmndi:BPMNShape bpmnElement="sid-598803AF-E200-4B36-AA03-8F7AD9B268C7" id="sid-598803AF-E200-4B36-AA03-8F7AD9B268C7_gui">
            <omgdc:Bounds height="30.0" width="30.0" x="408.0" y="231.87878787878788"/>
            <bpmndi:BPMNLabel labelStyle="sid-be39aca3-33dc-49da-b69c-661e57461e5d">
               <omgdc:Bounds height="11.0" width="45.96428680419922" x="400.0178565979004" y="263.8787878787879"/>
            </bpmndi:BPMNLabel>
         </bpmndi:BPMNShape>
         <bpmndi:BPMNShape bpmnElement="sid-30B2551D-8030-48E6-8437-9995A0A3B8FA" id="sid-30B2551D-8030-48E6-8437-9995A0A3B8FA_gui">
            <omgdc:Bounds height="30.0" width="30.0" x="375.0" y="352.9819399702263"/>
            <bpmndi:BPMNLabel labelStyle="sid-be39aca3-33dc-49da-b69c-661e57461e5d">
               <omgdc:Bounds height="11.0" width="45.96428680419922" x="367.0178565979004" y="384.9819399702263"/>
            </bpmndi:BPMNLabel>
         </bpmndi:BPMNShape>
         <bpmndi:BPMNShape bpmnElement="sid-07C06BE1-98F6-4EC3-BEC5-EBA283EF00A3" id="sid-07C06BE1-98F6-4EC3-BEC5-EBA283EF00A3_gui">
            <omgdc:Bounds height="30.0" width="30.0" x="613.8948672449956" y="359.0"/>
            <bpmndi:BPMNLabel labelStyle="sid-be39aca3-33dc-49da-b69c-661e57461e5d">
               <omgdc:Bounds height="11.0" width="45.96428680419922" x="605.912723842896" y="391.0"/>
            </bpmndi:BPMNLabel>
         </bpmndi:BPMNShape>
         <bpmndi:BPMNShape bpmnElement="sid-419365E6-D7D1-4B46-BFB1-E382030C5516" id="sid-419365E6-D7D1-4B46-BFB1-E382030C5516_gui">
            <omgdc:Bounds height="30.0" width="30.0" x="612.3299436921168" y="125.0"/>
            <bpmndi:BPMNLabel labelStyle="sid-be39aca3-33dc-49da-b69c-661e57461e5d">
               <omgdc:Bounds height="11.0" width="45.96428680419922" x="604.3478002900172" y="157.0"/>
            </bpmndi:BPMNLabel>
         </bpmndi:BPMNShape>
         <bpmndi:BPMNShape bpmnElement="sid-7BA5271B-E992-4226-AB80-409F2BE1C10A" id="sid-7BA5271B-E992-4226-AB80-409F2BE1C10A_gui" isMarkerVisible="true">
            <omgdc:Bounds height="40.0" width="40.0" x="765.0" y="80.0"/>
         </bpmndi:BPMNShape>
         <bpmndi:BPMNShape bpmnElement="sid-2AE766B2-3032-4E0A-A051-1770CEF6463B" id="sid-2AE766B2-3032-4E0A-A051-1770CEF6463B_gui" isMarkerVisible="true">
            <omgdc:Bounds height="40.0" width="40.0" x="765.0" y="314.0"/>
         </bpmndi:BPMNShape>
         <bpmndi:BPMNShape bpmnElement="sid-F500347B-95DA-4DF4-B0A9-49743CC3D7F4" id="sid-F500347B-95DA-4DF4-B0A9-49743CC3D7F4_gui" isMarkerVisible="true">
            <omgdc:Bounds height="40.0" width="40.0" x="568.0" y="189.0"/>
         </bpmndi:BPMNShape>
         <bpmndi:BPMNShape bpmnElement="sid-B6A75022-FDB7-4405-BD58-E6F201877375" id="sid-B6A75022-FDB7-4405-BD58-E6F201877375_gui">
            <omgdc:Bounds height="40.0" width="40.0" x="850.0" y="189.0"/>
         </bpmndi:BPMNShape>
         <bpmndi:BPMNShape bpmnElement="sid-091CF602-ACA6-410A-A536-B92AE66EC0D3" id="sid-091CF602-ACA6-410A-A536-B92AE66EC0D3_gui">
            <omgdc:Bounds height="97.0" width="88.0" x="110.0" y="18.0"/>
            <bpmndi:BPMNLabel labelStyle="sid-950db22a-18c1-4e33-be60-624b0cfdb1a1">
               <omgdc:Bounds height="12.0" width="76.37142944335938" x="115.81428527832031" y="58.5"/>
            </bpmndi:BPMNLabel>
         </bpmndi:BPMNShape>
         <bpmndi:BPMNEdge bpmnElement="sid-42583DA1-ABEA-4A1E-960E-F8A091B8FAD5" id="sid-42583DA1-ABEA-4A1E-960E-F8A091B8FAD5_gui">
            <omgdi:waypoint x="60.0" y="180.0"/>
            <omgdi:waypoint x="104.0" y="180.0"/>
         </bpmndi:BPMNEdge>
         <bpmndi:BPMNEdge bpmnElement="sid-60FA6010-472B-4DB9-8CB7-4E958C695E92" id="sid-60FA6010-472B-4DB9-8CB7-4E958C695E92_gui">
            <omgdi:waypoint x="204.0" y="180.21459227467813"/>
            <omgdi:waypoint x="250.0" y="180.41201716738198"/>
         </bpmndi:BPMNEdge>
         <bpmndi:BPMNEdge bpmnElement="sid-22B85F19-338C-46F1-BAE0-34767540BA59" id="sid-22B85F19-338C-46F1-BAE0-34767540BA59_gui">
            <omgdi:waypoint x="490.0" y="100.21645021645021"/>
            <omgdi:waypoint x="535.0" y="100.41125541125541"/>
         </bpmndi:BPMNEdge>
         <bpmndi:BPMNEdge bpmnElement="sid-EEE47DAC-2877-492D-94A1-6D0331C626AE" id="sid-EEE47DAC-2877-492D-94A1-6D0331C626AE_gui">
            <omgdi:waypoint x="490.0" y="334.2164502164502"/>
            <omgdi:waypoint x="535.0" y="334.4112554112554"/>
         </bpmndi:BPMNEdge>
         <bpmndi:BPMNEdge bpmnElement="sid-93ED092A-37F0-4475-BA05-0DF51CE0E7E2" id="sid-93ED092A-37F0-4475-BA05-0DF51CE0E7E2_gui">
            <omgdi:waypoint x="575.0" y="334.414847161572"/>
            <omgdi:waypoint x="620.0" y="334.2183406113537"/>
         </bpmndi:BPMNEdge>
         <bpmndi:BPMNEdge bpmnElement="sid-37C44981-FE45-4E94-A598-F23BE035A0A8" id="sid-37C44981-FE45-4E94-A598-F23BE035A0A8_gui">
            <omgdi:waypoint x="345.0" y="100.41484716157206"/>
            <omgdi:waypoint x="390.0" y="100.21834061135371"/>
         </bpmndi:BPMNEdge>
         <bpmndi:BPMNEdge bpmnElement="sid-A30CAD01-EB8A-4B8F-A8E9-67C1319A7495" id="sid-A30CAD01-EB8A-4B8F-A8E9-67C1319A7495_gui">
            <omgdi:waypoint x="270.5" y="160.0"/>
            <omgdi:waypoint x="270.5" y="100.5"/>
            <omgdi:waypoint x="305.0" y="100.5"/>
         </bpmndi:BPMNEdge>
         <bpmndi:BPMNEdge bpmnElement="sid-AD4135CE-EE01-49AE-8899-2FEC3D330308" id="sid-AD4135CE-EE01-49AE-8899-2FEC3D330308_gui">
            <omgdi:waypoint x="375.0" y="209.41702127659573"/>
            <omgdi:waypoint x="423.0" y="209.2127659574468"/>
         </bpmndi:BPMNEdge>
         <bpmndi:BPMNEdge bpmnElement="sid-BFCA05E7-DCE4-4985-8A42-922C67600000" id="sid-BFCA05E7-DCE4-4985-8A42-922C67600000_gui">
            <omgdi:waypoint x="270.5" y="200.0"/>
            <omgdi:waypoint x="270.5" y="209.5"/>
            <omgdi:waypoint x="335.0" y="209.5"/>
         </bpmndi:BPMNEdge>
         <bpmndi:BPMNEdge bpmnElement="sid-BBCABFE2-5C71-479F-B00A-989E549252E3" id="sid-BBCABFE2-5C71-479F-B00A-989E549252E3_gui">
            <omgdi:waypoint x="270.5" y="200.0"/>
            <omgdi:waypoint x="270.5" y="334.5"/>
            <omgdi:waypoint x="305.0" y="334.5"/>
         </bpmndi:BPMNEdge>
         <bpmndi:BPMNEdge bpmnElement="sid-B0CD8D8C-81E0-446E-A72E-899149EFB025" id="sid-B0CD8D8C-81E0-446E-A72E-899149EFB025_gui">
            <omgdi:waypoint x="345.0" y="334.414847161572"/>
            <omgdi:waypoint x="390.0" y="334.2183406113537"/>
         </bpmndi:BPMNEdge>
         <bpmndi:BPMNEdge bpmnElement="sid-1D2A5556-1CB3-4A75-B508-76CDBB52B27D" id="sid-1D2A5556-1CB3-4A75-B508-76CDBB52B27D_gui">
            <omgdi:waypoint x="575.0" y="100.41484716157206"/>
            <omgdi:waypoint x="620.0" y="100.21834061135371"/>
         </bpmndi:BPMNEdge>
         <bpmndi:BPMNEdge bpmnElement="sid-96EFB894-924C-46DB-8F7A-4CA6B95D2E3D" id="sid-96EFB894-924C-46DB-8F7A-4CA6B95D2E3D_gui">
            <omgdi:waypoint x="628.9005172715268" y="389.0"/>
            <omgdi:waypoint x="628.942748588365" y="501.11801379376664"/>
            <omgdi:waypoint x="223.0" y="501.11801379376664"/>
         </bpmndi:BPMNEdge>
         <bpmndi:BPMNEdge bpmnElement="sid-DAA8C081-96AE-4647-86B4-F14A2ECB8CF4" id="sid-DAA8C081-96AE-4647-86B4-F14A2ECB8CF4_gui">
            <omgdi:waypoint x="389.9872242798613" y="382.9819399702263"/>
            <omgdi:waypoint x="389.8866060520314" y="501.11801379376664"/>
            <omgdi:waypoint x="223.0" y="501.11801379376664"/>
         </bpmndi:BPMNEdge>
         <bpmndi:BPMNEdge bpmnElement="sid-1C3462E1-2B91-48AD-8426-13CF5B3E5033" id="sid-1C3462E1-2B91-48AD-8426-13CF5B3E5033_gui">
            <omgdi:waypoint x="424.4940809831528" y="261.8787878787879"/>
            <omgdi:waypoint x="425.10378675809596" y="268.0"/>
            <omgdi:waypoint x="209.0" y="268.0"/>
            <omgdi:waypoint x="209.0" y="487.11801379376664"/>
         </bpmndi:BPMNEdge>
         <bpmndi:BPMNEdge bpmnElement="sid-CA1F9FBF-1C47-4061-B98D-EA5CC11E32D3" id="sid-CA1F9FBF-1C47-4061-B98D-EA5CC11E32D3_gui">
            <omgdi:waypoint x="391.9379685752896" y="155.0"/>
            <omgdi:waypoint x="393.54882609534445" y="268.0"/>
            <omgdi:waypoint x="209.0" y="268.0"/>
            <omgdi:waypoint x="209.0" y="487.11801379376664"/>
         </bpmndi:BPMNEdge>
         <bpmndi:BPMNEdge bpmnElement="sid-34B6C5F1-8504-455B-8B5C-963CB990F8E9" id="sid-34B6C5F1-8504-455B-8B5C-963CB990F8E9_gui">
            <omgdi:waypoint x="627.0778569000731" y="155.0"/>
            <omgdi:waypoint x="626.9602163971194" y="162.0"/>
            <omgdi:waypoint x="393.54882609534445" y="160.0"/>
            <omgdi:waypoint x="393.54882609534445" y="268.0"/>
            <omgdi:waypoint x="209.0" y="268.0"/>
            <omgdi:waypoint x="209.0" y="487.11801379376664"/>
         </bpmndi:BPMNEdge>
         <bpmndi:BPMNEdge bpmnElement="sid-191680A4-ADA1-4932-86FB-7B2B216F494B" id="sid-191680A4-ADA1-4932-86FB-7B2B216F494B_gui">
            <omgdi:waypoint x="105.82150032377224" y="235.0"/>
            <omgdi:waypoint x="107.54882609534444" y="501.11801379376664"/>
            <omgdi:waypoint x="195.0" y="501.11801379376664"/>
         </bpmndi:BPMNEdge>
         <bpmndi:BPMNEdge bpmnElement="sid-D49C9889-9A3D-46E9-B212-308DBF3986C5" id="sid-D49C9889-9A3D-46E9-B212-308DBF3986C5_gui">
            <omgdi:waypoint x="720.0" y="100.21645021645021"/>
            <omgdi:waypoint x="765.0" y="100.41125541125541"/>
         </bpmndi:BPMNEdge>
         <bpmndi:BPMNEdge bpmnElement="sid-801F75AD-077D-4AFB-9F69-F3F6AC1BA526" id="sid-801F75AD-077D-4AFB-9F69-F3F6AC1BA526_gui">
            <omgdi:waypoint x="720.0" y="334.2164502164502"/>
            <omgdi:waypoint x="765.0" y="334.4112554112554"/>
         </bpmndi:BPMNEdge>
         <bpmndi:BPMNEdge bpmnElement="sid-F2061520-C51E-4B80-8B81-036E041C44C2" id="sid-F2061520-C51E-4B80-8B81-036E041C44C2_gui">
            <omgdi:waypoint x="523.0" y="209.21645021645023"/>
            <omgdi:waypoint x="568.0" y="209.4112554112554"/>
         </bpmndi:BPMNEdge>
         <bpmndi:BPMNEdge bpmnElement="sid-6D99E74E-D8DF-4E0D-8528-B61962A5E1F4" id="sid-6D99E74E-D8DF-4E0D-8528-B61962A5E1F4_gui">
            <omgdi:waypoint x="608.0" y="209.5"/>
            <omgdi:waypoint x="850.0" y="209.5"/>
         </bpmndi:BPMNEdge>
         <bpmndi:BPMNEdge bpmnElement="sid-94C9E877-FD31-4DC9-939C-75794D09D7BA" id="sid-94C9E877-FD31-4DC9-939C-75794D09D7BA_gui">
            <omgdi:waypoint x="805.0" y="100.5"/>
            <omgdi:waypoint x="870.5" y="100.5"/>
            <omgdi:waypoint x="870.5" y="189.0"/>
         </bpmndi:BPMNEdge>
         <bpmndi:BPMNEdge bpmnElement="sid-29D7C969-BA33-4E9A-B282-62DFDC85A1CC" id="sid-29D7C969-BA33-4E9A-B282-62DFDC85A1CC_gui">
            <omgdi:waypoint x="805.0" y="334.5"/>
            <omgdi:waypoint x="870.5" y="334.5"/>
            <omgdi:waypoint x="870.5" y="229.0"/>
         </bpmndi:BPMNEdge>
         <bpmndi:BPMNEdge bpmnElement="sid-53F85FED-C141-4B6F-87D6-E8DC1B3D32CF" id="sid-53F85FED-C141-4B6F-87D6-E8DC1B3D32CF_gui">
            <omgdi:waypoint x="890.0" y="209.4010152284264"/>
            <omgdi:waypoint x="955.0" y="209.0710659898477"/>
         </bpmndi:BPMNEdge>
         <bpmndi:BPMNEdge bpmnElement="sid-5316D939-BF3E-444B-BE32-5DB97E130BF0" id="sid-5316D939-BF3E-444B-BE32-5DB97E130BF0_gui">
            <omgdi:waypoint x="325.5" y="80.0"/>
            <omgdi:waypoint x="325.5" y="52.0"/>
            <omgdi:waypoint x="555.5" y="52.0"/>
            <omgdi:waypoint x="555.5" y="80.0"/>
            <bpmndi:BPMNLabel labelStyle="sid-be39aca3-33dc-49da-b69c-661e57461e5d">
               <omgdc:Bounds height="12.0" width="130.3714599609375" x="460.0" y="32.51599884033203"/>
            </bpmndi:BPMNLabel>
         </bpmndi:BPMNEdge>
         <bpmndi:BPMNEdge bpmnElement="sid-0B747C57-DF77-46C6-928B-4287E398103B" id="sid-0B747C57-DF77-46C6-928B-4287E398103B_gui">
            <omgdi:waypoint x="555.5" y="120.0"/>
            <omgdi:waypoint x="555.5" y="180.0"/>
            <omgdi:waypoint x="785.5" y="180.0"/>
            <omgdi:waypoint x="785.5" y="120.0"/>
            <bpmndi:BPMNLabel labelStyle="sid-be39aca3-33dc-49da-b69c-661e57461e5d">
               <omgdc:Bounds height="12.0" width="189.0" x="669.0390014648438" y="159.343994140625"/>
            </bpmndi:BPMNLabel>
         </bpmndi:BPMNEdge>
         <bpmndi:BPMNEdge bpmnElement="sid-3325C047-0966-4FEA-A421-8B727330A82A" id="sid-3325C047-0966-4FEA-A421-8B727330A82A_gui">
            <omgdi:waypoint x="325.5" y="354.0"/>
            <omgdi:waypoint x="325.5" y="408.0"/>
            <omgdi:waypoint x="555.5" y="408.0"/>
            <omgdi:waypoint x="555.5" y="354.0"/>
            <bpmndi:BPMNLabel labelStyle="sid-be39aca3-33dc-49da-b69c-661e57461e5d">
               <omgdc:Bounds height="12.0" width="91.028564453125" x="390.0" y="415.1719970703125"/>
            </bpmndi:BPMNLabel>
         </bpmndi:BPMNEdge>
         <bpmndi:BPMNEdge bpmnElement="sid-553B5511-4E0D-465A-BCAE-E238A71AD5B8" id="sid-553B5511-4E0D-465A-BCAE-E238A71AD5B8_gui">
            <omgdi:waypoint x="555.5" y="314.0"/>
            <omgdi:waypoint x="555.5" y="288.0"/>
            <omgdi:waypoint x="785.5" y="288.0"/>
            <omgdi:waypoint x="785.5" y="314.0"/>
            <bpmndi:BPMNLabel labelStyle="sid-be39aca3-33dc-49da-b69c-661e57461e5d">
               <omgdc:Bounds height="12.0" width="149.65716552734375" x="622.0" y="268.5159912109375"/>
            </bpmndi:BPMNLabel>
         </bpmndi:BPMNEdge>
         <bpmndi:BPMNEdge bpmnElement="sid-D302EC30-5137-4A36-8741-D4E6C72A4392" id="sid-D302EC30-5137-4A36-8741-D4E6C72A4392_gui">
            <omgdi:waypoint x="355.5" y="229.0"/>
            <omgdi:waypoint x="355.5" y="280.0"/>
            <omgdi:waypoint x="588.5" y="280.0"/>
            <omgdi:waypoint x="588.5" y="229.0"/>
            <bpmndi:BPMNLabel labelStyle="sid-be39aca3-33dc-49da-b69c-661e57461e5d">
               <omgdc:Bounds height="12.0" width="138.857177734375" x="459.5404052734375" y="258.343994140625"/>
            </bpmndi:BPMNLabel>
         </bpmndi:BPMNEdge>
         <bpmndi:BPMNEdge bpmnElement="sid-FC37904D-9E70-4F9D-A6EB-33F77F80DA6C" id="sid-FC37904D-9E70-4F9D-A6EB-33F77F80DA6C_gui">
            <omgdi:waypoint x="154.0" y="115.0"/>
            <omgdi:waypoint x="154.0" y="140.0"/>
         </bpmndi:BPMNEdge>
      </bpmndi:BPMNPlane>
      <bpmndi:BPMNLabelStyle id="sid-be39aca3-33dc-49da-b69c-661e57461e5d">
         <omgdc:Font isBold="false" isItalic="false" isStrikeThrough="false" isUnderline="false" name="Arial" size="11.0"/>
      </bpmndi:BPMNLabelStyle>
      <bpmndi:BPMNLabelStyle id="sid-950db22a-18c1-4e33-be60-624b0cfdb1a1">
         <omgdc:Font isBold="false" isItalic="false" isStrikeThrough="false" isUnderline="false" name="Arial" size="12.0"/>
      </bpmndi:BPMNLabelStyle>
   </bpmndi:BPMNDiagram>
</definitions>
