<?xml version="1.0" encoding="UTF-8"?><definitions xmlns="http://www.omg.org/spec/BPMN/20100524/MODEL" xmlns:bpmndi="http://www.omg.org/spec/BPMN/20100524/DI" xmlns:omgdc="http://www.omg.org/spec/DD/20100524/DC" xmlns:omgdi="http://www.omg.org/spec/DD/20100524/DI" xmlns:signavio="http://www.signavio.com" xmlns:xsi="http://www.w3.org/2001/XMLSchema-instance" exporter="Signavio Process Editor, http://www.signavio.com" exporterVersion="11.10.0" expressionLanguage="http://www.w3.org/TR/XPath" id="sid-ddddb2d8-d48b-4ae5-9d21-95b70c674f60" targetNamespace="http://www.signavio.com" typeLanguage="http://www.w3.org/2001/XMLSchema" xsi:schemaLocation="http://www.omg.org/spec/BPMN/20100524/MODEL http://www.omg.org/spec/BPMN/2.0/20100501/BPMN20.xsd">
   <process id="sid-3d3f590b-f9aa-4ba3-845d-20e239c96952" isClosed="false" isExecutable="false" processType="None">
      <extensionElements>
         <signavio:signavioDiagramMetaData metaKey="businessunit" metaValue=""/>
         <signavio:signavioDiagramMetaData metaKey="iso9000ff" metaValue=""/>
         <signavio:signavioDiagramMetaData metaKey="processowner" metaValue=""/>
         <signavio:signavioDiagramMetaData metaKey="processgoal" metaValue=""/>
         <signavio:signavioDiagramMetaData metaKey="soxrelevant" metaValue=""/>
         <signavio:signavioDiagramMetaData metaKey="revisionid" metaValue="f0a5ed1563d14032b7c1cdf3c6bc4c15"/>
      </extensionElements>
      <startEvent id="sid-E198AB8B-C1C4-403E-9A2D-08090405844C" name="">
         <extensionElements>
            <signavio:signavioMetaData metaKey="bgcolor" metaValue="#ffffff"/>
            <signavio:signavioMetaData metaKey="bordercolor" metaValue="#000000"/>
         </extensionElements>
         <outgoing>sid-D55B8669-DB21-4A06-B80B-E7B466B52567</outgoing>
      </startEvent>
      <subProcess completionQuantity="1" id="sid-8847A040-42BE-4D17-996A-2EE4FFD585DA" isForCompensation="false" name="Add traffic event" startQuantity="1" triggeredByEvent="false">
         <extensionElements>
            <signavio:signavioMetaData metaKey="bgcolor" metaValue="#ffffcc"/>
            <signavio:signavioMetaData metaKey="bordercolor" metaValue="#000000"/>
            <signavio:signavioMetaData metaKey="externaldocuments" metaValue="[]"/>
            <signavio:signavioMetaData metaKey="entry" metaValue="/model/2f22029f2680438f8eddc36725873d34"/>
         </extensionElements>
         <incoming>sid-31CA9B75-2056-408C-97EE-BCE1FA65CEEE</incoming>
         <outgoing>sid-E78A2BF9-9558-463E-87D6-1CD489A695C3</outgoing>
      </subProcess>
      <subProcess completionQuantity="1" id="sid-8CBF9FCC-F776-4159-A32B-6437E20069B7" isForCompensation="false" name="Add event" startQuantity="1" triggeredByEvent="false">
         <extensionElements>
            <signavio:signavioMetaData metaKey="bgcolor" metaValue="#ffffcc"/>
            <signavio:signavioMetaData metaKey="bordercolor" metaValue="#000000"/>
            <signavio:signavioMetaData metaKey="externaldocuments" metaValue="[]"/>
            <signavio:signavioMetaData metaKey="entry" metaValue="/model/f94146dcab8646dd8d6e357962a7de3d"/>
         </extensionElements>
         <incoming>sid-3E7D1DB1-5874-4786-8749-ED3E5E27FA83</incoming>
         <outgoing>sid-CA911E45-5470-414D-9542-404A9C19728B</outgoing>
      </subProcess>
      <subProcess completionQuantity="1" id="sid-358FFBB0-15D9-4A43-AB78-B932D4A56A7A" isForCompensation="false" name="Set characteristics of traffic participants" startQuantity="1" triggeredByEvent="false">
         <extensionElements>
            <signavio:signavioMetaData metaKey="bgcolor" metaValue="#ffffcc"/>
            <signavio:signavioMetaData metaKey="bordercolor" metaValue="#000000"/>
            <signavio:signavioMetaData metaKey="externaldocuments" metaValue="[]"/>
            <signavio:signavioMetaData metaKey="entry" metaValue="/model/e912de20fa204d88aec64a18e188e6ce"/>
         </extensionElements>
         <incoming>sid-E1C4CB66-EABE-48EF-93E2-624DAC676CF2</incoming>
         <outgoing>sid-181CE169-63B8-4E23-AF2F-2F49426BBDC6</outgoing>
      </subProcess>
      <subProcess completionQuantity="1" id="sid-0CA7C4D8-3C5D-4F0E-BB7D-1BB8214CB075" isForCompensation="false" name="Add/remove/edit traffic participant" startQuantity="1" triggeredByEvent="false">
         <extensionElements>
            <signavio:signavioMetaData metaKey="bgcolor" metaValue="#ffffcc"/>
            <signavio:signavioMetaData metaKey="bordercolor" metaValue="#000000"/>
            <signavio:signavioMetaData metaKey="externaldocuments" metaValue="[]"/>
            <signavio:signavioMetaData metaKey="entry" metaValue="/model/dfbd3dc9a56c42dd9b766ad720444c14"/>
         </extensionElements>
         <incoming>sid-A7B2FD93-2FA9-4801-B4CC-DE6A4B1BB84E</incoming>
         <outgoing>sid-BA8AB530-1023-446E-B806-4F1495268BB2</outgoing>
      </subProcess>
      <subProcess completionQuantity="1" id="sid-152F629E-D9A3-4F8C-9076-36006953BE7F" isForCompensation="false" name="Set road signs" startQuantity="1" triggeredByEvent="false">
         <extensionElements>
            <signavio:signavioMetaData metaKey="bgcolor" metaValue="#ffffcc"/>
            <signavio:signavioMetaData metaKey="bordercolor" metaValue="#000000"/>
            <signavio:signavioMetaData metaKey="externaldocuments" metaValue="[]"/>
            <signavio:signavioMetaData metaKey="entry" metaValue="/model/0947146dfd7c4539bda1acf9db656b24"/>
         </extensionElements>
         <incoming>sid-FB377AB2-4909-4E16-BC90-045D92003E03</incoming>
         <outgoing>sid-ED84D641-DA4F-4FC3-B96D-BDAE6C7840F9</outgoing>
      </subProcess>
      <subProcess completionQuantity="1" id="sid-FA6B7F7B-6E5C-436B-A306-115AE5E0E5F3" isForCompensation="false" name="Set weather" startQuantity="1" triggeredByEvent="false">
         <extensionElements>
            <signavio:signavioMetaData metaKey="bgcolor" metaValue="#ffffcc"/>
            <signavio:signavioMetaData metaKey="bordercolor" metaValue="#000000"/>
            <signavio:signavioMetaData metaKey="externaldocuments" metaValue="[]"/>
            <signavio:signavioMetaData metaKey="entry" metaValue="/model/4c7dc05628914c099b89d3c59b184236"/>
         </extensionElements>
         <incoming>sid-7A28FE9E-CA06-4D2F-96F8-E80BB15492F7</incoming>
         <outgoing>sid-6FC18F91-AD7B-4D2B-894F-777BEEC5EA50</outgoing>
      </subProcess>
      <subProcess completionQuantity="1" id="sid-D77FE2C7-736A-488A-AB1A-38FBB3F94594" isForCompensation="false" name="Set traffic light's settings" startQuantity="1" triggeredByEvent="false">
         <extensionElements>
            <signavio:signavioMetaData metaKey="bgcolor" metaValue="#ffffcc"/>
            <signavio:signavioMetaData metaKey="bordercolor" metaValue="#000000"/>
            <signavio:signavioMetaData metaKey="externaldocuments" metaValue="[]"/>
            <signavio:signavioMetaData metaKey="entry" metaValue="/model/4d8c90223e73499d8c40097743fa1d59"/>
         </extensionElements>
         <incoming>sid-ED84D641-DA4F-4FC3-B96D-BDAE6C7840F9</incoming>
         <outgoing>sid-E2A0983C-87CE-4BE3-A58F-BB00428C9492</outgoing>
      </subProcess>
      <endEvent id="sid-2924814C-0391-420D-8779-675E94AA10E5" name="">
         <extensionElements>
            <signavio:signavioMetaData metaKey="bgcolor" metaValue="#ffffff"/>
            <signavio:signavioMetaData metaKey="bordercolor" metaValue="#000000"/>
         </extensionElements>
         <incoming>sid-6FC18F91-AD7B-4D2B-894F-777BEEC5EA50</incoming>
         <incoming>sid-BA8AB530-1023-446E-B806-4F1495268BB2</incoming>
         <incoming>sid-CA911E45-5470-414D-9542-404A9C19728B</incoming>
         <incoming>sid-E78A2BF9-9558-463E-87D6-1CD489A695C3</incoming>
         <incoming>sid-E2A0983C-87CE-4BE3-A58F-BB00428C9492</incoming>
         <incoming>sid-181CE169-63B8-4E23-AF2F-2F49426BBDC6</incoming>
      </endEvent>
      <exclusiveGateway gatewayDirection="Diverging" id="sid-8EA38D6C-48F8-4270-BF98-BB86E90462EF" name="">
         <extensionElements>
            <signavio:signavioMetaData metaKey="bgcolor" metaValue="#ffffff"/>
            <signavio:signavioMetaData metaKey="bordercolor" metaValue="#000000"/>
         </extensionElements>
         <incoming>sid-D55B8669-DB21-4A06-B80B-E7B466B52567</incoming>
         <outgoing>sid-31CA9B75-2056-408C-97EE-BCE1FA65CEEE</outgoing>
         <outgoing>sid-E1C4CB66-EABE-48EF-93E2-624DAC676CF2</outgoing>
         <outgoing>sid-3E7D1DB1-5874-4786-8749-ED3E5E27FA83</outgoing>
         <outgoing>sid-A7B2FD93-2FA9-4801-B4CC-DE6A4B1BB84E</outgoing>
         <outgoing>sid-7A28FE9E-CA06-4D2F-96F8-E80BB15492F7</outgoing>
         <outgoing>sid-FB377AB2-4909-4E16-BC90-045D92003E03</outgoing>
      </exclusiveGateway>
      <sequenceFlow id="sid-ED84D641-DA4F-4FC3-B96D-BDAE6C7840F9" name="" sourceRef="sid-152F629E-D9A3-4F8C-9076-36006953BE7F" targetRef="sid-D77FE2C7-736A-488A-AB1A-38FBB3F94594">
         <extensionElements>
            <signavio:signavioMetaData metaKey="bordercolor" metaValue="#000000"/>
         </extensionElements>
      </sequenceFlow>
      <sequenceFlow id="sid-D55B8669-DB21-4A06-B80B-E7B466B52567" name="" sourceRef="sid-E198AB8B-C1C4-403E-9A2D-08090405844C" targetRef="sid-8EA38D6C-48F8-4270-BF98-BB86E90462EF">
         <extensionElements>
            <signavio:signavioMetaData metaKey="bordercolor" metaValue="#000000"/>
         </extensionElements>
      </sequenceFlow>
      <sequenceFlow id="sid-31CA9B75-2056-408C-97EE-BCE1FA65CEEE" name="" sourceRef="sid-8EA38D6C-48F8-4270-BF98-BB86E90462EF" targetRef="sid-8847A040-42BE-4D17-996A-2EE4FFD585DA">
         <extensionElements>
            <signavio:signavioMetaData metaKey="bordercolor" metaValue="#000000"/>
         </extensionElements>
      </sequenceFlow>
      <sequenceFlow id="sid-E1C4CB66-EABE-48EF-93E2-624DAC676CF2" name="" sourceRef="sid-8EA38D6C-48F8-4270-BF98-BB86E90462EF" targetRef="sid-358FFBB0-15D9-4A43-AB78-B932D4A56A7A">
         <extensionElements>
            <signavio:signavioMetaData metaKey="bordercolor" metaValue="#000000"/>
         </extensionElements>
      </sequenceFlow>
      <sequenceFlow id="sid-3E7D1DB1-5874-4786-8749-ED3E5E27FA83" name="" sourceRef="sid-8EA38D6C-48F8-4270-BF98-BB86E90462EF" targetRef="sid-8CBF9FCC-F776-4159-A32B-6437E20069B7">
         <extensionElements>
            <signavio:signavioMetaData metaKey="bordercolor" metaValue="#000000"/>
         </extensionElements>
      </sequenceFlow>
      <sequenceFlow id="sid-A7B2FD93-2FA9-4801-B4CC-DE6A4B1BB84E" name="" sourceRef="sid-8EA38D6C-48F8-4270-BF98-BB86E90462EF" targetRef="sid-0CA7C4D8-3C5D-4F0E-BB7D-1BB8214CB075">
         <extensionElements>
            <signavio:signavioMetaData metaKey="bordercolor" metaValue="#000000"/>
         </extensionElements>
      </sequenceFlow>
      <sequenceFlow id="sid-7A28FE9E-CA06-4D2F-96F8-E80BB15492F7" name="" sourceRef="sid-8EA38D6C-48F8-4270-BF98-BB86E90462EF" targetRef="sid-FA6B7F7B-6E5C-436B-A306-115AE5E0E5F3">
         <extensionElements>
            <signavio:signavioMetaData metaKey="bordercolor" metaValue="#000000"/>
         </extensionElements>
      </sequenceFlow>
      <sequenceFlow id="sid-FB377AB2-4909-4E16-BC90-045D92003E03" name="" sourceRef="sid-8EA38D6C-48F8-4270-BF98-BB86E90462EF" targetRef="sid-152F629E-D9A3-4F8C-9076-36006953BE7F">
         <extensionElements>
            <signavio:signavioMetaData metaKey="bordercolor" metaValue="#000000"/>
         </extensionElements>
      </sequenceFlow>
      <sequenceFlow id="sid-6FC18F91-AD7B-4D2B-894F-777BEEC5EA50" name="" sourceRef="sid-FA6B7F7B-6E5C-436B-A306-115AE5E0E5F3" targetRef="sid-2924814C-0391-420D-8779-675E94AA10E5">
         <extensionElements>
            <signavio:signavioMetaData metaKey="bordercolor" metaValue="#000000"/>
         </extensionElements>
      </sequenceFlow>
      <sequenceFlow id="sid-BA8AB530-1023-446E-B806-4F1495268BB2" name="" sourceRef="sid-0CA7C4D8-3C5D-4F0E-BB7D-1BB8214CB075" targetRef="sid-2924814C-0391-420D-8779-675E94AA10E5">
         <extensionElements>
            <signavio:signavioMetaData metaKey="bordercolor" metaValue="#000000"/>
         </extensionElements>
      </sequenceFlow>
      <sequenceFlow id="sid-CA911E45-5470-414D-9542-404A9C19728B" name="" sourceRef="sid-8CBF9FCC-F776-4159-A32B-6437E20069B7" targetRef="sid-2924814C-0391-420D-8779-675E94AA10E5">
         <extensionElements>
            <signavio:signavioMetaData metaKey="bordercolor" metaValue="#000000"/>
         </extensionElements>
      </sequenceFlow>
      <sequenceFlow id="sid-E78A2BF9-9558-463E-87D6-1CD489A695C3" name="" sourceRef="sid-8847A040-42BE-4D17-996A-2EE4FFD585DA" targetRef="sid-2924814C-0391-420D-8779-675E94AA10E5">
         <extensionElements>
            <signavio:signavioMetaData metaKey="bordercolor" metaValue="#000000"/>
         </extensionElements>
      </sequenceFlow>
      <sequenceFlow id="sid-E2A0983C-87CE-4BE3-A58F-BB00428C9492" name="" sourceRef="sid-D77FE2C7-736A-488A-AB1A-38FBB3F94594" targetRef="sid-2924814C-0391-420D-8779-675E94AA10E5">
         <extensionElements>
            <signavio:signavioMetaData metaKey="bordercolor" metaValue="#000000"/>
         </extensionElements>
      </sequenceFlow>
      <sequenceFlow id="sid-181CE169-63B8-4E23-AF2F-2F49426BBDC6" name="" sourceRef="sid-358FFBB0-15D9-4A43-AB78-B932D4A56A7A" targetRef="sid-2924814C-0391-420D-8779-675E94AA10E5">
         <extensionElements>
            <signavio:signavioMetaData metaKey="bordercolor" metaValue="#000000"/>
         </extensionElements>
      </sequenceFlow>
   </process>
   <bpmndi:BPMNDiagram id="sid-8f3b3f7c-0be8-4bf6-a363-79c9f6c0d97a">
      <bpmndi:BPMNPlane bpmnElement="sid-3d3f590b-f9aa-4ba3-845d-20e239c96952" id="sid-bb80ff81-d8b4-46d5-9117-a65c2bdaa727">
         <bpmndi:BPMNShape bpmnElement="sid-E198AB8B-C1C4-403E-9A2D-08090405844C" id="sid-E198AB8B-C1C4-403E-9A2D-08090405844C_gui">
            <omgdc:Bounds height="30.0" width="30.0" x="30.0" y="295.0"/>
         </bpmndi:BPMNShape>
         <bpmndi:BPMNShape bpmnElement="sid-8847A040-42BE-4D17-996A-2EE4FFD585DA" id="sid-8847A040-42BE-4D17-996A-2EE4FFD585DA_gui" isExpanded="false">
            <omgdc:Bounds height="80.0" width="100.06999999999996" x="255.00000000000003" y="61.0"/>
            <bpmndi:BPMNLabel labelStyle="sid-819b3a0d-1691-49d9-bf5f-87296f74fa8c">
               <omgdc:Bounds height="12.0" width="90.25714874267578" x="259.9414253234863" y="93.0"/>
            </bpmndi:BPMNLabel>
         </bpmndi:BPMNShape>
         <bpmndi:BPMNShape bpmnElement="sid-8CBF9FCC-F776-4159-A32B-6437E20069B7" id="sid-8CBF9FCC-F776-4159-A32B-6437E20069B7_gui" isExpanded="false">
            <omgdc:Bounds height="80.0" width="100.06999999999994" x="255.0" y="165.0"/>
            <bpmndi:BPMNLabel labelStyle="sid-819b3a0d-1691-49d9-bf5f-87296f74fa8c">
               <omgdc:Bounds height="12.0" width="55.54285430908203" x="277.2985725402832" y="197.0"/>
            </bpmndi:BPMNLabel>
         </bpmndi:BPMNShape>
         <bpmndi:BPMNShape bpmnElement="sid-358FFBB0-15D9-4A43-AB78-B932D4A56A7A" id="sid-358FFBB0-15D9-4A43-AB78-B932D4A56A7A_gui" isExpanded="false">
            <omgdc:Bounds height="80.0" width="100.06999999999994" x="255.0" y="270.0"/>
            <bpmndi:BPMNLabel labelStyle="sid-819b3a0d-1691-49d9-bf5f-87296f74fa8c">
               <omgdc:Bounds height="48.0" width="91.79999542236328" x="259.1700019836426" y="284.0"/>
            </bpmndi:BPMNLabel>
         </bpmndi:BPMNShape>
         <bpmndi:BPMNShape bpmnElement="sid-0CA7C4D8-3C5D-4F0E-BB7D-1BB8214CB075" id="sid-0CA7C4D8-3C5D-4F0E-BB7D-1BB8214CB075_gui" isExpanded="false">
            <omgdc:Bounds height="80.0" width="100.06999999999994" x="255.0" y="372.0"/>
            <bpmndi:BPMNLabel labelStyle="sid-819b3a0d-1691-49d9-bf5f-87296f74fa8c">
               <omgdc:Bounds height="24.0" width="91.79999542236328" x="259.1700019836426" y="398.0"/>
            </bpmndi:BPMNLabel>
         </bpmndi:BPMNShape>
         <bpmndi:BPMNShape bpmnElement="sid-152F629E-D9A3-4F8C-9076-36006953BE7F" id="sid-152F629E-D9A3-4F8C-9076-36006953BE7F_gui" isExpanded="false">
            <omgdc:Bounds height="80.0" width="100.06999999999994" x="255.0" y="604.0"/>
            <bpmndi:BPMNLabel labelStyle="sid-819b3a0d-1691-49d9-bf5f-87296f74fa8c">
               <omgdc:Bounds height="12.0" width="79.45714569091797" x="265.34142684936523" y="636.0"/>
            </bpmndi:BPMNLabel>
         </bpmndi:BPMNShape>
         <bpmndi:BPMNShape bpmnElement="sid-FA6B7F7B-6E5C-436B-A306-115AE5E0E5F3" id="sid-FA6B7F7B-6E5C-436B-A306-115AE5E0E5F3_gui" isExpanded="false">
            <omgdc:Bounds height="80.0" width="100.06999999999994" x="255.0" y="479.0"/>
            <bpmndi:BPMNLabel labelStyle="sid-819b3a0d-1691-49d9-bf5f-87296f74fa8c">
               <omgdc:Bounds height="12.0" width="65.57142639160156" x="272.28428649902344" y="511.0"/>
            </bpmndi:BPMNLabel>
         </bpmndi:BPMNShape>
         <bpmndi:BPMNShape bpmnElement="sid-D77FE2C7-736A-488A-AB1A-38FBB3F94594" id="sid-D77FE2C7-736A-488A-AB1A-38FBB3F94594_gui" isExpanded="false">
            <omgdc:Bounds height="80.0" width="100.06999999999994" x="420.0" y="604.0"/>
            <bpmndi:BPMNLabel labelStyle="sid-819b3a0d-1691-49d9-bf5f-87296f74fa8c">
               <omgdc:Bounds height="24.0" width="89.48572540283203" x="425.3271369934082" y="630.0"/>
            </bpmndi:BPMNLabel>
         </bpmndi:BPMNShape>
         <bpmndi:BPMNShape bpmnElement="sid-2924814C-0391-420D-8779-675E94AA10E5" id="sid-2924814C-0391-420D-8779-675E94AA10E5_gui">
            <omgdc:Bounds height="28.0" width="28.0" x="700.0" y="296.0"/>
         </bpmndi:BPMNShape>
         <bpmndi:BPMNShape bpmnElement="sid-8EA38D6C-48F8-4270-BF98-BB86E90462EF" id="sid-8EA38D6C-48F8-4270-BF98-BB86E90462EF_gui" isMarkerVisible="true">
            <omgdc:Bounds height="40.0" width="40.0" x="105.0" y="290.0"/>
         </bpmndi:BPMNShape>
         <bpmndi:BPMNEdge bpmnElement="sid-ED84D641-DA4F-4FC3-B96D-BDAE6C7840F9" id="sid-ED84D641-DA4F-4FC3-B96D-BDAE6C7840F9_gui">
            <omgdi:waypoint x="355.06999999999994" y="644.0"/>
            <omgdi:waypoint x="420.0" y="644.0"/>
         </bpmndi:BPMNEdge>
         <bpmndi:BPMNEdge bpmnElement="sid-D55B8669-DB21-4A06-B80B-E7B466B52567" id="sid-D55B8669-DB21-4A06-B80B-E7B466B52567_gui">
            <omgdi:waypoint x="60.0" y="310.09316770186336"/>
            <omgdi:waypoint x="105.0" y="310.3726708074534"/>
         </bpmndi:BPMNEdge>
         <bpmndi:BPMNEdge bpmnElement="sid-31CA9B75-2056-408C-97EE-BCE1FA65CEEE" id="sid-31CA9B75-2056-408C-97EE-BCE1FA65CEEE_gui">
            <omgdi:waypoint x="125.5" y="290.0"/>
            <omgdi:waypoint x="125.5" y="101.0"/>
            <omgdi:waypoint x="255.00000000000003" y="101.0"/>
         </bpmndi:BPMNEdge>
         <bpmndi:BPMNEdge bpmnElement="sid-E1C4CB66-EABE-48EF-93E2-624DAC676CF2" id="sid-E1C4CB66-EABE-48EF-93E2-624DAC676CF2_gui">
            <omgdi:waypoint x="145.0" y="310.44570362532716"/>
            <omgdi:waypoint x="255.0" y="310.139416383583"/>
         </bpmndi:BPMNEdge>
         <bpmndi:BPMNEdge bpmnElement="sid-3E7D1DB1-5874-4786-8749-ED3E5E27FA83" id="sid-3E7D1DB1-5874-4786-8749-ED3E5E27FA83_gui">
            <omgdi:waypoint x="125.5" y="290.0"/>
            <omgdi:waypoint x="125.5" y="205.0"/>
            <omgdi:waypoint x="255.00000000000003" y="205.0"/>
         </bpmndi:BPMNEdge>
         <bpmndi:BPMNEdge bpmnElement="sid-A7B2FD93-2FA9-4801-B4CC-DE6A4B1BB84E" id="sid-A7B2FD93-2FA9-4801-B4CC-DE6A4B1BB84E_gui">
            <omgdi:waypoint x="125.5" y="330.0"/>
            <omgdi:waypoint x="125.5" y="412.0"/>
            <omgdi:waypoint x="255.00000000000003" y="412.0"/>
         </bpmndi:BPMNEdge>
         <bpmndi:BPMNEdge bpmnElement="sid-7A28FE9E-CA06-4D2F-96F8-E80BB15492F7" id="sid-7A28FE9E-CA06-4D2F-96F8-E80BB15492F7_gui">
            <omgdi:waypoint x="125.5" y="330.0"/>
            <omgdi:waypoint x="125.5" y="519.0"/>
            <omgdi:waypoint x="255.00000000000003" y="519.0"/>
         </bpmndi:BPMNEdge>
         <bpmndi:BPMNEdge bpmnElement="sid-FB377AB2-4909-4E16-BC90-045D92003E03" id="sid-FB377AB2-4909-4E16-BC90-045D92003E03_gui">
            <omgdi:waypoint x="125.5" y="330.0"/>
            <omgdi:waypoint x="125.5" y="644.0"/>
            <omgdi:waypoint x="255.00000000000003" y="644.0"/>
         </bpmndi:BPMNEdge>
         <bpmndi:BPMNEdge bpmnElement="sid-6FC18F91-AD7B-4D2B-894F-777BEEC5EA50" id="sid-6FC18F91-AD7B-4D2B-894F-777BEEC5EA50_gui">
            <omgdi:waypoint x="355.06999999999994" y="519.0"/>
            <omgdi:waypoint x="527.535" y="519.0"/>
            <omgdi:waypoint x="527.535" y="310.0"/>
            <omgdi:waypoint x="700.0" y="310.0"/>
         </bpmndi:BPMNEdge>
         <bpmndi:BPMNEdge bpmnElement="sid-BA8AB530-1023-446E-B806-4F1495268BB2" id="sid-BA8AB530-1023-446E-B806-4F1495268BB2_gui">
            <omgdi:waypoint x="355.06999999999994" y="412.0"/>
            <omgdi:waypoint x="527.535" y="412.0"/>
            <omgdi:waypoint x="527.535" y="310.0"/>
            <omgdi:waypoint x="700.0" y="310.0"/>
         </bpmndi:BPMNEdge>
         <bpmndi:BPMNEdge bpmnElement="sid-CA911E45-5470-414D-9542-404A9C19728B" id="sid-CA911E45-5470-414D-9542-404A9C19728B_gui">
            <omgdi:waypoint x="355.06999999999994" y="205.0"/>
            <omgdi:waypoint x="527.535" y="205.0"/>
            <omgdi:waypoint x="527.535" y="310.0"/>
            <omgdi:waypoint x="700.0" y="310.0"/>
         </bpmndi:BPMNEdge>
         <bpmndi:BPMNEdge bpmnElement="sid-E78A2BF9-9558-463E-87D6-1CD489A695C3" id="sid-E78A2BF9-9558-463E-87D6-1CD489A695C3_gui">
            <omgdi:waypoint x="355.07" y="101.0"/>
            <omgdi:waypoint x="527.535" y="101.0"/>
            <omgdi:waypoint x="527.535" y="310.0"/>
            <omgdi:waypoint x="700.0" y="310.0"/>
         </bpmndi:BPMNEdge>
         <bpmndi:BPMNEdge bpmnElement="sid-E2A0983C-87CE-4BE3-A58F-BB00428C9492" id="sid-E2A0983C-87CE-4BE3-A58F-BB00428C9492_gui">
            <omgdi:waypoint x="520.0699999999999" y="644.0"/>
            <omgdi:waypoint x="527.535" y="644.0"/>
            <omgdi:waypoint x="527.535" y="310.0"/>
            <omgdi:waypoint x="700.0" y="310.0"/>
         </bpmndi:BPMNEdge>
         <bpmndi:BPMNEdge bpmnElement="sid-181CE169-63B8-4E23-AF2F-2F49426BBDC6" id="sid-181CE169-63B8-4E23-AF2F-2F49426BBDC6_gui">
            <omgdi:waypoint x="355.06999999999994" y="310.0"/>
            <omgdi:waypoint x="700.0" y="310.0"/>
         </bpmndi:BPMNEdge>
      </bpmndi:BPMNPlane>
      <bpmndi:BPMNLabelStyle id="sid-819b3a0d-1691-49d9-bf5f-87296f74fa8c">
         <omgdc:Font isBold="false" isItalic="false" isStrikeThrough="false" isUnderline="false" name="Arial" size="12.0"/>
      </bpmndi:BPMNLabelStyle>
   </bpmndi:BPMNDiagram>
</definitions>
