<?xml version="1.0" encoding="UTF-8"?><definitions xmlns="http://www.omg.org/spec/BPMN/20100524/MODEL" xmlns:bpmndi="http://www.omg.org/spec/BPMN/20100524/DI" xmlns:omgdc="http://www.omg.org/spec/DD/20100524/DC" xmlns:omgdi="http://www.omg.org/spec/DD/20100524/DI" xmlns:signavio="http://www.signavio.com" xmlns:xsi="http://www.w3.org/2001/XMLSchema-instance" exporter="Signavio Process Editor, http://www.signavio.com" exporterVersion="11.10.0" expressionLanguage="http://www.w3.org/TR/XPath" id="sid-1c52b0d1-548f-40bf-9cf6-435954264c81" targetNamespace="http://www.signavio.com" typeLanguage="http://www.w3.org/2001/XMLSchema" xsi:schemaLocation="http://www.omg.org/spec/BPMN/20100524/MODEL http://www.omg.org/spec/BPMN/2.0/20100501/BPMN20.xsd">
   <error id="sid-a13afabe-bf58-4b14-a8f5-6a9a2cb28e72"/>
   <process id="sid-69e3bcaf-b661-45fd-8868-8830b47b5ca9" isClosed="false" isExecutable="false" processType="None">
      <extensionElements>
         <signavio:signavioDiagramMetaData metaKey="businessunit" metaValue=""/>
         <signavio:signavioDiagramMetaData metaKey="iso9000ff" metaValue=""/>
         <signavio:signavioDiagramMetaData metaKey="processowner" metaValue=""/>
         <signavio:signavioDiagramMetaData metaKey="processgoal" metaValue=""/>
         <signavio:signavioDiagramMetaData metaKey="soxrelevant" metaValue=""/>
         <signavio:signavioDiagramMetaData metaKey="revisionid" metaValue="431cdb2db2994f4988c68c60b05dc943"/>
      </extensionElements>
      <startEvent id="sid-850DF14A-27CC-4AA9-A74C-C0F17E993A81" name="">
         <extensionElements>
            <signavio:signavioMetaData metaKey="bgcolor" metaValue="#ffffff"/>
            <signavio:signavioMetaData metaKey="bordercolor" metaValue="#000000"/>
         </extensionElements>
         <outgoing>sid-5FEAF076-7291-4271-A69D-616A51DB0BBC</outgoing>
      </startEvent>
      <exclusiveGateway gatewayDirection="Diverging" id="sid-2732866F-3D75-4864-958F-61182E33BBE1" name="">
         <extensionElements>
            <signavio:signavioMetaData metaKey="bgcolor" metaValue="#ffffff"/>
            <signavio:signavioMetaData metaKey="bordercolor" metaValue="#000000"/>
         </extensionElements>
         <incoming>sid-5FEAF076-7291-4271-A69D-616A51DB0BBC</incoming>
         <outgoing>sid-8C586310-932D-41C4-B7A2-41CDDDF6ECB8</outgoing>
         <outgoing>sid-4C7D81F1-DA7F-4404-BB80-87D8D030751A</outgoing>
      </exclusiveGateway>
      <task completionQuantity="1" id="sid-51E5C75C-CD3B-40E0-A3AB-76A17B61396B" isForCompensation="false" name="Set general rules for traffic lights" startQuantity="1">
         <extensionElements>
            <signavio:signavioMetaData metaKey="bgcolor" metaValue="#ffffcc"/>
            <signavio:signavioMetaData metaKey="bordercolor" metaValue="#000000"/>
            <signavio:signavioMetaData metaKey="risklevel" metaValue=""/>
            <signavio:signavioMetaData metaKey="externaldocuments" metaValue="[]"/>
         </extensionElements>
         <incoming>sid-8C586310-932D-41C4-B7A2-41CDDDF6ECB8</incoming>
         <outgoing>sid-963C5051-1F1D-43D2-B76B-51BCB9167283</outgoing>
      </task>
      <exclusiveGateway gatewayDirection="Mixed" id="sid-E0E5680F-4BF2-42AD-9930-4802EA43197F" name="">
         <extensionElements>
            <signavio:signavioMetaData metaKey="bgcolor" metaValue="#ffffff"/>
            <signavio:signavioMetaData metaKey="bordercolor" metaValue="#000000"/>
         </extensionElements>
         <incoming>sid-963C5051-1F1D-43D2-B76B-51BCB9167283</incoming>
         <incoming>sid-4C7D81F1-DA7F-4404-BB80-87D8D030751A</incoming>
         <outgoing>sid-853D28D8-734B-44DB-9359-EC03BD5D764B</outgoing>
         <outgoing>sid-835B0189-F8DD-4960-802B-A7050A6795E4</outgoing>
      </exclusiveGateway>
      <task completionQuantity="1" id="sid-915F0B8B-3013-4BF1-8B11-5F1504433FDF" isForCompensation="false" name="Set rules for special lights" startQuantity="1">
         <extensionElements>
            <signavio:signavioMetaData metaKey="bgcolor" metaValue="#ffffcc"/>
            <signavio:signavioMetaData metaKey="bordercolor" metaValue="#000000"/>
            <signavio:signavioMetaData metaKey="risklevel" metaValue=""/>
            <signavio:signavioMetaData metaKey="externaldocuments" metaValue="[]"/>
         </extensionElements>
         <incoming>sid-853D28D8-734B-44DB-9359-EC03BD5D764B</incoming>
         <outgoing>sid-C7A4D0F5-3083-415D-BE51-AC638E3B1EED</outgoing>
      </task>
      <endEvent id="sid-611FCF5A-55F1-42B5-9937-43C45A101271" name="">
         <extensionElements>
            <signavio:signavioMetaData metaKey="bgcolor" metaValue="#ffffff"/>
            <signavio:signavioMetaData metaKey="bordercolor" metaValue="#000000"/>
         </extensionElements>
         <incoming>sid-C7A4D0F5-3083-415D-BE51-AC638E3B1EED</incoming>
         <incoming>sid-835B0189-F8DD-4960-802B-A7050A6795E4</incoming>
         <incoming>sid-14A42A00-D7AE-4B87-A292-FB416A9CB932</incoming>
      </endEvent>
      <boundaryEvent attachedToRef="sid-51E5C75C-CD3B-40E0-A3AB-76A17B61396B" cancelActivity="true" id="sid-8C644E3D-EF56-48C4-8044-D991A3B81D97" name="Cancelled" parallelMultiple="false">
         <outgoing>sid-C263A3DF-4514-497C-8F16-AB754290E757</outgoing>
         <errorEventDefinition errorRef="sid-a13afabe-bf58-4b14-a8f5-6a9a2cb28e72" id="sid-2cb5335b-c2b6-4307-b5f7-a9e0eb3c14fd"/>
      </boundaryEvent>
      <boundaryEvent attachedToRef="sid-915F0B8B-3013-4BF1-8B11-5F1504433FDF" cancelActivity="true" id="sid-4A8151A3-96D0-4E3D-9DFE-ED347BDC130B" name="Cancelled" parallelMultiple="false">
         <outgoing>sid-14A42A00-D7AE-4B87-A292-FB416A9CB932</outgoing>
         <errorEventDefinition errorRef="sid-a13afabe-bf58-4b14-a8f5-6a9a2cb28e72" id="sid-0f2f7809-e85c-4a45-b43b-f693ecf5f178"/>
      </boundaryEvent>
      <endEvent id="sid-3E466F3C-1299-4FC9-9AE9-DB0DBF8DE154" name="">
         <extensionElements>
            <signavio:signavioMetaData metaKey="bgcolor" metaValue="#ffffff"/>
            <signavio:signavioMetaData metaKey="bordercolor" metaValue="#000000"/>
         </extensionElements>
         <incoming>sid-C263A3DF-4514-497C-8F16-AB754290E757</incoming>
      </endEvent>
      <sequenceFlow id="sid-5FEAF076-7291-4271-A69D-616A51DB0BBC" name="" sourceRef="sid-850DF14A-27CC-4AA9-A74C-C0F17E993A81" targetRef="sid-2732866F-3D75-4864-958F-61182E33BBE1">
         <extensionElements>
            <signavio:signavioMetaData metaKey="bordercolor" metaValue="#000000"/>
         </extensionElements>
      </sequenceFlow>
      <sequenceFlow id="sid-8C586310-932D-41C4-B7A2-41CDDDF6ECB8" name="" sourceRef="sid-2732866F-3D75-4864-958F-61182E33BBE1" targetRef="sid-51E5C75C-CD3B-40E0-A3AB-76A17B61396B">
         <extensionElements>
            <signavio:signavioMetaData metaKey="bordercolor" metaValue="#000000"/>
         </extensionElements>
      </sequenceFlow>
      <sequenceFlow id="sid-963C5051-1F1D-43D2-B76B-51BCB9167283" name="" sourceRef="sid-51E5C75C-CD3B-40E0-A3AB-76A17B61396B" targetRef="sid-E0E5680F-4BF2-42AD-9930-4802EA43197F">
         <extensionElements>
            <signavio:signavioMetaData metaKey="bordercolor" metaValue="#000000"/>
         </extensionElements>
      </sequenceFlow>
      <sequenceFlow id="sid-853D28D8-734B-44DB-9359-EC03BD5D764B" name="" sourceRef="sid-E0E5680F-4BF2-42AD-9930-4802EA43197F" targetRef="sid-915F0B8B-3013-4BF1-8B11-5F1504433FDF">
         <extensionElements>
            <signavio:signavioMetaData metaKey="bordercolor" metaValue="#000000"/>
         </extensionElements>
      </sequenceFlow>
      <sequenceFlow id="sid-C7A4D0F5-3083-415D-BE51-AC638E3B1EED" name="" sourceRef="sid-915F0B8B-3013-4BF1-8B11-5F1504433FDF" targetRef="sid-611FCF5A-55F1-42B5-9937-43C45A101271">
         <extensionElements>
            <signavio:signavioMetaData metaKey="bordercolor" metaValue="#000000"/>
         </extensionElements>
      </sequenceFlow>
      <sequenceFlow id="sid-4C7D81F1-DA7F-4404-BB80-87D8D030751A" name="Use preset" sourceRef="sid-2732866F-3D75-4864-958F-61182E33BBE1" targetRef="sid-E0E5680F-4BF2-42AD-9930-4802EA43197F">
         <extensionElements>
            <signavio:signavioMetaData metaKey="bordercolor" metaValue="#000000"/>
         </extensionElements>
      </sequenceFlow>
      <sequenceFlow id="sid-835B0189-F8DD-4960-802B-A7050A6795E4" name="" sourceRef="sid-E0E5680F-4BF2-42AD-9930-4802EA43197F" targetRef="sid-611FCF5A-55F1-42B5-9937-43C45A101271">
         <extensionElements>
            <signavio:signavioMetaData metaKey="bordercolor" metaValue="#000000"/>
         </extensionElements>
      </sequenceFlow>
      <sequenceFlow id="sid-C263A3DF-4514-497C-8F16-AB754290E757" name="" sourceRef="sid-8C644E3D-EF56-48C4-8044-D991A3B81D97" targetRef="sid-3E466F3C-1299-4FC9-9AE9-DB0DBF8DE154">
         <extensionElements>
            <signavio:signavioMetaData metaKey="bordercolor" metaValue="#000000"/>
         </extensionElements>
      </sequenceFlow>
      <sequenceFlow id="sid-14A42A00-D7AE-4B87-A292-FB416A9CB932" name="" sourceRef="sid-4A8151A3-96D0-4E3D-9DFE-ED347BDC130B" targetRef="sid-611FCF5A-55F1-42B5-9937-43C45A101271">
         <extensionElements>
            <signavio:signavioMetaData metaKey="bordercolor" metaValue="#000000"/>
         </extensionElements>
      </sequenceFlow>
      <association associationDirection="None" id="sid-3C9CD306-7198-4A0E-92E7-5FB995077054" sourceRef="sid-14A42A00-D7AE-4B87-A292-FB416A9CB932" targetRef="sid-B1BA2ADE-963D-458F-8B05-A1654E970982">
         <extensionElements>
            <signavio:signavioMetaData metaKey="bordercolor" metaValue="#000000"/>
         </extensionElements>
      </association>
      <textAnnotation id="sid-B1BA2ADE-963D-458F-8B05-A1654E970982" signavio:alignment="left" textFormat="text/plain">
         <extensionElements>
            <signavio:signavioMetaData metaKey="bordercolor" metaValue="#000000"/>
         </extensionElements>
         <text>If we have cancelled the special rules, we have reached our aim anyway</text>
      </textAnnotation>
   </process>
   <bpmndi:BPMNDiagram id="sid-284c7e58-edc0-467e-9812-ae6fd451373d">
      <bpmndi:BPMNPlane bpmnElement="sid-69e3bcaf-b661-45fd-8868-8830b47b5ca9" id="sid-938194b8-83b3-4fa1-9690-0d17eb25f866">
         <bpmndi:BPMNShape bpmnElement="sid-850DF14A-27CC-4AA9-A74C-C0F17E993A81" id="sid-850DF14A-27CC-4AA9-A74C-C0F17E993A81_gui">
            <omgdc:Bounds height="30.0" width="30.0" x="45.0" y="120.0"/>
         </bpmndi:BPMNShape>
         <bpmndi:BPMNShape bpmnElement="sid-2732866F-3D75-4864-958F-61182E33BBE1" id="sid-2732866F-3D75-4864-958F-61182E33BBE1_gui" isMarkerVisible="true">
            <omgdc:Bounds height="40.0" width="40.0" x="120.0" y="115.0"/>
         </bpmndi:BPMNShape>
         <bpmndi:BPMNShape bpmnElement="sid-51E5C75C-CD3B-40E0-A3AB-76A17B61396B" id="sid-51E5C75C-CD3B-40E0-A3AB-76A17B61396B_gui">
            <omgdc:Bounds height="80.0" width="100.0" x="205.0" y="95.0"/>
            <bpmndi:BPMNLabel labelStyle="sid-6fa3a906-5eaa-40ee-8cee-80d03a710fe2">
               <omgdc:Bounds height="24.0" width="91.80000305175781" x="209.0999984741211" y="121.0"/>
            </bpmndi:BPMNLabel>
         </bpmndi:BPMNShape>
         <bpmndi:BPMNShape bpmnElement="sid-E0E5680F-4BF2-42AD-9930-4802EA43197F" id="sid-E0E5680F-4BF2-42AD-9930-4802EA43197F_gui" isMarkerVisible="true">
            <omgdc:Bounds height="40.0" width="40.0" x="350.0" y="115.0"/>
         </bpmndi:BPMNShape>
         <bpmndi:BPMNShape bpmnElement="sid-915F0B8B-3013-4BF1-8B11-5F1504433FDF" id="sid-915F0B8B-3013-4BF1-8B11-5F1504433FDF_gui">
            <omgdc:Bounds height="80.0" width="100.0" x="435.0" y="95.0"/>
            <bpmndi:BPMNLabel labelStyle="sid-6fa3a906-5eaa-40ee-8cee-80d03a710fe2">
               <omgdc:Bounds height="24.0" width="68.65714263916016" x="450.6714286804199" y="121.0"/>
            </bpmndi:BPMNLabel>
         </bpmndi:BPMNShape>
         <bpmndi:BPMNShape bpmnElement="sid-611FCF5A-55F1-42B5-9937-43C45A101271" id="sid-611FCF5A-55F1-42B5-9937-43C45A101271_gui">
            <omgdc:Bounds height="28.0" width="28.0" x="630.0" y="121.0"/>
         </bpmndi:BPMNShape>
         <bpmndi:BPMNShape bpmnElement="sid-8C644E3D-EF56-48C4-8044-D991A3B81D97" id="sid-8C644E3D-EF56-48C4-8044-D991A3B81D97_gui">
            <omgdc:Bounds height="30.0" width="30.0" x="193.33333333333334" y="160.0"/>
            <bpmndi:BPMNLabel labelStyle="sid-59848a2c-12d5-4d4e-9ab4-37b285946827">
               <omgdc:Bounds height="11.0" width="45.96428680419922" x="185.35118993123373" y="192.0"/>
            </bpmndi:BPMNLabel>
         </bpmndi:BPMNShape>
         <bpmndi:BPMNShape bpmnElement="sid-4A8151A3-96D0-4E3D-9DFE-ED347BDC130B" id="sid-4A8151A3-96D0-4E3D-9DFE-ED347BDC130B_gui">
            <omgdc:Bounds height="30.0" width="30.0" x="434.001526047807" y="160.0"/>
            <bpmndi:BPMNLabel labelStyle="sid-59848a2c-12d5-4d4e-9ab4-37b285946827">
               <omgdc:Bounds height="11.0" width="45.96428680419922" x="426.01938264570737" y="192.0"/>
            </bpmndi:BPMNLabel>
         </bpmndi:BPMNShape>
         <bpmndi:BPMNShape bpmnElement="sid-3E466F3C-1299-4FC9-9AE9-DB0DBF8DE154" id="sid-3E466F3C-1299-4FC9-9AE9-DB0DBF8DE154_gui">
            <omgdc:Bounds height="28.0" width="28.0" x="195.6277062882597" y="285.0"/>
         </bpmndi:BPMNShape>
         <bpmndi:BPMNShape bpmnElement="sid-B1BA2ADE-963D-458F-8B05-A1654E970982" id="sid-B1BA2ADE-963D-458F-8B05-A1654E970982_gui">
            <omgdc:Bounds height="79.09375" width="144.0" x="572.0" y="259.0"/>
         </bpmndi:BPMNShape>
         <bpmndi:BPMNEdge bpmnElement="sid-5FEAF076-7291-4271-A69D-616A51DB0BBC" id="sid-5FEAF076-7291-4271-A69D-616A51DB0BBC_gui">
            <omgdi:waypoint x="75.0" y="135.09316770186336"/>
            <omgdi:waypoint x="120.0" y="135.37267080745343"/>
         </bpmndi:BPMNEdge>
         <bpmndi:BPMNEdge bpmnElement="sid-8C586310-932D-41C4-B7A2-41CDDDF6ECB8" id="sid-8C586310-932D-41C4-B7A2-41CDDDF6ECB8_gui">
            <omgdi:waypoint x="160.0" y="135.41484716157206"/>
            <omgdi:waypoint x="205.0" y="135.2183406113537"/>
         </bpmndi:BPMNEdge>
         <bpmndi:BPMNEdge bpmnElement="sid-963C5051-1F1D-43D2-B76B-51BCB9167283" id="sid-963C5051-1F1D-43D2-B76B-51BCB9167283_gui">
            <omgdi:waypoint x="305.0" y="135.21645021645023"/>
            <omgdi:waypoint x="350.0" y="135.4112554112554"/>
         </bpmndi:BPMNEdge>
         <bpmndi:BPMNEdge bpmnElement="sid-853D28D8-734B-44DB-9359-EC03BD5D764B" id="sid-853D28D8-734B-44DB-9359-EC03BD5D764B_gui">
            <omgdi:waypoint x="390.0" y="135.41484716157206"/>
            <omgdi:waypoint x="435.0" y="135.2183406113537"/>
         </bpmndi:BPMNEdge>
         <bpmndi:BPMNEdge bpmnElement="sid-C7A4D0F5-3083-415D-BE51-AC638E3B1EED" id="sid-C7A4D0F5-3083-415D-BE51-AC638E3B1EED_gui">
            <omgdi:waypoint x="535.0" y="135.0"/>
            <omgdi:waypoint x="630.0" y="135.0"/>
         </bpmndi:BPMNEdge>
         <bpmndi:BPMNEdge bpmnElement="sid-4C7D81F1-DA7F-4404-BB80-87D8D030751A" id="sid-4C7D81F1-DA7F-4404-BB80-87D8D030751A_gui">
            <omgdi:waypoint x="140.5" y="155.0"/>
            <omgdi:waypoint x="140.5" y="220.0"/>
            <omgdi:waypoint x="370.5" y="220.0"/>
            <omgdi:waypoint x="370.5" y="155.0"/>
            <bpmndi:BPMNLabel labelStyle="sid-59848a2c-12d5-4d4e-9ab4-37b285946827">
               <omgdc:Bounds height="58.628570556640625" width="12.0" x="120.5" y="163.0"/>
            </bpmndi:BPMNLabel>
         </bpmndi:BPMNEdge>
         <bpmndi:BPMNEdge bpmnElement="sid-835B0189-F8DD-4960-802B-A7050A6795E4" id="sid-835B0189-F8DD-4960-802B-A7050A6795E4_gui">
            <omgdi:waypoint x="370.5" y="115.0"/>
            <omgdi:waypoint x="370.5" y="49.0"/>
            <omgdi:waypoint x="644.0" y="49.0"/>
            <omgdi:waypoint x="644.0" y="121.0"/>
         </bpmndi:BPMNEdge>
         <bpmndi:BPMNEdge bpmnElement="sid-C263A3DF-4514-497C-8F16-AB754290E757" id="sid-C263A3DF-4514-497C-8F16-AB754290E757_gui">
            <omgdi:waypoint x="208.48991070691315" y="190.0"/>
            <omgdi:waypoint x="209.48156740625188" y="285.0"/>
         </bpmndi:BPMNEdge>
         <bpmndi:BPMNEdge bpmnElement="sid-3C9CD306-7198-4A0E-92E7-5FB995077054" id="sid-3C9CD306-7198-4A0E-92E7-5FB995077054_gui">
            <omgdi:waypoint x="558.4578235533517" y="241.0"/>
            <omgdi:waypoint x="572.0" y="291.5859684362627"/>
         </bpmndi:BPMNEdge>
         <bpmndi:BPMNEdge bpmnElement="sid-14A42A00-D7AE-4B87-A292-FB416A9CB932" id="sid-14A42A00-D7AE-4B87-A292-FB416A9CB932_gui">
            <omgdi:waypoint x="448.95504133666816" y="190.0"/>
            <omgdi:waypoint x="448.7969933187961" y="241.0"/>
            <omgdi:waypoint x="644.0" y="241.0"/>
            <omgdi:waypoint x="644.0" y="149.0"/>
         </bpmndi:BPMNEdge>
      </bpmndi:BPMNPlane>
      <bpmndi:BPMNLabelStyle id="sid-59848a2c-12d5-4d4e-9ab4-37b285946827">
         <omgdc:Font isBold="false" isItalic="false" isStrikeThrough="false" isUnderline="false" name="Arial" size="11.0"/>
      </bpmndi:BPMNLabelStyle>
      <bpmndi:BPMNLabelStyle id="sid-6fa3a906-5eaa-40ee-8cee-80d03a710fe2">
         <omgdc:Font isBold="false" isItalic="false" isStrikeThrough="false" isUnderline="false" name="Arial" size="12.0"/>
      </bpmndi:BPMNLabelStyle>
   </bpmndi:BPMNDiagram>
</definitions>
