<?xml version="1.0" encoding="UTF-8"?><definitions xmlns="http://www.omg.org/spec/BPMN/20100524/MODEL" xmlns:bpmndi="http://www.omg.org/spec/BPMN/20100524/DI" xmlns:omgdc="http://www.omg.org/spec/DD/20100524/DC" xmlns:omgdi="http://www.omg.org/spec/DD/20100524/DI" xmlns:signavio="http://www.signavio.com" xmlns:xsi="http://www.w3.org/2001/XMLSchema-instance" exporter="Signavio Process Editor, http://www.signavio.com" exporterVersion="11.10.0" expressionLanguage="http://www.w3.org/TR/XPath" id="sid-fa62b249-7214-47f0-aa3e-b7f46ff5868e" targetNamespace="http://www.signavio.com" typeLanguage="http://www.w3.org/2001/XMLSchema" xsi:schemaLocation="http://www.omg.org/spec/BPMN/20100524/MODEL http://www.omg.org/spec/BPMN/2.0/20100501/BPMN20.xsd">
   <error id="sid-0e74399f-be6a-4539-915a-b05acd958f3e"/>
   <process id="sid-e26f708a-78f2-480f-82e4-003c5f854475" isClosed="false" isExecutable="false" processType="None">
      <extensionElements>
         <signavio:signavioDiagramMetaData metaKey="businessunit" metaValue=""/>
         <signavio:signavioDiagramMetaData metaKey="iso9000ff" metaValue=""/>
         <signavio:signavioDiagramMetaData metaKey="processowner" metaValue=""/>
         <signavio:signavioDiagramMetaData metaKey="processgoal" metaValue=""/>
         <signavio:signavioDiagramMetaData metaKey="soxrelevant" metaValue=""/>
         <signavio:signavioDiagramMetaData metaKey="revisionid" metaValue="62d9443b8b504d84ae5ceb2d64f6aa4f"/>
      </extensionElements>
      <dataObject id="sid-005b8f24-c363-4e8c-ba13-e63ee3418d17" isCollection="false" name="Rules"/>
      <startEvent id="sid-850DF14A-27CC-4AA9-A74C-C0F17E993A81" name="">
         <extensionElements>
            <signavio:signavioMetaData metaKey="bgcolor" metaValue="#ffffff"/>
            <signavio:signavioMetaData metaKey="bordercolor" metaValue="#000000"/>
         </extensionElements>
         <outgoing>sid-5FEAF076-7291-4271-A69D-616A51DB0BBC</outgoing>
      </startEvent>
      <exclusiveGateway gatewayDirection="Diverging" id="sid-2732866F-3D75-4864-958F-61182E33BBE1" name="">
         <extensionElements>
            <signavio:signavioMetaData metaKey="bgcolor" metaValue="#ffffff"/>
            <signavio:signavioMetaData metaKey="bordercolor" metaValue="#000000"/>
         </extensionElements>
         <incoming>sid-5FEAF076-7291-4271-A69D-616A51DB0BBC</incoming>
         <outgoing>sid-8C586310-932D-41C4-B7A2-41CDDDF6ECB8</outgoing>
         <outgoing>sid-4C7D81F1-DA7F-4404-BB80-87D8D030751A</outgoing>
      </exclusiveGateway>
      <userTask completionQuantity="1" id="sid-51E5C75C-CD3B-40E0-A3AB-76A17B61396B" implementation="##WebService" isForCompensation="false" name="Set general rules for traffic lights" startQuantity="1">
         <extensionElements>
            <signavio:signavioMetaData metaKey="bgcolor" metaValue="#ffffcc"/>
            <signavio:signavioMetaData metaKey="bordercolor" metaValue="#000000"/>
            <signavio:signavioMetaData metaKey="risklevel" metaValue=""/>
            <signavio:signavioMetaData metaKey="externaldocuments" metaValue="[]"/>
         </extensionElements>
         <incoming>sid-8C586310-932D-41C4-B7A2-41CDDDF6ECB8</incoming>
         <outgoing>sid-963C5051-1F1D-43D2-B76B-51BCB9167283</outgoing>
         <ioSpecification id="sid-86de03e7-d82c-434a-89d0-e88b341014e7">
            <dataInput id="sid-e8c8dbbd-d0e9-4bb1-8873-9587997e5e85"/>
            <dataOutput id="sid-1f9872ea-beec-4c7b-b2d0-c78c39036d93"/>
            <inputSet id="sid-62013e3b-ea75-427d-ab9a-88c1e206d9e5" name="DefaultInputSet">
               <dataInputRefs>sid-e8c8dbbd-d0e9-4bb1-8873-9587997e5e85</dataInputRefs>
               <outputSetRefs>sid-830d138d-3394-4331-872e-11f740ef39db</outputSetRefs>
            </inputSet>
            <outputSet id="sid-830d138d-3394-4331-872e-11f740ef39db" name="DefaultOutputSet">
               <dataOutputRefs>sid-1f9872ea-beec-4c7b-b2d0-c78c39036d93</dataOutputRefs>
               <inputSetRefs>sid-62013e3b-ea75-427d-ab9a-88c1e206d9e5</inputSetRefs>
            </outputSet>
         </ioSpecification>
         <dataInputAssociation id="sid-2B7B4CC3-A8CA-4140-A3E6-D3F2CBA65A16">
            <extensionElements>
               <signavio:signavioMetaData metaKey="bordercolor" metaValue="#000000"/>
            </extensionElements>
            <sourceRef>sid-D3B6047A-43BF-49B6-A0DD-7F11BF698844</sourceRef>
            <targetRef>sid-e8c8dbbd-d0e9-4bb1-8873-9587997e5e85</targetRef>
         </dataInputAssociation>
         <dataOutputAssociation id="sid-AB42E2C4-324D-42BB-A2C9-8E328372C357">
            <extensionElements>
               <signavio:signavioMetaData metaKey="bordercolor" metaValue="#000000"/>
            </extensionElements>
            <sourceRef>sid-1f9872ea-beec-4c7b-b2d0-c78c39036d93</sourceRef>
            <targetRef>sid-D3B6047A-43BF-49B6-A0DD-7F11BF698844</targetRef>
         </dataOutputAssociation>
      </userTask>
      <exclusiveGateway gatewayDirection="Mixed" id="sid-E0E5680F-4BF2-42AD-9930-4802EA43197F" name="">
         <extensionElements>
            <signavio:signavioMetaData metaKey="bgcolor" metaValue="#ffffff"/>
            <signavio:signavioMetaData metaKey="bordercolor" metaValue="#000000"/>
         </extensionElements>
         <incoming>sid-963C5051-1F1D-43D2-B76B-51BCB9167283</incoming>
         <incoming>sid-4C7D81F1-DA7F-4404-BB80-87D8D030751A</incoming>
         <outgoing>sid-853D28D8-734B-44DB-9359-EC03BD5D764B</outgoing>
         <outgoing>sid-835B0189-F8DD-4960-802B-A7050A6795E4</outgoing>
      </exclusiveGateway>
      <userTask completionQuantity="1" id="sid-915F0B8B-3013-4BF1-8B11-5F1504433FDF" implementation="##WebService" isForCompensation="false" name="Set rules for special lights" startQuantity="1">
         <extensionElements>
            <signavio:signavioMetaData metaKey="bgcolor" metaValue="#ffffcc"/>
            <signavio:signavioMetaData metaKey="bordercolor" metaValue="#000000"/>
            <signavio:signavioMetaData metaKey="risklevel" metaValue=""/>
            <signavio:signavioMetaData metaKey="externaldocuments" metaValue="[]"/>
         </extensionElements>
         <incoming>sid-853D28D8-734B-44DB-9359-EC03BD5D764B</incoming>
         <outgoing>sid-C7A4D0F5-3083-415D-BE51-AC638E3B1EED</outgoing>
      </userTask>
      <endEvent id="sid-611FCF5A-55F1-42B5-9937-43C45A101271" name="Traffic lights rules successfully set">
         <extensionElements>
            <signavio:signavioMetaData metaKey="bgcolor" metaValue="#ffffff"/>
            <signavio:signavioMetaData metaKey="bordercolor" metaValue="#000000"/>
         </extensionElements>
         <incoming>sid-C7A4D0F5-3083-415D-BE51-AC638E3B1EED</incoming>
         <incoming>sid-835B0189-F8DD-4960-802B-A7050A6795E4</incoming>
         <incoming>sid-14A42A00-D7AE-4B87-A292-FB416A9CB932</incoming>
      </endEvent>
      <boundaryEvent attachedToRef="sid-51E5C75C-CD3B-40E0-A3AB-76A17B61396B" cancelActivity="true" id="sid-8C644E3D-EF56-48C4-8044-D991A3B81D97" name="Cancelled" parallelMultiple="false">
         <outgoing>sid-C263A3DF-4514-497C-8F16-AB754290E757</outgoing>
         <errorEventDefinition errorRef="sid-0e74399f-be6a-4539-915a-b05acd958f3e" id="sid-65a88e74-beff-460b-b4d1-af1c1163db63"/>
      </boundaryEvent>
      <boundaryEvent attachedToRef="sid-915F0B8B-3013-4BF1-8B11-5F1504433FDF" cancelActivity="true" id="sid-4A8151A3-96D0-4E3D-9DFE-ED347BDC130B" name="Cancelled" parallelMultiple="false">
         <outgoing>sid-14A42A00-D7AE-4B87-A292-FB416A9CB932</outgoing>
         <errorEventDefinition errorRef="sid-0e74399f-be6a-4539-915a-b05acd958f3e" id="sid-b3f812e0-ecab-40b1-9778-58c50476eaee"/>
      </boundaryEvent>
      <endEvent id="sid-3E466F3C-1299-4FC9-9AE9-DB0DBF8DE154" name="Setting of traffic lights rules cancelled">
         <extensionElements>
            <signavio:signavioMetaData metaKey="bgcolor" metaValue="#ffffff"/>
            <signavio:signavioMetaData metaKey="bordercolor" metaValue="#000000"/>
         </extensionElements>
         <incoming>sid-C263A3DF-4514-497C-8F16-AB754290E757</incoming>
      </endEvent>
      <sequenceFlow id="sid-5FEAF076-7291-4271-A69D-616A51DB0BBC" name="" sourceRef="sid-850DF14A-27CC-4AA9-A74C-C0F17E993A81" targetRef="sid-2732866F-3D75-4864-958F-61182E33BBE1">
         <extensionElements>
            <signavio:signavioMetaData metaKey="bordercolor" metaValue="#000000"/>
         </extensionElements>
      </sequenceFlow>
      <sequenceFlow id="sid-8C586310-932D-41C4-B7A2-41CDDDF6ECB8" name="" sourceRef="sid-2732866F-3D75-4864-958F-61182E33BBE1" targetRef="sid-51E5C75C-CD3B-40E0-A3AB-76A17B61396B">
         <extensionElements>
            <signavio:signavioMetaData metaKey="bordercolor" metaValue="#000000"/>
         </extensionElements>
      </sequenceFlow>
      <sequenceFlow id="sid-963C5051-1F1D-43D2-B76B-51BCB9167283" name="" sourceRef="sid-51E5C75C-CD3B-40E0-A3AB-76A17B61396B" targetRef="sid-E0E5680F-4BF2-42AD-9930-4802EA43197F">
         <extensionElements>
            <signavio:signavioMetaData metaKey="bordercolor" metaValue="#000000"/>
         </extensionElements>
      </sequenceFlow>
      <sequenceFlow id="sid-853D28D8-734B-44DB-9359-EC03BD5D764B" name="" sourceRef="sid-E0E5680F-4BF2-42AD-9930-4802EA43197F" targetRef="sid-915F0B8B-3013-4BF1-8B11-5F1504433FDF">
         <extensionElements>
            <signavio:signavioMetaData metaKey="bordercolor" metaValue="#000000"/>
         </extensionElements>
      </sequenceFlow>
      <sequenceFlow id="sid-C7A4D0F5-3083-415D-BE51-AC638E3B1EED" name="" sourceRef="sid-915F0B8B-3013-4BF1-8B11-5F1504433FDF" targetRef="sid-611FCF5A-55F1-42B5-9937-43C45A101271">
         <extensionElements>
            <signavio:signavioMetaData metaKey="bordercolor" metaValue="#000000"/>
         </extensionElements>
      </sequenceFlow>
      <sequenceFlow id="sid-4C7D81F1-DA7F-4404-BB80-87D8D030751A" name="Use preset" sourceRef="sid-2732866F-3D75-4864-958F-61182E33BBE1" targetRef="sid-E0E5680F-4BF2-42AD-9930-4802EA43197F">
         <extensionElements>
            <signavio:signavioMetaData metaKey="bordercolor" metaValue="#000000"/>
         </extensionElements>
      </sequenceFlow>
      <sequenceFlow id="sid-835B0189-F8DD-4960-802B-A7050A6795E4" name="" sourceRef="sid-E0E5680F-4BF2-42AD-9930-4802EA43197F" targetRef="sid-611FCF5A-55F1-42B5-9937-43C45A101271">
         <extensionElements>
            <signavio:signavioMetaData metaKey="bordercolor" metaValue="#000000"/>
         </extensionElements>
      </sequenceFlow>
      <sequenceFlow id="sid-14A42A00-D7AE-4B87-A292-FB416A9CB932" name="" sourceRef="sid-4A8151A3-96D0-4E3D-9DFE-ED347BDC130B" targetRef="sid-611FCF5A-55F1-42B5-9937-43C45A101271">
         <extensionElements>
            <signavio:signavioMetaData metaKey="bordercolor" metaValue="#000000"/>
         </extensionElements>
      </sequenceFlow>
      <sequenceFlow id="sid-C263A3DF-4514-497C-8F16-AB754290E757" name="" sourceRef="sid-8C644E3D-EF56-48C4-8044-D991A3B81D97" targetRef="sid-3E466F3C-1299-4FC9-9AE9-DB0DBF8DE154">
         <extensionElements>
            <signavio:signavioMetaData metaKey="bordercolor" metaValue="#FF6600"/>
         </extensionElements>
      </sequenceFlow>
      <dataObjectReference dataObjectRef="sid-005b8f24-c363-4e8c-ba13-e63ee3418d17" id="sid-D3B6047A-43BF-49B6-A0DD-7F11BF698844" name="Rules">
         <extensionElements>
            <signavio:signavioMetaData metaKey="bgcolor" metaValue="#ffffff"/>
            <signavio:signavioMetaData metaKey="bordercolor" metaValue="#000000"/>
         </extensionElements>
      </dataObjectReference>
      <association associationDirection="None" id="sid-3C9CD306-7198-4A0E-92E7-5FB995077054" sourceRef="sid-14A42A00-D7AE-4B87-A292-FB416A9CB932" targetRef="sid-B1BA2ADE-963D-458F-8B05-A1654E970982">
         <extensionElements>
            <signavio:signavioMetaData metaKey="bordercolor" metaValue="#000000"/>
         </extensionElements>
      </association>
      <textAnnotation id="sid-B1BA2ADE-963D-458F-8B05-A1654E970982" signavio:alignment="left" textFormat="text/plain">
         <extensionElements>
            <signavio:signavioMetaData metaKey="bordercolor" metaValue="#000000"/>
         </extensionElements>
         <text>If we have cancelled the special rules, we have reached our aim anyway</text>
      </textAnnotation>
   </process>
   <bpmndi:BPMNDiagram id="sid-cb698977-8042-4e07-98c2-8c2e1edd5d90">
      <bpmndi:BPMNPlane bpmnElement="sid-e26f708a-78f2-480f-82e4-003c5f854475" id="sid-c753a9c6-92f6-470a-b9d8-893cd38d021a">
         <bpmndi:BPMNShape bpmnElement="sid-850DF14A-27CC-4AA9-A74C-C0F17E993A81" id="sid-850DF14A-27CC-4AA9-A74C-C0F17E993A81_gui">
            <omgdc:Bounds height="30.0" width="30.0" x="45.0" y="240.0"/>
         </bpmndi:BPMNShape>
         <bpmndi:BPMNShape bpmnElement="sid-2732866F-3D75-4864-958F-61182E33BBE1" id="sid-2732866F-3D75-4864-958F-61182E33BBE1_gui" isMarkerVisible="true">
            <omgdc:Bounds height="40.0" width="40.0" x="120.0" y="235.0"/>
         </bpmndi:BPMNShape>
         <bpmndi:BPMNShape bpmnElement="sid-51E5C75C-CD3B-40E0-A3AB-76A17B61396B" id="sid-51E5C75C-CD3B-40E0-A3AB-76A17B61396B_gui">
            <omgdc:Bounds height="80.0" width="100.0" x="205.0" y="215.0"/>
            <bpmndi:BPMNLabel labelStyle="sid-fbc2dec4-9919-489b-8f39-36c9f3c95080">
               <omgdc:Bounds height="24.0" width="91.80000305175781" x="209.0999984741211" y="241.0"/>
            </bpmndi:BPMNLabel>
         </bpmndi:BPMNShape>
         <bpmndi:BPMNShape bpmnElement="sid-E0E5680F-4BF2-42AD-9930-4802EA43197F" id="sid-E0E5680F-4BF2-42AD-9930-4802EA43197F_gui" isMarkerVisible="true">
            <omgdc:Bounds height="40.0" width="40.0" x="350.0" y="235.0"/>
         </bpmndi:BPMNShape>
         <bpmndi:BPMNShape bpmnElement="sid-915F0B8B-3013-4BF1-8B11-5F1504433FDF" id="sid-915F0B8B-3013-4BF1-8B11-5F1504433FDF_gui">
            <omgdc:Bounds height="80.0" width="100.0" x="435.0" y="215.0"/>
            <bpmndi:BPMNLabel labelStyle="sid-fbc2dec4-9919-489b-8f39-36c9f3c95080">
               <omgdc:Bounds height="24.0" width="68.65714263916016" x="450.6714286804199" y="241.0"/>
            </bpmndi:BPMNLabel>
         </bpmndi:BPMNShape>
         <bpmndi:BPMNShape bpmnElement="sid-611FCF5A-55F1-42B5-9937-43C45A101271" id="sid-611FCF5A-55F1-42B5-9937-43C45A101271_gui">
            <omgdc:Bounds height="28.0" width="28.0" x="630.0" y="241.0"/>
            <bpmndi:BPMNLabel labelStyle="sid-cbb79450-d8a5-4d4c-942e-da39b36180f5">
               <omgdc:Bounds height="11.0" width="169.7142791748047" x="559.1428604125977" y="271.0"/>
            </bpmndi:BPMNLabel>
         </bpmndi:BPMNShape>
         <bpmndi:BPMNShape bpmnElement="sid-8C644E3D-EF56-48C4-8044-D991A3B81D97" id="sid-8C644E3D-EF56-48C4-8044-D991A3B81D97_gui">
            <omgdc:Bounds height="30.0" width="30.0" x="193.33333333333334" y="280.0"/>
            <bpmndi:BPMNLabel labelStyle="sid-cbb79450-d8a5-4d4c-942e-da39b36180f5">
               <omgdc:Bounds height="11.0" width="45.96428680419922" x="185.35118993123373" y="312.0"/>
            </bpmndi:BPMNLabel>
         </bpmndi:BPMNShape>
         <bpmndi:BPMNShape bpmnElement="sid-4A8151A3-96D0-4E3D-9DFE-ED347BDC130B" id="sid-4A8151A3-96D0-4E3D-9DFE-ED347BDC130B_gui">
            <omgdc:Bounds height="30.0" width="30.0" x="434.001526047807" y="280.0"/>
            <bpmndi:BPMNLabel labelStyle="sid-cbb79450-d8a5-4d4c-942e-da39b36180f5">
               <omgdc:Bounds height="11.0" width="45.96428680419922" x="426.01938264570737" y="312.0"/>
            </bpmndi:BPMNLabel>
         </bpmndi:BPMNShape>
         <bpmndi:BPMNShape bpmnElement="sid-3E466F3C-1299-4FC9-9AE9-DB0DBF8DE154" id="sid-3E466F3C-1299-4FC9-9AE9-DB0DBF8DE154_gui">
            <omgdc:Bounds height="28.0" width="28.0" x="195.6277062882597" y="405.0"/>
            <bpmndi:BPMNLabel labelStyle="sid-cbb79450-d8a5-4d4c-942e-da39b36180f5">
               <omgdc:Bounds height="11.0" width="186.68571472167966" x="116.28484892741986" y="435.0"/>
            </bpmndi:BPMNLabel>
         </bpmndi:BPMNShape>
         <bpmndi:BPMNShape bpmnElement="sid-D3B6047A-43BF-49B6-A0DD-7F11BF698844" id="sid-D3B6047A-43BF-49B6-A0DD-7F11BF698844_gui">
            <omgdc:Bounds height="74.0" width="64.0" x="223.0" y="57.0"/>
            <bpmndi:BPMNLabel labelStyle="sid-fbc2dec4-9919-489b-8f39-36c9f3c95080">
               <omgdc:Bounds height="12.0" width="29.314285278320312" x="240.34285736083984" y="86.0"/>
            </bpmndi:BPMNLabel>
         </bpmndi:BPMNShape>
         <bpmndi:BPMNShape bpmnElement="sid-B1BA2ADE-963D-458F-8B05-A1654E970982" id="sid-B1BA2ADE-963D-458F-8B05-A1654E970982_gui">
            <omgdc:Bounds height="79.09375" width="144.0" x="572.0" y="379.0"/>
         </bpmndi:BPMNShape>
         <bpmndi:BPMNEdge bpmnElement="sid-5FEAF076-7291-4271-A69D-616A51DB0BBC" id="sid-5FEAF076-7291-4271-A69D-616A51DB0BBC_gui">
            <omgdi:waypoint x="75.0" y="255.09316770186336"/>
            <omgdi:waypoint x="120.0" y="255.37267080745343"/>
         </bpmndi:BPMNEdge>
         <bpmndi:BPMNEdge bpmnElement="sid-8C586310-932D-41C4-B7A2-41CDDDF6ECB8" id="sid-8C586310-932D-41C4-B7A2-41CDDDF6ECB8_gui">
            <omgdi:waypoint x="160.0" y="255.41484716157206"/>
            <omgdi:waypoint x="205.0" y="255.2183406113537"/>
         </bpmndi:BPMNEdge>
         <bpmndi:BPMNEdge bpmnElement="sid-963C5051-1F1D-43D2-B76B-51BCB9167283" id="sid-963C5051-1F1D-43D2-B76B-51BCB9167283_gui">
            <omgdi:waypoint x="305.0" y="255.21645021645023"/>
            <omgdi:waypoint x="350.0" y="255.4112554112554"/>
         </bpmndi:BPMNEdge>
         <bpmndi:BPMNEdge bpmnElement="sid-853D28D8-734B-44DB-9359-EC03BD5D764B" id="sid-853D28D8-734B-44DB-9359-EC03BD5D764B_gui">
            <omgdi:waypoint x="390.0" y="255.41484716157206"/>
            <omgdi:waypoint x="435.0" y="255.2183406113537"/>
         </bpmndi:BPMNEdge>
         <bpmndi:BPMNEdge bpmnElement="sid-C7A4D0F5-3083-415D-BE51-AC638E3B1EED" id="sid-C7A4D0F5-3083-415D-BE51-AC638E3B1EED_gui">
            <omgdi:waypoint x="535.0" y="255.0"/>
            <omgdi:waypoint x="630.0" y="255.0"/>
         </bpmndi:BPMNEdge>
         <bpmndi:BPMNEdge bpmnElement="sid-4C7D81F1-DA7F-4404-BB80-87D8D030751A" id="sid-4C7D81F1-DA7F-4404-BB80-87D8D030751A_gui">
            <omgdi:waypoint x="140.5" y="275.0"/>
            <omgdi:waypoint x="140.5" y="340.0"/>
            <omgdi:waypoint x="370.5" y="340.0"/>
            <omgdi:waypoint x="370.5" y="275.0"/>
            <bpmndi:BPMNLabel labelStyle="sid-cbb79450-d8a5-4d4c-942e-da39b36180f5">
               <omgdc:Bounds height="58.628570556640625" width="12.0" x="120.5" y="283.0"/>
            </bpmndi:BPMNLabel>
         </bpmndi:BPMNEdge>
         <bpmndi:BPMNEdge bpmnElement="sid-835B0189-F8DD-4960-802B-A7050A6795E4" id="sid-835B0189-F8DD-4960-802B-A7050A6795E4_gui">
            <omgdi:waypoint x="370.5" y="235.0"/>
            <omgdi:waypoint x="370.5" y="169.0"/>
            <omgdi:waypoint x="644.0" y="169.0"/>
            <omgdi:waypoint x="644.0" y="241.0"/>
         </bpmndi:BPMNEdge>
         <bpmndi:BPMNEdge bpmnElement="sid-3C9CD306-7198-4A0E-92E7-5FB995077054" id="sid-3C9CD306-7198-4A0E-92E7-5FB995077054_gui">
            <omgdi:waypoint x="559.2468911690893" y="361.0"/>
            <omgdi:waypoint x="572.0" y="411.2869205207185"/>
         </bpmndi:BPMNEdge>
         <bpmndi:BPMNEdge bpmnElement="sid-14A42A00-D7AE-4B87-A292-FB416A9CB932" id="sid-14A42A00-D7AE-4B87-A292-FB416A9CB932_gui">
            <omgdi:waypoint x="448.95504133666816" y="310.0"/>
            <omgdi:waypoint x="448.7969933187961" y="361.0"/>
            <omgdi:waypoint x="644.0" y="361.0"/>
            <omgdi:waypoint x="644.0" y="269.0"/>
         </bpmndi:BPMNEdge>
         <bpmndi:BPMNEdge bpmnElement="sid-C263A3DF-4514-497C-8F16-AB754290E757" id="sid-C263A3DF-4514-497C-8F16-AB754290E757_gui">
            <omgdi:waypoint x="208.48991070691315" y="310.0"/>
            <omgdi:waypoint x="209.48156740625188" y="405.0"/>
         </bpmndi:BPMNEdge>
         <bpmndi:BPMNEdge bpmnElement="sid-AB42E2C4-324D-42BB-A2C9-8E328372C357" id="sid-AB42E2C4-324D-42BB-A2C9-8E328372C357_gui">
            <omgdi:waypoint x="255.0" y="215.0"/>
            <omgdi:waypoint x="255.0" y="131.0"/>
         </bpmndi:BPMNEdge>
         <bpmndi:BPMNEdge bpmnElement="sid-2B7B4CC3-A8CA-4140-A3E6-D3F2CBA65A16" id="sid-2B7B4CC3-A8CA-4140-A3E6-D3F2CBA65A16_gui">
            <omgdi:waypoint x="255.0" y="131.0"/>
            <omgdi:waypoint x="255.0" y="215.0"/>
         </bpmndi:BPMNEdge>
      </bpmndi:BPMNPlane>
      <bpmndi:BPMNLabelStyle id="sid-cbb79450-d8a5-4d4c-942e-da39b36180f5">
         <omgdc:Font isBold="false" isItalic="false" isStrikeThrough="false" isUnderline="false" name="Arial" size="11.0"/>
      </bpmndi:BPMNLabelStyle>
      <bpmndi:BPMNLabelStyle id="sid-fbc2dec4-9919-489b-8f39-36c9f3c95080">
         <omgdc:Font isBold="false" isItalic="false" isStrikeThrough="false" isUnderline="false" name="Arial" size="12.0"/>
      </bpmndi:BPMNLabelStyle>
   </bpmndi:BPMNDiagram>
</definitions>
